grid_m,normalized_grid,T_K,P_Pa,mixture_fraction,heat_release_rate_W_kg,Y_H2O,X_H2O,Y_NH3,X_NH3,Y_NO,X_NO,Y_N2O,X_N2O,Y_N2,X_N2,Y_O2,X_O2,Y_H2,X_H2,Y_NO2,X_NO2,Y_AR,X_AR,Y_HE,X_HE,Y_H,X_H,Y_O,X_O,Y_OH,X_OH,Y_HO2,X_HO2,Y_H2O2,X_H2O2,Y_OHV,X_OHV,Y_NH2,X_NH2,Y_NH,X_NH,Y_N,X_N,Y_N2H4,X_N2H4,Y_N2H3,X_N2H3,Y_N2H2,X_N2H2,Y_H2NN,X_H2NN,Y_NNH,X_NNH,Y_NO3,X_NO3,Y_HNO,X_HNO,Y_HON,X_HON,Y_H2NO,X_H2NO,Y_HNOH,X_HNOH,Y_NH2OH,X_NH2OH,Y_HONO,X_HONO,Y_HNO2,X_HNO2,Y_HONO2,X_HONO2,Y_t-ONNH,X_t-ONNH,Y_c-ONNH,X_c-ONNH,Y_ONHN,X_ONHN,Y_H2NNO2,X_H2NNO2,Y_t-HNN(O)OH,X_t-HNN(O)OH,Y_c-HNN(O)OH,X_c-HNN(O)OH,Y_CO,X_CO,Y_CO2,X_CO2,Y_CH4,X_CH4,Y_C2H6,X_C2H6
0.0,0.0,293.5,99997.6425,0.9999991089966918,929.280286672843,1.362053645660315e-13,1.4831543261867744e-13,0.18942327951625784,0.21818234177568938,1.796175808344965e-15,1.1742677517623368e-15,2.0247752780072733e-17,9.024481398794558e-18,0.6296559213706372,0.44091468536153505,0.15569583050476948,0.09545101363824023,0.025224968608250273,0.245451959224351,3.569917046859067e-17,1.5222272283636033e-17,1.0208402419384189e-17,5.012650146810058e-18,-6.798788610787935e-19,0.0,-7.69577208008214e-16,0.0,4.018499251716223e-16,4.927168898965131e-16,3.6143006282862166e-18,4.168914208070468e-18,-5.131204268679426e-15,0.0,-1.904988779449782e-14,0.0,7.35973219701679e-15,8.48908136849851e-15,6.286841564666699e-15,7.696886447951336e-15,5.112242399538505e-16,6.679016214010138e-16,3.6866468878494064e-15,5.163127026763495e-15,-7.453262085067952e-14,0.0,-1.150858996183714e-16,0.0,4.2072554444368725e-16,2.7483367506608243e-16,3.8130195128378297e-16,2.490807082316743e-16,-2.6941752902918078e-28,0.0,1.2371721667278372e-17,3.914144275051701e-18,-1.2970442727891316e-16,0.0,1.836505223286766e-16,1.1616111757855348e-16,9.733424620306783e-17,5.962708975284728e-17,-4.714912888602527e-18,0.0,1.5589042837533603e-18,9.258428417692033e-19,2.757980014276303e-14,1.1507991853147416e-14,4.2873669667569453e-19,1.7889536497543795e-19,-8.416033806230186e-17,0.0,-9.551384522613393e-17,0.0,-1.2120512805608826e-17,0.0,-7.850349592827967e-38,0.0,-3.530322497336714e-17,0.0,-2.2276078262784645e-17,0.0,5.618628776741528e-18,1.776924426049956e-18,-6.483889020973642e-20,0.0,-8.458562535460193e-17,0.0,-5.037209130283478e-18,0.0,2.733777748607319e-16,1.783430429888738e-16
0.00025,0.025,293.5000079507302,99997.6425,0.9999975307040817,0.0005153743765238658,9.876299515321979e-13,1.0754415892197263e-12,0.18942333126781652,0.21818262510730066,1.2753733015696632e-14,8.337888018502432e-15,1.4604101132704008e-16,6.509096371876207e-17,0.6296559744532446,0.44091517464374697,0.15569584170030262,0.09545111837667866,0.025224852577712117,0.24545108187113746,1.1395773368178207e-16,4.8592093511046134e-17,1.0208404197572435e-17,5.012656159898882e-18,-6.798814753465353e-19,0.0,-9.04725278754596e-19,0.0,6.502329444863559e-16,7.972655027749895e-16,2.1175575229496575e-17,2.4424987304136456e-17,-4.511769726330293e-14,0.0,-1.9060840996987624e-14,0.0,3.44088948843754e-21,3.968897239351242e-21,2.6473023489854587e-14,3.241056142000582e-14,5.75363326234295e-17,7.51698496467781e-17,3.398689903952063e-15,4.759849865197261e-15,-7.441588147338041e-14,0.0,-7.389700254884156e-17,0.0,2.323194441037017e-15,1.5175991314561998e-15,3.4497669792453643e-16,2.2535192401252926e-16,-1.6593032185256804e-27,0.0,1.2371721188764841e-17,3.914148137199975e-18,-7.457734092892524e-17,0.0,1.3367868233710335e-16,8.455342714192898e-17,1.1303244051083504e-15,6.9243895639845e-16,-4.6762326391085495e-18,0.0,1.1633711279557639e-17,6.90933976392747e-18,2.757981807934569e-14,1.1508011137627308e-14,5.873900567163304e-17,2.4509557297933547e-17,-8.41601903669307e-17,0.0,-9.725598269133438e-17,0.0,-1.0354440452564275e-17,0.0,-6.321763125666186e-37,0.0,-3.5530240121910485e-17,0.0,-2.195341078846852e-17,0.0,5.618719856796023e-18,1.776955052730387e-18,-6.483889658266961e-20,0.0,-8.458563014758197e-17,0.0,-5.037208804189211e-18,0.0,2.7337778373519123e-16,1.7834323165016852e-16
0.0005,0.05,293.50004246308134,99997.6425,0.99999317065183,1.813047582644761e-05,6.6828132756719075e-12,7.277012687446102e-12,0.18942347421239872,0.21818340778904413,7.023267883022428e-14,4.591548759726738e-14,1.1512340307259229e-15,5.131102839467964e-16,0.6296561211057436,0.4409165262935644,0.15569587262947168,0.09545140771740748,0.025224532045632554,0.2454486581925296,-2.4104748519392795e-16,0.0,1.0208408989761694e-17,5.0126727121038394e-18,-6.798873933603259e-19,0.0,1.166240465074312e-20,2.2696330442481617e-19,8.53631106968192e-16,1.0466596121708541e-15,4.564471299881519e-19,5.264908657499112e-19,-4.411606554493004e-14,0.0,-1.9063812290144708e-14,0.0,1.590044026556966e-27,1.8340429835634675e-27,8.11316794841351e-14,9.93286894692691e-14,6.410735578425223e-18,8.375497231366133e-18,3.1290061249516987e-15,4.382171363449023e-15,-7.345782818509285e-14,0.0,2.3393490790474184e-16,1.478527393733009e-16,1.406252718947183e-14,9.18620461728393e-15,3.123570296755668e-16,2.04044091761472e-16,5.74542260635206e-28,3.883494665984088e-28,1.237171926175584e-17,3.914158614928428e-18,2.945970243183973e-16,1.8633680520595417e-16,9.691620282969583e-17,6.130087583118201e-17,7.547228294274841e-15,4.6234600116230975e-15,-4.435948822071992e-18,0.0,7.454925391362215e-17,4.427543121154054e-17,2.757997886347234e-14,1.1508110825047458e-14,5.915357349977826e-16,2.4682610632259647e-16,-8.415869462819325e-17,0.0,-9.859311194324527e-17,0.0,-8.825392431462043e-18,0.0,-5.388271354813829e-37,0.0,-3.50533454042011e-17,0.0,-2.163014994938487e-17,0.0,5.619465844740635e-18,1.7771960102034833e-18,-6.483892552151577e-20,0.0,-8.458564381892243e-17,0.0,-5.037210608894999e-18,0.0,2.733778066883841e-16,1.7834375180734255e-16
0.00075,0.075,293.5001905334302,99997.6425,0.9999812418611774,4.167766141928037e-05,4.470230519894385e-11,4.867736830023821e-11,0.18942386517929802,0.21818554900174822,4.1152560811324034e-13,2.6904207138264227e-13,9.077429826593255e-15,4.045883432935335e-15,0.6296565224023121,0.4409202243275774,0.1556959572578641,0.09545219933165694,0.025223655115052594,0.24544202728958212,4.868454004639008e-16,2.0759527948342688e-16,1.0208421983195448e-17,5.012717939681732e-18,-6.798998989660176e-19,0.0,4.6422592756931763e-20,9.03442044884322e-19,1.0180850297348012e-15,1.2483105779538629e-15,3.005193417938998e-19,3.46637987671732e-19,-4.017114486165185e-14,0.0,-1.8991028697168517e-14,0.0,7.203806177212318e-34,8.30932499033165e-34,3.0942142105953817e-13,3.788244324444205e-13,7.031221648054996e-19,9.186221005802087e-19,2.8742976245736126e-15,4.025483444770766e-15,-7.138835618945307e-14,0.0,2.504467944125748e-15,1.5828989321356872e-15,8.55841785675191e-14,5.590743815754557e-14,2.870402073581112e-16,1.875075850490557e-16,1.2548623597790063e-26,8.482037582721582e-27,1.2371710800873112e-17,3.914186272085121e-18,2.735154044028552e-15,1.7300372169821025e-15,6.984561250822461e-17,4.417868505284006e-17,4.690370550250765e-14,2.873360642321039e-14,-2.962220527160993e-18,0.0,4.624625356275015e-16,2.746625323847906e-16,2.75814183835828e-14,1.1508800674296439e-14,4.1807738597888996e-16,1.7444966878592134e-16,-8.414363007964246e-17,0.0,-9.840721276262167e-17,0.0,-7.492847168286508e-18,0.0,-4.5746885529826794e-37,0.0,-2.8776171587692595e-17,0.0,-2.1302892063534175e-17,0.0,5.625604438554537e-18,1.779151172119039e-18,-6.483901586296268e-20,0.0,-8.458568165178479e-17,0.0,-5.037218200950332e-18,0.0,2.733778679500969e-16,1.7834517390511661e-16
0.001,0.1,293.5008133713971,99997.6425,0.999949134006253,0.00013341062986403884,2.930011980542098e-10,3.1906239892369867e-10,0.18942491681185172,0.21819131150065674,2.412963409096913e-12,1.5775499810326567e-12,7.018230279655576e-14,3.128146893292488e-14,0.6296576029209949,0.4409301782002548,0.15569618509351932,0.09545433006440467,0.025221294876137564,0.24542417991193935,4.821661997063661e-15,2.0560431462426184e-15,1.0208456850187327e-17,5.012839622040702e-18,-6.79924066439352e-19,0.0,1.8204627034618407e-19,3.542923297567154e-18,1.1483545749184351e-15,1.4080681111023067e-15,3.091431686902465e-19,3.5659269230168164e-19,-2.5069558358877758e-14,0.0,-1.8225697928001302e-14,0.0,3.177241233016575e-40,3.6649071372769453e-40,1.242450800557657e-12,1.521163387905066e-12,7.633331835760667e-20,9.973079990612345e-20,2.6316599925376597e-15,3.685743820416341e-15,-6.069313903865405e-14,0.0,1.8881564944325908e-14,1.1933964851674132e-14,5.120168389350428e-13,3.344794253092238e-13,2.9545629083848e-16,1.9300937556896836e-16,2.9417504941642226e-25,1.9884697739300473e-25,1.2371671978327005e-17,3.91425563564732e-18,1.8519274991417393e-14,1.171403977901998e-14,5.0350192919875614e-17,3.18481238071195e-17,2.831218984749026e-13,1.734464858352526e-13,5.883138666033197e-18,3.604135648996463e-18,2.802959701388673e-15,1.6647490536685153e-15,2.759409370632172e-14,1.1514329835327971e-14,6.45136434705035e-17,2.6919940828785023e-17,-8.399509148622501e-17,0.0,-8.783060734656878e-17,0.0,-6.324320065753956e-18,0.0,-3.8612689886455345e-37,0.0,2.4176508703720337e-17,7.646211441982789e-18,-2.0967901151525914e-17,0.0,5.675107333890564e-18,1.7948443740430166e-18,-6.483926944200812e-20,0.0,-8.458578390950979e-17,0.0,-5.037241052429178e-18,0.0,2.7337803145165003e-16,1.7834900069936874e-16
0.00125,0.125,293.5033600656814,99997.6425,0.9998647026087943,0.0005287005405826716,1.8641330344533153e-09,2.0300510196377404e-09,0.18942767816869213,0.21820646001718677,1.3805323958572678e-11,9.026155559273789e-12,5.261886148917403e-13,2.3454425076660277e-13,0.6296604463601355,0.44095635419576706,0.1556967844831239,0.09545993316200986,0.025215089099624697,0.24537725057648255,3.662262312658184e-14,1.561739984024188e-14,1.0208548488882923e-17,5.013159574229757e-18,-6.799644193305581e-19,0.0,6.879215415481611e-19,1.3388832045010358e-17,1.2492394217479376e-15,1.5318532376798294e-15,3.301322312294121e-19,3.808241943642199e-19,2.74327499664704e-14,1.6305749511889365e-14,-1.1360860646616137e-14,0.0,1.950988714437754e-42,2.2505639713595128e-42,4.944967802931239e-12,6.0545790263514205e-12,9.379571151059154e-21,1.225524399564541e-20,2.398279163469565e-15,3.359068978782108e-15,1.5778400723571035e-14,9.659473822425375e-15,1.3326852661759723e-13,8.423608692965917e-14,2.9767634586454925e-12,1.9447031167785507e-12,5.081372769320299e-16,3.319632748551445e-16,6.701415989815365e-24,4.5300558502609215e-24,1.2371509880544561e-17,3.914419041132035e-18,1.1743074072563642e-13,7.428281176434979e-14,3.997131172271545e-17,2.5284532877211217e-17,1.657483751120148e-12,1.0154654297176068e-12,5.734718452694874e-17,3.5134029723909856e-17,1.649152602572383e-14,9.795273966232386e-15,2.770214002320174e-14,1.1560048905190589e-14,2.4150464909673187e-18,1.007794181984083e-18,-8.257806535754102e-17,0.0,-9.26149669234567e-19,0.0,-5.288341505779605e-18,0.0,-3.2289012169475464e-37,0.0,4.3993832245796014e-16,1.3914523315245556e-16,-2.062128761986535e-17,0.0,6.061616307374099e-18,1.9171892315675542e-18,-6.483994259362141e-20,0.0,-8.4586053206204e-17,0.0,-5.037302307335832e-18,0.0,2.733784610415855e-16,1.7835906329270986e-16
0.001375,0.13749999999999998,293.50743899173796,99997.6425,0.9997734105357549,0.0012179558324675443,5.634651814309583e-09,6.1365303588877825e-09,0.1894306556571854,0.21822282946238153,3.856796732358222e-11,2.521788817607205e-11,1.8051406191225458e-12,8.046743094295667e-13,0.6296635249667977,0.44098465851488805,0.15569743308844547,0.09546599152193277,0.02520838058736188,0.24532651431594396,1.3259224297631017e-13,5.654616437606182e-14,1.0208647625177922e-17,5.0135055351873286e-18,-6.799878117591711e-19,0.0,1.387079801815329e-18,2.699796217992732e-17,1.2923763635914445e-15,1.5848429678308319e-15,3.552557558378024e-19,4.0982974928265017e-19,8.767912638989295e-14,5.2118677571210503e-14,1.130011093638577e-14,6.518010694863343e-15,4.067072686682357e-42,4.691851861953651e-42,1.0715165694396878e-11,1.3120341148030215e-11,3.0337991046680953e-21,3.9641634347605914e-21,2.2837667545440426e-15,3.198870706170772e-15,2.3388969400261437e-13,1.4319482609248746e-13,4.345835212025042e-13,2.747069168539758e-13,8.410477519592601e-12,5.494844302766131e-12,1.0828167042229816e-15,7.074401167209658e-16,4.0606086857069064e-23,2.745072824961043e-23,1.2371329839563562e-17,3.914594192385203e-18,3.5265554671219773e-13,2.2309149069667395e-13,4.7543994172021134e-17,3.007654532133666e-17,4.706120148901256e-12,2.8833982231388164e-12,1.7150619677435037e-16,1.0508033101363006e-16,4.700410357323126e-14,2.7920119314288988e-14,2.8046071207035798e-14,1.170426472484041e-14,8.594480441155053e-20,3.586672568616556e-20,-7.755340614648737e-17,0.0,2.459981923422677e-16,1.072029774397889e-16,-4.793886460671076e-18,0.0,-2.9272807553869726e-37,0.0,1.658159262865431e-15,5.244795172143426e-16,-2.044339859505047e-17,0.0,7.193311525835293e-18,2.2752606705117448e-18,-6.484067278955074e-20,0.0,-8.458634461200721e-17,0.0,-5.037369520104637e-18,0.0,2.7337892587782515e-16,1.7836994307435243e-16
0.0015,0.15,293.5173301125755,99997.6425,0.9996134740124976,0.0031138550061131838,1.8668437493726653e-08,2.0333347323069532e-08,0.18943584870047803,0.2182514785983272,1.1692351033321686e-10,7.645905325199095e-11,6.895707072558137e-12,3.074206300178104e-12,0.629668929645378,0.4410342478534997,0.15569857069125995,0.09547660488832595,0.025196632100967353,0.24523764818840388,5.425300546331119e-13,2.3139498505021216e-13,1.0208821295149822e-17,5.0141115721130625e-18,-6.800022328760965e-19,0.0,2.7122280947826815e-18,5.2795979768223396e-17,1.3315839156909316e-15,1.6330928515223637e-15,4.641616458751897e-19,5.355212580651413e-19,2.1241274680341028e-13,1.2627659280655482e-13,1.1590681956345394e-13,6.686309218194281e-14,8.193940080887133e-42,9.453665850295135e-42,2.43711417721729e-11,2.9844700084954663e-11,2.7031979539629727e-21,3.532544887527051e-21,2.170775223705929e-15,3.040919356098277e-15,1.1210314431714655e-12,6.8640294984984e-13,1.5674562522496161e-12,9.90916078448658e-13,2.5821304122233226e-11,1.687166782080318e-11,3.0745551544742653e-15,2.0089176370593647e-15,2.8031897425333017e-22,1.895223064809229e-22,1.2371152932651842e-17,3.914944806250535e-18,1.1591674431122138e-12,7.333707220116899e-13,9.594127891438061e-17,6.069919010083251e-17,1.4528423099774911e-11,8.902360998912966e-12,5.393132396929205e-16,3.3046677662588444e-16,1.4573918465577468e-13,8.657708063391779e-14,2.9583203698681655e-14,1.2347027463321053e-14,1.3255067890859571e-21,5.53221648823388e-22,-5.273669234038928e-17,0.0,1.233097026079658e-15,5.374242866162315e-16,-4.2858157918578675e-18,0.0,-2.617702159773508e-37,0.0,6.701955463044313e-15,2.1200638208172986e-15,-2.0260268576282453e-17,0.0,1.1878291433159717e-17,3.757520631019966e-18,-6.484196270267329e-20,0.0,-8.458685625820785e-17,0.0,-5.037489419614312e-18,0.0,2.733797407933515e-16,1.7838900159449852e-16
0.0016250000000000001,0.1625,293.5408399564584,99997.6425,0.9993373131433798,0.00844780675099622,6.262999218995962e-08,6.822776136385532e-08,0.18944474414402127,0.21830085802290344,3.5907405287978063e-10,2.348491265988274e-10,2.663994041001808e-11,1.1878601361516966e-11,0.6296782949445884,0.44111987914832,0.15570053848201412,0.09549492922484192,0.025176359213764637,0.24508426496967595,2.248442755113264e-12,9.591572871066435e-13,1.0209121295682594e-17,5.015157895994528e-18,-6.799842656831155e-19,0.0,4.7155983868941855e-18,9.18098565985098e-17,1.3728938740214735e-15,1.6840584446410796e-15,1.1057730990854597e-18,1.2760019536787761e-18,4.72131502134295e-13,2.8072630816122074e-13,5.857987249837736e-13,3.3798991771460263e-13,1.469884781300129e-41,1.6961670112728176e-41,5.606007688846296e-11,6.866301779196021e-11,9.790623195276734e-21,1.279670123761897e-20,2.058903613610601e-15,2.8847216761501085e-15,4.639320133865497e-12,2.8411459506913614e-12,5.720107956359774e-12,3.6167919488825908e-12,8.029966487924894e-11,5.24772938578824e-11,9.733690350762546e-15,6.3611439677452635e-15,1.9825787643478017e-21,1.3406522549862751e-21,1.2372365543571112e-17,3.91603050251218e-18,3.8576712035276635e-12,2.4410712585086473e-12,2.958789921593955e-16,1.8722738814451853e-16,4.542970790999601e-11,2.7842262391516867e-11,1.6964587065427193e-15,1.0396995846311144e-15,4.57699601674913e-13,2.7194745037759514e-13,3.62710828955068e-14,1.5141035833178517e-14,8.687236974118963e-24,3.626408582709912e-24,6.65002160686593e-17,2.0711560546251456e-17,5.0738194436705234e-15,2.2117340389101924e-15,-3.6312752518060665e-18,0.0,-2.2191952700729043e-37,0.0,2.704276571345354e-14,8.556109975537622e-15,-2.0070402330703233e-17,0.0,3.0771411145269887e-17,9.735822905511176e-18,-6.484419890040916e-20,0.0,-8.458774227465177e-17,0.0,-5.0376975289870385e-18,0.0,2.733811531445098e-16,1.78421905685568e-16
0.00175,0.175,293.59549329797926,99997.6425,0.9988680131599816,0.023187182585264216,2.0688235730900946e-07,2.254417957905935e-07,0.18945964866025627,0.2183845067716951,1.0878940439930406e-09,7.117438770668582e-10,1.0102923814037194e-10,4.5062092191541784e-11,0.6296943046580779,0.44126541134882785,0.1557038912061863,0.09552606267768483,0.025141946823742704,0.24482379256034387,9.140552487347753e-12,3.9004315197351394e-12,1.0209631452270533e-17,5.0169356100865064e-18,-6.798859376573084e-19,0.0,6.960211086146355e-18,1.3555237285934522e-16,1.431487065855619e-15,1.756466355669164e-15,5.154009216207353e-18,5.949256923112531e-18,1.0713041478611204e-12,6.371844030691592e-13,2.6332343376312933e-12,1.519767132358612e-12,2.2664125919754402e-41,2.616113056421986e-41,1.28015193404056e-10,1.5684220148399475e-10,5.039731891224846e-20,6.589118864116513e-20,1.947830381019504e-15,2.7299283730540553e-15,1.8189676136872624e-11,1.1142852554162515e-11,2.0515280115515643e-11,1.2975645381944492e-11,2.462891176151781e-10,1.610034329138064e-10,3.1375972897753075e-14,2.051101322081913e-14,1.373159067040329e-20,9.288353951450998e-21,1.238411303393345e-17,3.920942245357931e-18,1.2643047134930943e-11,8.002749447141544e-12,1.0538223476865425e-15,6.67044591412887e-16,1.4008831981641516e-10,8.588132156999082e-11,5.241183883740238e-15,3.2131144060891576e-15,1.4173764800432e-12,8.424068578257767e-13,6.450549290987679e-14,2.6935434053746556e-14,2.628369516649152e-26,1.0975231812195168e-26,6.219252669416082e-16,1.937582406987685e-16,1.958605233844847e-14,8.540376542475506e-15,-2.3212478291942476e-18,0.0,-1.4194769404259232e-37,0.0,1.0669455330114926e-13,3.376756284822829e-14,-1.9871185837605667e-17,0.0,1.0475312946971291e-16,3.3153125192183765e-17,-6.484800131102606e-20,0.0,-8.458925466651972e-17,0.0,-5.03804908453149e-18,0.0,2.733835733589845e-16,1.7847781203596647e-16
0.0018124999999999999,0.18125,293.64881211927053,99997.6425,0.9985153701217676,0.03957644173794484,3.9709204434469807e-07,4.328141093157868e-07,0.1894706200162469,0.21844706678036632,1.9779102469806753e-09,1.294323885404617e-09,2.1210328639849001e-10,9.462609455007284e-11,0.6297064325228395,0.44137476118525515,0.1557064172060183,0.09554944479768693,0.025116129931446646,0.2446282922592271,2.0106380291238012e-11,8.581700382305558e-12,1.0210014888542882e-17,5.018270668108906e-18,-6.797728219265305e-19,0.0,8.034105469833901e-18,1.5650257474223702e-16,1.481414210775315e-15,1.8181435023027916e-15,1.344291393704326e-17,1.5520660411098728e-17,1.7767751191958779e-12,1.0570220789218497e-12,6.123520180372315e-12,3.5349879380754565e-12,2.7123147001057633e-41,3.1315320164603963e-41,1.9684261302827093e-10,2.4122359139405176e-10,1.2724480723214263e-19,1.664022605434333e-19,1.8926565519023192e-15,2.6532072421581807e-15,3.8824499641068155e-11,2.3789018783627047e-11,4.151902393331464e-11,2.6266239298895133e-11,4.5120175650589116e-10,2.9502576127437533e-10,5.973092571387853e-14,3.905605768653538e-14,3.841238675230473e-20,2.5988932749466796e-20,1.241209126839568e-17,3.9306985903358274e-18,2.4148289675559876e-11,1.5288788912611766e-11,2.1876906371059483e-15,1.3850728480643224e-15,2.5749894631970757e-10,1.5789613276471936e-10,9.638152355535196e-15,5.9100318882341995e-15,2.6122055783791e-12,1.5528992102076001e-12,1.1126458016102396e-13,4.647115412070656e-14,3.4970716054731927e-28,1.4605991710380788e-28,1.6287632318729132e-15,5.075504098011355e-16,4.131031842434399e-14,1.801722472860087e-14,-7.030543969266133e-19,0.0,-4.2670385293317244e-38,0.0,2.298602971643168e-13,7.276468872021625e-14,-1.976598409695244e-17,0.0,2.191492970875677e-16,6.937400926803702e-17,-6.485085887278885e-20,0.0,-8.459039774866167e-17,0.0,-5.038312007786158e-18,0.0,2.73385413051709e-16,1.7851980362254093e-16
0.001875,0.1875,293.73515054624954,99997.6425,0.9980470992409047,0.06992315558040861,7.898611678517043e-07,8.611773537676622e-07,0.18948482827204033,0.21852966385242428,3.7029494427351938e-09,2.4239060451529025e-09,4.666987137850209e-10,2.0827240707045797e-10,0.6297226857667964,0.44151993681594937,0.1557097772634596,0.09558046819841982,0.025081912726779756,0.24436906591846935,4.664204843034005e-11,1.9913549809253485e-11,1.0210523529392443e-17,5.020041772466875e-18,-6.795859913435282e-19,0.0,9.017685181276169e-18,1.7571573017575074e-16,1.5612061607646919e-15,1.91665312766669e-15,3.785580152518866e-17,4.372006897543801e-17,3.296662974294984e-12,1.961813683116427e-12,1.508450879091207e-11,8.710630051782928e-12,3.217803376709739e-41,3.716275442894509e-41,3.065103519663397e-10,3.7573133733765584e-10,3.176458598039328e-19,4.1552194652275694e-19,1.8380195168260993e-15,2.5773956672606525e-15,8.692305775769141e-11,5.3276694452985914e-11,8.765285356823442e-11,5.5468757097950595e-11,8.519205383979105e-10,5.572112298525104e-10,1.1726185595910797e-13,7.669685144184654e-14,1.120472345991311e-19,7.583154574864518e-20,1.249572701000122e-17,3.958384025697184e-18,4.777223292982089e-11,3.0254770493416e-11,4.68005709314857e-15,2.9639404433387135e-15,4.879970021378666e-10,2.9932625015710314e-10,1.827063766376587e-14,1.1206793148145467e-14,4.965138193020605e-12,2.9525609465575625e-12,2.2835685836945054e-13,9.540523341226878e-14,6.814129609299256e-28,2.8468758526396765e-28,4.355281013895457e-15,1.35759122403428e-15,9.121242798749561e-14,3.979376063731762e-14,2.853557741876993e-18,1.2449377376576888e-18,1.767503282621797e-37,7.711186305003011e-38,5.206909231410864e-13,1.648801344578216e-13,-1.9652546468320257e-17,0.0,4.892683905493691e-16,1.5492998712766772e-16,-6.485466361839494e-20,0.0,-8.459192611434718e-17,0.0,-5.038660846731395e-18,0.0,2.7338788655022994e-16,1.7857552834379499e-16
0.0019375,0.19375,293.873627030688,99997.6425,0.9974288313720588,0.12920512017753358,1.590057230361294e-06,1.7343152380606438e-06,0.18950291152481602,0.21863781992461143,7.004551122263478e-09,4.586926221168472e-09,1.041769052338112e-09,4.650932433383602e-10,0.6297444154081308,0.4417115453610743,0.1557142158426087,0.09562137388840092,0.025036855433768948,0.24402751885358473,1.0988492906809213e-10,4.6933468139191464e-11,1.0211193493224005e-17,5.022376571897506e-18,-6.792935443619347e-19,0.0,9.923431618592748e-18,1.9344205607643787e-16,1.6932358822655216e-15,2.0795730242513144e-15,1.104538724841728e-16,1.2761531164301462e-16,6.714481546241672e-12,3.997322053433121e-12,3.772859159601231e-11,2.1795279178948884e-11,3.8584842850131273e-41,4.4579847082516914e-41,4.795975231138403e-10,5.881426163682818e-10,7.868421385054173e-19,1.0297026344953847e-18,1.784523273541329e-15,2.503379191946913e-15,1.9737966663126867e-10,1.2102584766983704e-10,1.8755743277617132e-10,1.1873810163065178e-10,1.6256489822426046e-09,1.0637044953893417e-09,2.3243887648940026e-13,1.520908145151627e-13,3.3178557925856946e-19,2.2463618687117203e-19,1.2732745725525965e-17,4.0350777655168415e-18,9.564197089041113e-11,6.059548764651972e-11,1.0082195770985567e-14,6.387735045637799e-15,9.347603247865091e-10,5.73589731584478e-10,3.5003904078039927e-14,2.1479174299697993e-14,9.53967164444601e-12,5.675111560126603e-12,5.170324328570003e-13,2.1609731547552085e-13,2.2001928963668504e-27,9.195859838152314e-28,1.1618681391341203e-14,3.6231234225718354e-15,2.041695436879422e-13,8.910977995916899e-14,1.0889736984122353e-17,4.7528247795446094e-18,6.764626770795554e-37,2.9524207781588698e-37,1.1972001292818714e-12,3.7925256542148827e-13,-1.9523651148990598e-17,0.0,1.1175860929672066e-15,3.5403219768396754e-16,-6.48596917423906e-20,0.0,-8.459396195018715e-17,0.0,-5.0391182087428015e-18,0.0,2.7339120972380996e-16,1.786490326665195e-16
0.002,0.2,294.09351087134195,99997.6425,0.9966172720564191,0.25388352021962335,3.19716791693257e-06,3.4890548211743512e-06,0.18952540048347621,0.2187781207662336,1.3239660381923037e-08,8.674518018642752e-09,2.3206454414485783e-09,1.0365838393074764e-09,0.629773420505875,0.4419629019716568,0.1557200276731222,0.09567495170046154,0.024977931540948635,0.24358052191236326,2.5819513285360185e-10,1.1033660828176964e-10,1.021206869416404e-17,5.0254338113123745e-18,-6.788531436670838e-19,0.0,1.0849720749719893e-17,2.116092470257286e-16,1.9147839016398395e-15,2.3529003949417264e-15,3.2624220710575616e-16,3.7712823479305067e-16,1.451536342673603e-11,8.645928348159849e-12,9.399137882454751e-11,5.4325899607428676e-11,4.806001372231061e-41,5.555623320482681e-41,7.500702717519575e-10,9.203112560886221e-10,1.9264073193834473e-18,2.5223154299639195e-18,1.7334700250006178e-15,2.4330320009845714e-15,4.470540791706303e-10,2.742602370975725e-10,4.006724871883313e-10,2.5378877334440677e-10,3.0996010679068384e-09,2.029210417144878e-09,4.599880046693706e-13,3.0113954356942694e-13,9.809245612723587e-19,6.644845455296412e-19,1.3379055509291713e-17,4.242114256032579e-18,1.9129535001816612e-10,1.2126158605060745e-10,2.1648419354427324e-14,1.3722872334101345e-14,1.7890422091225733e-09,1.0983702148372084e-09,6.700457187937717e-14,4.1136998129474756e-14,1.8313319734250615e-11,1.0900216341625727e-11,1.2170143853666545e-12,5.089256732989786e-13,7.515483040280889e-27,3.1427913362664875e-27,3.063401267673741e-14,9.557784558715262e-15,4.558991062150924e-13,1.990811849349525e-13,2.911887668385761e-17,1.271557762489253e-17,1.8234478194091087e-36,7.962598469841069e-37,2.7459463597532195e-12,8.703238493825033e-13,-1.9363914999089666e-17,0.0,2.555956244832182e-15,8.10106748791521e-16,-6.486628233331526e-20,0.0,-8.459666393070241e-17,0.0,-5.039709748198219e-18,0.0,2.7339567562012337e-16,1.7874538034136581e-16
0.0020625,0.20625000000000002,294.4389953364412,99997.6425,0.9955583253023151,0.5371300166684972,6.3759977994700344e-06,6.962828115393434e-06,0.18955248306967548,0.2189581480818395,2.48482536463572e-08,1.629144283767176e-08,5.1178389751023035e-09,2.2875859884098897e-09,0.6298121115830198,0.44229055580246956,0.15572754630938634,0.09574462201628449,0.024901439498838787,0.24299968349741927,6.00046647903194e-10,2.5659711027805384e-10,1.021320068644176e-17,5.0294079547885445e-18,-6.782096874069265e-19,0.0,1.1987140788628697e-17,2.339520506685256e-16,2.2874531362554606e-15,2.8127501023567194e-15,9.633952828723884e-16,1.1144192006599287e-15,3.2281439466042877e-11,1.9241183397279734e-11,2.3128701969018405e-10,1.337720353153804e-10,6.416941579290885e-41,7.42287515063747e-41,1.1683450189537525e-09,1.4344950729772504e-09,4.6446349601104754e-18,6.085524742329925e-18,1.6874739675859352e-15,2.3700839831416927e-15,1.0019579206741648e-09,6.1510242146824e-10,8.480475178913647e-10,5.375244714759949e-10,5.867475713916923e-09,3.843861674676375e-09,9.034650623026814e-13,5.918720241410361e-13,2.8665502096722656e-18,1.9431395781644358e-18,1.508697164678513e-17,4.786897727361761e-18,3.7962402858164e-10,2.4080621601142363e-10,4.6120690791470835e-14,2.9255653470677425e-14,3.399144257309251e-09,2.088300176559575e-09,1.2732975714164389e-13,7.822638116885053e-14,3.4898665809065585e-11,2.078605310857156e-11,2.8845465635479396e-12,1.2070669831245955e-12,2.639680537809017e-26,1.1046003775604802e-26,7.949769248566253e-14,2.4820072220158234e-14,1.0076329677633477e-12,4.4031047079699983e-13,7.018072475788513e-17,3.0667226011482126e-17,4.454244102570391e-36,1.9463935585602506e-36,6.23163863343759e-12,1.976451970750305e-12,-1.914066094843032e-17,0.0,5.793046478869086e-15,1.837346290969519e-15,-6.487484044612288e-20,0.0,-8.460023668191167e-17,0.0,-5.040462375464644e-18,0.0,2.734016844470223e-16,1.7887083737197136e-16
0.002125,0.21250000000000002,294.97580246191455,99997.6425,0.9941849975454405,1.2215914464757727,1.2561419852092888e-05,1.3729574092418088e-05,0.18958358526068783,0.219186187677644,4.6134104575635294e-08,3.027377582586874e-08,1.1127872408249942e-08,4.978330963559205e-09,0.629863739363569,0.44271484282646273,0.1557371024989356,0.09583449444833507,0.024802928185487596,0.24225069290827622,1.3735537790322665e-09,5.878861556741222e-10,1.0214646731436916e-17,5.034532718579991e-18,-6.772929311863016e-19,0.0,1.3661884312157631e-17,2.6687179161284437e-16,2.912495931121946e-15,3.5844711460945826e-15,2.8224249970842795e-15,3.2677385232113857e-15,7.227676804788608e-11,4.311798219288755e-11,5.598951211828427e-10,3.241168247760969e-10,9.479571213442835e-41,1.0975228773020913e-40,1.8082465799090888e-09,2.222114429730433e-09,1.0993868885288734e-17,1.4417096870453962e-17,1.6515387060395927e-15,2.321647216602505e-15,2.2130750022851464e-09,1.3597995846619481e-09,1.7711543702547618e-09,1.1236091991459722e-09,1.0985927221308902e-08,7.2033411810699366e-09,1.755525957556444e-12,1.1510773892599046e-12,8.227435925991328e-18,5.581999212480409e-18,1.9478222172063574e-17,6.1856053427449065e-18,7.446423078165268e-10,4.727619604655541e-10,9.728395057382277e-14,6.176408553789368e-14,6.387169964251063e-09,3.927467678958596e-09,2.3931741487631456e-13,1.4715616105400777e-13,6.576822607390004e-11,3.920668778356818e-11,6.782234765142164e-12,2.8405828014353054e-12,9.406547988859351e-26,3.939715943682708e-26,2.0257784025004724e-13,6.33025598069001e-14,2.195515576130445e-12,9.602271586334923e-13,1.615666756095846e-16,7.066254119858408e-17,1.047483190407977e-35,4.581255622037258e-36,1.3934413995028073e-11,4.423372677779185e-12,-1.878520424786772e-17,0.0,1.294579386166209e-14,4.109542811076944e-15,-6.488583073088716e-20,0.0,-8.460494064077382e-17,0.0,-5.041400326211831e-18,0.0,2.73409783946176e-16,1.7903305541731717e-16
0.00215625,0.215625,295.3520389634212,99997.6425,0.993348766491401,1.906056975378544,1.7775770867230927e-05,1.943915325897803e-05,0.18959989603500418,0.21932145210706552,6.321440035447886e-08,4.1504107991440666e-08,1.663689704563164e-08,7.44688288691874e-09,0.6298960916239602,0.4429726940691338,0.15574273338861164,0.09588885333468103,0.024743386921490772,0.24179748835677092,2.1146415152326006e-09,9.0555511045444e-10,1.0215509801326426e-17,5.03763187092461e-18,-6.766986795961e-19,0.0,1.4903887202964206e-17,2.912877290294779e-16,3.3827060689299244e-15,4.165379649637964e-15,4.900588283776773e-15,5.676801027275816e-15,1.1053469497720623e-10,6.597644161562612e-11,8.902780838034224e-10,5.156453927610363e-10,1.2161501768079703e-40,1.4087783288957536e-40,2.251842982072549e-09,2.768709803802417e-09,1.7220903995670126e-17,2.259507440563725e-17,1.6408056088885342e-15,2.3077840636833445e-15,3.338069727718226e-09,2.052129401225666e-09,2.5887763601167786e-09,1.6431755799942447e-09,1.512216746311099e-08,9.920689967536262e-09,2.467638766668224e-12,1.6188604719334822e-12,1.4025213169822096e-17,9.520621500501543e-18,2.416532603335052e-17,7.678141616947879e-18,1.0515846378971549e-09,6.679894712649928e-10,1.4336190926247531e-13,9.106660797107092e-14,8.808785425951171e-09,5.419394230356608e-09,3.301166424731916e-13,2.0309635676824653e-13,9.084763098586921e-11,5.418613813859051e-11,1.0621969986511996e-11,4.451129926570628e-12,1.8526910698422342e-25,7.763690422903275e-26,3.3192746927717394e-13,1.0377747438598601e-13,3.2862756239047893e-12,1.4380434718270693e-12,2.482840763990346e-16,1.0864678927934905e-16,1.634035147490217e-35,7.15038495095008e-36,2.116531278141955e-11,6.72233388759401e-12,-1.8504268413525673e-17,0.0,1.9659487999988034e-14,6.24406753445595e-15,-6.489243944813483e-20,0.0,-8.460783995546232e-17,0.0,-5.0419475581682104e-18,0.0,2.734148956092467e-16,1.7913147823361579e-16
0.0021875,0.21875000000000003,295.8272290371579,99997.6425,0.992392639498094,3.04082215567125,2.5325709686533697e-05,2.7712313497234687e-05,0.18961583447615507,0.21947238258681812,8.704043877584808e-08,5.718187507280747e-08,2.514481876889462e-08,1.1261933630993752e-08,0.6299340009225162,0.44326695002182187,0.15574891690363418,0.09595058496825118,0.024675758354382366,0.24128226800278818,3.2993392118711523e-09,1.4137328813090506e-09,1.021647573760032e-17,5.041151507159235e-18,-6.759925618680373e-19,0.0,1.660314222623139e-17,3.246946865652464e-16,4.007186294552899e-15,4.937329603094503e-15,8.603793909372538e-15,9.9725842253777e-15,1.7171202930979586e-10,1.0255415275994227e-10,1.4388605310455613e-09,8.338854920032603e-10,1.6302825971231766e-40,1.889646670089063e-40,2.8074442612768024e-09,3.453923669094279e-09,2.6957739376861242e-17,3.5391874022019377e-17,1.6376158418788229e-15,2.30468899432e-15,5.0936464142755316e-09,3.133288549113043e-09,3.818411472551179e-09,2.425126643870543e-09,2.092296497374141e-08,1.373451479305752e-08,3.4885588582817246e-12,2.2900035107669715e-12,2.4043229692985606e-17,1.6330929097687394e-17,3.230479203327762e-17,1.0270525556632577e-17,1.4952234135051107e-09,9.50372217727449e-10,2.1267092223838926e-13,1.3517480678023705e-13,1.2212213792157923e-08,7.517810443746738e-09,4.577752626593348e-13,2.818053883661285e-13,1.2616069467664533e-10,7.529409603739875e-11,1.6895895122269308e-11,7.084491203350556e-12,3.771900089569904e-25,1.5815671683031906e-25,5.544171104774391e-13,1.734438025509271e-13,4.973089494164981e-12,2.1774919749654193e-12,3.853996981946251e-16,1.6874917512695992e-16,2.58512311600841e-35,1.1319090167210189e-35,3.2541514385102354e-11,1.0341782677774293e-11,-1.8097827996718223e-17,0.0,3.022087568503386e-14,9.60427732305337e-15,-6.489991227882617e-20,0.0,-8.461118102816484e-17,0.0,-5.0425505694307775e-18,0.0,2.7342090192674927e-16,1.7924362114499716e-16
0.0022187500000000002,0.22187500000000002,296.42504076231853,99997.6425,0.9913011660367199,4.934463399178553,3.61875837777251e-05,3.962491040588797e-05,0.18963037590939796,0.21963964355243693,1.2008441055623726e-07,7.894443101177296e-08,3.8190507761951796e-08,1.7116597330755015e-08,0.6299784890524368,0.4436020754590617,0.15575556257464335,0.09602044291809363,0.024599153463121196,0.24069806964016416,5.178935536033473e-09,2.220641457258858e-09,1.0217547627724627e-17,5.0451357967199375e-18,-6.751583563097433e-19,0.0,1.8979159910786552e-17,3.7141498879357647e-16,4.8356210644530165e-15,5.962143100607721e-15,1.5227680638712913e-14,1.7662371756834017e-14,2.688728111992816e-10,1.6069300263388166e-10,2.3424378274320245e-09,1.3584802803190384e-09,2.293474788533927e-40,2.660169023182008e-40,3.5010480732366803e-09,4.3101979367141605e-09,4.2185241780192183e-17,5.542148766289327e-17,1.6449488028691128e-15,2.316595616063646e-15,7.813388363635688e-09,4.809595540993918e-09,5.6551173483919e-09,3.5941058697224653e-09,2.901088407552776e-08,1.9056739822176785e-08,4.943698400632038e-12,3.247428583523523e-12,4.1289277233643774e-17,2.806421611509339e-17,4.632898836752837e-17,1.473927367320205e-17,2.132618402332057e-09,1.356432987812913e-09,3.163245349888745e-13,2.0119541013258174e-13,1.6967338451000467e-08,1.0452212795906606e-08,6.362144702744447e-13,3.9192057412819444e-13,1.7558962710362077e-10,1.0486565070723933e-10,2.7067100853036776e-11,1.1357081674540441e-11,7.869632318358779e-25,3.3020181021040607e-25,9.339025079686627e-13,2.9236221973652925e-13,7.563052058532572e-12,3.3137895626931454e-12,6.008545391485533e-16,2.6326745936925394e-16,4.128080794805067e-35,1.808739507001787e-35,5.0306827567731067e-11,1.5998605364763608e-11,-1.749906211413154e-17,0.0,4.6711618238446003e-14,1.4855254888419063e-14,-6.490831286246543e-20,0.0,-8.461501768756797e-17,0.0,-5.0432065110329826e-18,0.0,2.7342795268113056e-16,1.7937109351191847e-16
0.0022500000000000003,0.22500000000000003,297.1740325009474,99997.6425,0.9900572215846117,8.103141548276227,5.170949424044019e-05,5.666510093999586e-05,0.18964206757164032,0.21982352905195066,1.6563544602576414e-07,1.089744836087642e-07,5.804494526890559e-08,2.6035329436012695e-08,0.6300307805363795,0.44398294388925785,0.15576248220869549,0.09609917703066226,0.02451263216964252,0.24003748275377257,8.137524760670254e-09,3.4919412726152112e-09,1.0218724572869196e-17,5.049629951447531e-18,-6.741783615302994e-19,0.0,2.2370745082626116e-17,4.381265381699904e-16,5.934543367917794e-15,7.32274840029273e-15,2.7098420235319253e-14,3.145545016565459e-14,4.2208043071154635e-10,2.5245383060771894e-10,3.818202630273214e-09,2.2160569050883525e-09,3.399924593988295e-40,3.946582778792096e-40,4.364211157929227e-09,5.377018934249549e-09,6.598867975124667e-17,8.676083958595855e-17,1.6668706736984074e-15,2.349288865414589e-15,1.1994804147170396e-08,7.389226446429903e-09,8.37908579507645e-09,5.32945195765798e-09,4.021909902017988e-08,2.6439707625122517e-08,7.0056117353052845e-12,4.605432009395881e-12,7.081673114423023e-17,4.8171279447261544e-17,7.032479835929904e-17,2.2390739183571788e-17,3.042735480389933e-09,1.9368057210593673e-09,4.705207570706559e-13,2.9950263506141036e-13,2.3569991151927905e-08,1.4530836275714957e-08,8.841230112078369e-13,5.450594631386764e-13,2.4434924198486436e-10,1.4604344387011738e-10,4.342159254335933e-11,1.823339017611024e-11,1.674095361570686e-24,7.0297822193080545e-25,1.5754753843414644e-12,4.935918734719875e-13,1.1509990601008259e-11,5.04707170455506e-12,9.373434513101289e-16,4.1102028442516013e-16,6.636374083691242e-35,2.9100159174505785e-35,7.783377843314274e-11,2.4771937674591955e-11,-1.660752873663192e-17,0.0,7.225949876766509e-14,2.2997827368838656e-14,-6.491769149690174e-20,0.0,-8.461940236450402e-17,0.0,-5.043908656755128e-18,0.0,2.734362113822598e-16,1.7951561987457753e-16
0.0022812500000000003,0.22812500000000002,298.1084032992108,99997.6425,0.9886419236153948,13.402899987384318,7.373410021891996e-05,8.087114501463961e-05,0.18964890687773756,0.22002380379300243,2.2802869395603945e-07,1.501553700329476e-07,8.802482082093123e-08,3.951697130230453e-08,0.6300923409019422,0.4444148373026089,0.15576934007800744,0.09618749610999743,0.02441521293692281,0.23929270675041953,1.2755935647762938e-08,5.478564237798373e-09,1.0219999761207388e-17,5.0546789414422e-18,-6.73033469601268e-19,0.0,2.7315724627754943e-17,5.35441054715487e-16,7.394232071298153e-15,9.131869830587104e-15,4.838946556520791e-14,5.621893155591531e-14,6.618840116169315e-10,3.9623101668185594e-10,6.2071446961490114e-09,3.6057335905086542e-09,5.332104064811633e-40,6.1948440630060315e-40,5.4352536047329655e-09,6.7024788732491674e-09,1.0319350788642097e-16,1.3579585471679932e-16,1.708912030774403e-15,2.4106494011145863e-15,1.8372127732851223e-08,1.1327787711583724e-08,1.2388735105228224e-08,7.886652616692725e-09,5.565231817243442e-08,3.6617391287419606e-08,9.909922616019707e-12,6.5204024913122345e-12,1.210265945259171e-16,8.239729395610134e-17,1.1114089871066318e-16,3.541715485593874e-17,4.33391656566341e-09,2.76110064473631e-09,6.987504815093958e-13,4.451678697026487e-13,3.2678530079500593e-08,2.016385351233957e-08,1.2263629789343482e-12,7.567110087274304e-13,3.3937828215906037e-10,2.0301818790412933e-10,6.949208807549865e-11,2.92063220508517e-11,3.623079798910274e-24,1.5227177417369492e-24,2.650124124670651e-12,8.310026810364011e-13,1.7477627003495262e-11,7.670555261303404e-12,1.459721811244973e-15,6.406405639075177e-16,1.0729616204365906e-34,4.7089981959053124e-35,1.20136829706337e-10,3.826906597450465e-11,-1.527371397093176e-17,0.0,1.1151310074118908e-13,3.552201452058998e-14,-6.492807665767493e-20,0.0,-8.462438075805248e-17,0.0,-5.0446450003050485e-18,0.0,2.7344584785016746e-16,1.79679023543462e-16
0.0023125000000000003,0.23125000000000004,299.26876420168935,99997.6425,0.9870345910212689,22.239697645540833,0.00010475239284916892,0.0001150048994368412,0.18964819871561023,0.22023950885271434,3.1291992211320787e-07,2.0625845735528843e-07,1.3291992245193417e-07,5.973044690042974e-08,0.630164919378737,0.44490343124889437,0.155775584104172,0.09628601458877707,0.024305886681527215,0.23845563936343758,1.9902406555814367e-08,8.556323875554632e-09,1.0221357988389168e-17,5.060325720139002e-18,-6.717033123149687e-19,0.0,3.469372858979133e-17,6.807334652035374e-16,9.339335846614841e-15,1.1545421995982252e-14,8.656874328785256e-14,1.0067463365866443e-13,1.0344054493430949e-09,6.198470821511746e-10,1.0038173148110872e-08,5.836918533794352e-09,8.880249563681863e-40,1.0327236340355141e-39,6.760827162390267e-09,8.345313529328672e-09,1.613959810067276e-16,2.125954846027906e-16,1.778582867728697e-15,2.51139851260878e-15,2.8016752245190673e-08,1.7291418338594012e-08,1.8244411149169698e-08,1.1625798159068388e-08,7.676055961033546e-08,5.055562185300149e-08,1.3975818776937599e-11,9.204677672487947e-12,2.0573088670222007e-16,1.4020348756330902e-16,1.8025264772672768e-16,5.74974523370315e-17,6.153436825509675e-09,3.9241592214316545e-09,1.0349133636377968e-12,6.59983182482049e-13,4.515807377640993e-08,2.789161181871876e-08,1.6956864237551216e-12,1.0473304891573099e-12,4.698146043560524e-10,2.8132258272907577e-10,1.1067361846392422e-10,4.6559981682015605e-11,7.976436844351297e-24,3.355657459431569e-24,4.432655943319861e-12,1.3913212415848072e-12,2.642580507693288e-11,1.1609131929211595e-11,2.2659883667766002e-15,9.95472335597107e-16,1.7448932801589652e-34,7.665498263075546e-35,1.8458482793895468e-10,5.885656058823915e-11,-1.3277420360486618e-17,0.0,1.7129983908085622e-13,5.462052038725717e-14,-6.493946407209882e-20,0.0,-8.462998361473704e-17,0.0,-5.045396552559237e-18,0.0,2.73457024416238e-16,1.7986319858307624e-16
0.0023437500000000003,0.23437500000000003,300.70288982774133,99997.6425,0.9852127720228567,36.898241175868094,0.0001480912810182599,0.00016276487447538062,0.1896363937961915,0.22046873146227833,4.276059309669032e-07,2.8216365971860265e-07,1.995636606414983e-07,8.977717885744668e-08,0.6302505951312841,0.44545476029131614,0.15578035324133663,0.09639517906493364,0.024183635756460247,0.23751800099573897,3.085865139668226e-08,1.3281201674776548e-08,1.0222772562568989e-17,5.06660887136676e-18,-6.701664978835177e-19,0.0,4.59899852036442e-17,9.033752791678702e-16,1.1945673668544433e-14,1.4783704470700213e-14,1.5494542659628185e-13,1.803916847016088e-13,1.6087096927129568e-09,9.650509606403849e-10,1.612099878422916e-08,9.384252874197027e-09,1.5763861539237666e-39,1.8352716843171522e-39,8.398021729654727e-09,1.0377640587285855e-08,2.526701073830204e-16,3.3319156055820874e-16,1.88608669420823e-15,2.666134083006006e-15,4.2472994693221324e-08,2.6242458508741674e-08,2.6724862258094306e-08,1.7048540707427966e-08,1.0542624311865385e-07,6.951185249477193e-08,1.9632083864852985e-11,1.2944239284357015e-11,3.473792012434873e-16,2.3699650344707105e-16,2.969441804142325e-16,9.482450294720553e-17,8.699501873833192e-09,5.553951304249733e-09,1.5276969032710824e-12,9.753149469329486e-13,6.213256389257479e-08,3.8418135689424495e-08,2.3347841534484463e-12,1.443656092605249e-12,6.475573437192977e-10,3.8818175879466036e-10,1.751001721328802e-10,7.374525333540902e-11,1.7889584389375227e-23,7.534383985976233e-24,7.358919588724355e-12,2.3123643077875683e-12,3.9725799855364646e-11,1.7471209730389135e-11,3.5035982886001773e-15,1.5408651489467729e-15,2.857167167819714e-34,1.2565679484240544e-34,2.818689362613677e-10,8.997563129936543e-11,-1.0298112901079253e-17,0.0,2.615182835110202e-13,8.347948151835943e-14,-6.495180313102602e-20,0.0,-8.463621466845765e-17,0.0,-5.046135340182543e-18,0.0,2.734698729313199e-16,1.8007006649172488e-16
0.0023750000000000004,0.23750000000000004,302.4663926645964,99997.6425,0.9831523721668228,61.04982026706666,0.00020813523872578258,0.00022904008536555516,0.18960891337860208,0.2207083419960788,5.813862228876143e-07,3.841110305425238e-07,2.9757665487686066e-07,1.3403494285328164e-07,0.6303518254571266,0.4460751584358158,0.15578235636988746,0.09651517056287973,0.02404745863767839,0.2364715001499139,4.74911559842635e-08,2.046481644651438e-08,1.0224201571005053e-17,5.073559609216368e-18,-6.68400955043439e-19,0.0,6.37986888866218e-17,1.2547331421524046e-15,1.546739864378123e-14,1.916569569308638e-14,2.771040564596482e-13,3.2300951785179285e-13,2.4874284611102333e-09,1.4940249553105821e-09,2.5677681460434336e-08,1.4965741775950157e-08,2.994140122091645e-39,3.490153733488793e-39,1.0417270781885003e-08,1.2888734225654676e-08,3.9646391809630516e-16,5.234539482997507e-16,2.0453314840255783e-15,2.89480105853212e-15,6.393737926580342e-08,3.955315675747024e-08,3.889840186929708e-08,2.4844952906890052e-08,1.44063859402196e-07,9.510423593334614e-08,2.744972974188113e-11,1.8121030385492074e-11,5.820409950069307e-16,3.9758169835738036e-16,4.938295939114614e-16,1.5789106450617043e-16,1.2235970037171723e-08,7.821332881178319e-09,2.246714035231249e-12,1.4361181259006033e-12,8.50440232690674e-08,5.2649650466493475e-08,3.1986660411257777e-12,1.980252609774742e-12,8.879110970530786e-10,5.329188204633019e-10,2.748650841597451e-10,1.1590488966542223e-10,4.0978121475140125e-23,1.7279621610695562e-23,1.2110337566387337e-11,3.81007155895699e-12,5.931088828286265e-11,2.6116768471420307e-11,5.393868167677538e-15,2.3751188049783703e-15,4.719152561301413e-34,2.0780166743924964e-34,4.2728504344424267e-10,1.365620604567381e-10,-5.8751129711240596e-18,0.0,3.963173564832451e-13,1.2666466010571237e-13,-6.496498063214704e-20,0.0,-8.464303370123976e-17,0.0,-5.046822141792249e-18,0.0,2.7348445917740503e-16,1.803015134651111e-16
0.0024062500000000004,0.24062500000000003,304.6232440604772,99997.6425,0.9808279194815156,100.52667629758976,0.00029057791728159707,0.0003202013431131648,0.1895599701007212,0.22095370671748,7.859544196767473e-07,5.199769169169251e-07,4.403091741743552e-07,1.985964914628579e-07,0.6304714935791521,0.4467711692670556,0.1557797190411053,0.09664577906031821,0.02389640066920252,0.2353080434526414,7.247781910242198e-08,3.127482518087892e-08,1.022558355246476e-17,5.081198100966305e-18,-6.663843986969247e-19,0.0,9.281696507047316e-17,1.8279387554874025e-15,2.028172990253467e-14,2.5165581234668883e-14,4.945218731193515e-13,5.772349292586108e-13,3.822032840008131e-09,2.2987742732767653e-09,4.052418648097149e-08,2.3651103407271067e-08,6.110405690071423e-39,7.132423838001854e-39,1.2906432343466161e-08,1.5990321125489926e-08,6.246414575884659e-16,8.258482971496466e-16,2.275394988623815e-15,3.224827418733198e-15,9.548904823410826e-08,5.915269629115502e-08,5.620994075312067e-08,3.595126761092184e-08,1.9572968011917084e-07,1.2938864452906514e-07,3.818238764993323e-11,2.524076767458167e-11,9.670131712867646e-16,6.61454325468232e-16,8.266155195157716e-16,2.646541182036674e-16,1.7109924537511638e-08,1.0951790328491765e-08,3.2910960025026944e-12,2.106578161190935e-12,1.1571717608184363e-07,7.173716053651464e-08,4.3573389891312195e-12,2.7012681881749265e-12,1.2102950307017575e-09,7.27407015906151e-10,4.276759798304589e-10,1.8058917035728218e-10,9.618096574801004e-23,4.0613084736442047e-23,1.9735817503897488e-11,6.217655640755126e-12,8.786757619313335e-11,3.874434457639235e-11,8.26903429158725e-15,3.646149442008822e-15,7.882193041437462e-34,3.475575592797114e-34,6.423829803402158e-10,2.0558955990289992e-10,6.445012955211658e-19,2.062675098161378e-19,5.9560741285591e-13,1.90619411832953e-13,-6.497880218709686e-20,0.0,-8.465033372488444e-17,0.0,-5.047404046912431e-18,0.0,2.735007309022301e-16,1.8055930411368494e-16
0.0024375000000000004,0.24375000000000005,307.24604816972067,99997.6425,0.9782130062448422,164.4898437760457,0.0004026932078895296,0.00044441967318604796,0.18948239999400188,0.221198391987375,1.0557989290110726e-06,6.995622240102909e-07,6.459967340537855e-07,2.9181162437780537e-07,0.6306129528265232,0.44754942160455036,0.1557697968283504,0.09678624857153237,0.023729590739273103,0.23401999076529384,1.0959857346140992e-07,4.7364516017342496e-08,1.0226832718707778e-17,5.089529150358519e-18,-6.640949248986797e-19,0.0,1.4187957468889523e-16,2.7984179856526386e-15,2.6963772527610326e-14,3.3507424974808387e-14,8.794465800792877e-13,1.0280991267339456e-12,5.834791199372714e-09,3.5146789592680548e-09,6.331356389171417e-08,3.700771668338098e-08,1.3462563970860055e-38,1.5738136432110816e-38,1.5976566868313997e-08,1.9824071998097246e-08,9.904901520464598e-16,1.3115294982413684e-15,2.6027002400178182e-15,3.694300860167827e-15,1.413765792333305e-07,8.771156872020803e-08,8.058367176888088e-08,5.161864033322372e-08,2.6423655008342774e-07,1.7494067418637635e-07,5.281576072990448e-11,3.4967247289743194e-11,1.5923294051866325e-15,1.0908343744420436e-15,1.3916972625923551e-15,4.462500758974946e-16,2.377192787745156e-08,1.5239118950238022e-08,4.801535479093302e-12,3.0780494828564636e-12,1.5642598179205104e-07,9.712111816910214e-08,5.898704679499074e-12,3.662363423640518e-12,1.6389834044887015e-09,9.865502705909683e-10,6.590310598386333e-10,2.7870268675394575e-10,2.3218676311739896e-22,9.819123657899499e-23,3.182282029062764e-11,1.0040807466429183e-11,1.290706070485214e-10,5.6998765932789206e-11,1.2629922838010517e-14,5.577489965026061e-15,1.3357537149357839e-33,5.898811130008594e-34,9.57012420591225e-10,3.0674891387497267e-10,1.0172102630077821e-17,3.2604398505857114e-18,8.869253003672414e-13,2.8428405600818563e-13,-6.499297210243771e-20,0.0,-8.46579115375188e-17,0.0,-5.047811985463308e-18,0.0,2.735184457912578e-16,1.808449681830087e-16
0.0024687500000000005,0.24687500000000004,310.415961864136,99997.6425,0.9752809434035229,267.1751815463477,0.0005536067624049329,0.0006119921344132024,0.18936752649096972,0.22143388411824258,1.408581977220479e-06,9.348732705236966e-07,9.391216442528658e-07,4.2493215776556555e-07,0.6307800632680423,0.44841646891805254,0.15574895828624083,0.09693509426397849,0.023546283042335425,0.23260045122646766,1.6409433079074765e-07,7.103416218017027e-08,1.0227833997979437e-17,5.0985373768141115e-18,-6.615117322830778e-19,0.0,2.2828366669134866e-16,4.5101712049048455e-15,3.6413466172421246e-14,4.5326053088775874e-14,1.5562707732648407e-12,1.8223683752768926e-12,8.850424395971944e-09,5.340106539038572e-09,9.785040125454272e-08,5.729063342246781e-08,3.2196756816918785e-38,3.770189122458609e-38,1.9770100111680778e-08,2.457218385989955e-08,1.5852200510134125e-15,2.1025335806571645e-15,3.0643178488471477e-15,4.3567977792560566e-15,2.0736166253427447e-07,1.2886451936265516e-07,1.1453898018173448e-07,7.349170170597973e-08,3.54265859134623e-07,2.3493768730553464e-07,7.262773508827201e-11,4.8164370559325113e-11,2.5980528182897247e-15,1.7827865899291052e-15,2.3584338793601037e-15,7.575001406099496e-16,3.279832766470318e-08,2.1060692062311688e-08,6.977227157439706e-12,4.48026600971412e-12,2.0995667321605564e-07,1.3057497457940947e-07,7.931548047780412e-12,4.932740021311662e-12,2.2038240256173083e-09,1.3287615729952744e-09,1.004977922532428e-09,4.257133567118929e-10,5.78776847010567e-22,2.4517258419678744e-22,5.0729954917691266e-11,1.6033189752708955e-11,1.8786056947221551e-10,8.309965441203712e-11,1.9238878147343956e-14,8.51026976981473e-15,2.306780714506982e-33,1.0203986963226657e-33,1.4117495579967172e-09,4.5326126097079723e-10,2.395875343194591e-17,7.692281347168993e-18,1.3076301126502811e-12,4.1983230693147516e-13,-6.500707314239763e-20,0.0,-8.466543147095874e-17,0.0,-5.047958446640705e-18,0.0,2.73537076591074e-16,1.811596585496076e-16
0.0025,0.25,314.2221500246046,99997.6425,0.9720056514246832,430.48830924652225,0.0007545390617115499,0.0008356439813440058,0.18920508228471702,0.22164935779303746,1.8654558641512917e-06,1.2403684234438208e-06,1.3519399722243276e-06,6.128444612010655e-07,0.6309772164238092,0.44937859480220516,0.1557123468401735,0.09708989793915636,0.02334590213885593,0.23104360978770716,2.430903771726345e-07,1.054232888895109e-07,1.022843832318656e-17,5.108182153364335e-18,-6.58615951542366e-19,0.0,3.8734501413162836e-16,7.666749373483624e-15,5.007407027833606e-14,6.244445570795913e-14,2.7362952638438773e-12,3.2100298829325237e-12,1.3341950030746029e-08,8.064923324365943e-09,1.4948070455998314e-07,8.768014455524993e-08,8.408595875112991e-38,9.8643755260163e-38,2.447223304240907e-08,3.0472184930374996e-08,2.5689094798388486e-15,3.4134794543999925e-15,3.713073749837538e-15,5.288862483992492e-15,3.0111217901935146e-07,1.8746850742972918e-07,1.6131411506441382e-07,1.0369372347689939e-07,4.714656366443632e-07,3.1323374310606343e-07,9.926137925228718e-11,6.594757062330258e-11,4.200138789324361e-15,2.8874211415121506e-15,4.029204084656928e-15,1.2965025828697568e-15,4.4914328803437134e-08,2.889355367027849e-08,1.0099852035137905e-11,6.497272131489506e-12,2.796597888471865e-07,1.7424302435146093e-07,1.0588437857209172e-11,6.597163800355167e-12,2.9408597919069845e-09,1.7763951316214717e-09,1.5154576728542452e-09,6.431313407565181e-10,1.495548082892096e-21,6.346820903976127e-22,7.989182540547655e-11,2.5296061487880832e-11,2.70756183041031e-10,1.1998779546836516e-10,2.927607292704086e-14,1.2973928835281253e-14,4.0844708549017436e-33,1.81006634097874e-33,2.0606124120366073e-09,6.62799789142852e-10,4.369070820103296e-17,1.405319700783792e-17,1.9073318035662276e-12,6.134967982550874e-13,-6.502054823506226e-20,0.0,-8.467238308909379e-17,0.0,-5.047735675052797e-18,0.0,2.7355569265085963e-16,1.8150398184293679e-16
0.0025312499999999996,0.25312499999999993,318.7606775758036,99997.6425,0.968362787741444,687.848023930766,0.0010189812694550487,0.0011307643946784436,0.18898321769579496,0.22183153311005113,2.4512676710063497e-06,1.6331377701894638e-06,1.926088679873111e-06,8.748538299768941e-07,0.631209343743133,0.4504415925090866,0.15565363910423535,0.0972470946260707,0.02312808843647731,0.2293450663139736,3.5606737290084234e-07,1.5472743844436072e-07,1.0228458733908481e-17,5.118392709961361e-18,-6.553915449963191e-19,0.0,6.943660926689577e-16,1.3771085146679979e-14,7.031382811839362e-14,8.785937207637875e-14,4.773053077504791e-12,5.610592703742432e-12,1.9997417208083782e-08,1.2112148938911372e-08,2.2555108929242363e-07,1.3256455306032155e-07,2.4127615144684957e-37,2.8361348447489365e-37,3.032662185037605e-08,3.783732224899308e-08,4.22984708919759e-15,5.631700126036124e-15,4.6255689019635846e-15,6.601767363281847e-15,4.326261182795514e-07,2.698852172100962e-07,2.24988514503993e-07,1.4491282068219698e-07,6.225209138943556e-07,4.144181852569087e-07,1.3481433334979525e-10,8.974720387132788e-11,6.728998491988099e-15,4.635144562994636e-15,6.952319974477851e-15,2.2415593117117743e-15,6.101572235562476e-08,3.933001980423277e-08,1.4567842032297237e-11,9.390260305299277e-12,3.694818291709136e-07,2.3066665738770168e-07,1.402832791504661e-11,8.75785289946032e-12,3.892759769939846e-09,2.3560755917063135e-09,2.2581350526017116e-09,9.60223073173508e-10,4.0202607067106915e-21,1.709528881502786e-21,1.2420157189381113e-10,3.94043364351392e-11,3.8618422371640884e-10,1.714824111527799e-10,4.4614571890725734e-14,1.981078948991156e-14,7.485041273978443e-33,3.323680374324315e-33,2.9738620307030457e-09,9.584583124403875e-10,7.159566665795733e-17,2.3074863976392212e-17,2.750347628687132e-12,8.864209299557503e-13,-6.50326867648987e-20,0.0,-8.467803493458907e-17,0.0,-5.0470146830278226e-18,0.0,2.735728205995786e-16,1.81877807608135e-16
0.0025624999999999997,0.25625,324.1327723869165,99997.6425,0.9643310753523386,1089.8702238977653,0.0013627578492865374,0.0015155235951296183,0.18868862284913948,0.22196466430339604,3.1946020127465934e-06,2.1329807331932057e-06,2.714135874853541e-06,1.2354605724635828e-06,0.6314819052602566,0.4516105333620562,0.15556482618199094,0.09740177034355549,0.022892740152958835,0.22750216166414303,5.153453690607407e-07,2.2442519918253566e-07,1.0227667967777926e-17,5.129063944587415e-18,-6.51826216880856e-19,0.0,1.317174691574049e-15,2.6179486389152648e-14,1.0110318120546849e-13,1.266048255054449e-13,8.248394623840258e-12,9.716726873157453e-12,2.9817449536800575e-08,1.8099053931212828e-08,3.359154742312827e-07,1.9785661722213369e-07,7.648945215135793e-37,9.010566893635865e-37,3.765648141308532e-08,4.708409002027099e-08,7.100723080782563e-15,9.474482895025633e-15,5.914921896138308e-15,8.460229850003416e-15,6.146543001520184e-07,3.8426901975031235e-07,3.105909923689166e-07,2.0048108502455974e-07,8.151808628219881e-07,5.438472288872849e-07,1.8195043685951073e-10,1.2138808133733672e-10,1.0686844321232518e-14,7.377350573076895e-15,1.213558126257637e-14,3.921201424085029e-15,8.218625647508262e-08,5.3090851774565934e-08,2.0945855928874615e-11,1.3530648311599927e-11,4.839660792690335e-07,3.0279224415855024e-07,1.8438652218481558e-11,1.153609958145324e-11,5.108955909777326e-09,3.098859296684266e-09,3.322463990831114e-09,1.4158609174809104e-09,1.1276022258507752e-20,4.8052527475165326e-21,1.904662154523627e-10,6.055820094206427e-11,5.447993546976421e-10,2.424374591596892e-10,6.832351320112565e-14,3.0404182381121454e-14,1.443351885193753e-32,6.422962154827151e-33,4.240545299264191e-09,1.3696582104017847e-09,1.1055218139402594e-16,3.5707365972585844e-17,3.917844920079784e-12,1.2654288736873802e-12,-6.50426184215703e-20,0.0,-8.46813880427903e-17,0.0,-5.045645429454741e-18,0.0,2.735862916857007e-16,1.8228006773075369e-16
0.0025937499999999997,0.25937499999999997,330.4424491675501,99997.6425,0.9598937524175034,1712.7699209872044,0.001803928571541164,0.0020108157608164493,0.18830678374471985,0.22203069923148064,4.1276192912820246e-06,2.7623502163090275e-06,3.780887409639413e-06,1.7250432289478046e-06,0.6318008562545783,0.4528895456357337,0.1554360525326426,0.09754749788542245,0.022640047045200177,0.2255142590120307,7.365251019219379e-07,3.2149167224484036e-07,1.0225798237506557e-17,5.140053575328053e-18,-6.479122557790687e-19,0.0,2.646719955090113e-15,5.272719515934421e-14,1.4923573920460835e-13,1.8731269505745847e-13,1.4103431340815119e-11,1.665268575447229e-11,4.425805072494488e-08,2.6926914832714493e-08,4.934470879277272e-07,2.9131986015131615e-07,2.6903624854691013e-36,3.176656797447749e-36,4.6892364243683336e-08,5.87686219163681e-08,1.2190644188566355e-14,1.6303788351974044e-14,7.751222348922901e-15,1.1112512852659809e-14,8.630760877640293e-07,5.408321067293476e-07,4.2417820212658883e-07,2.744364722663501e-07,1.0582276467226066e-06,7.076377307671194e-07,2.4404346078465177e-10,1.631920705653931e-10,1.683263582705101e-14,1.1646944330612488e-14,2.1450639679203043e-14,6.947167179627421e-15,1.0970682461517228e-07,7.103347680752183e-08,3.0036979412572714e-11,1.9448480875782426e-11,6.282124159135847e-07,3.9395378021554464e-07,2.4036772872009727e-11,1.5073528152638854e-11,6.6453860024968644e-09,4.040162641503948e-09,4.823542495169683e-09,2.0603232029472995e-09,3.306669169214105e-20,1.412407420609369e-20,2.8791362981287265e-10,9.175424592285148e-11,7.597556337082903e-10,3.388800493777731e-10,1.0561057144067358e-13,4.7106351143388396e-14,3.025873729146434e-32,1.3496553276467808e-32,5.97027747259938e-09,1.9328312886275407e-09,1.6418875887208427e-16,5.315484445159592e-17,5.509177146067477e-12,1.7835536139453275e-12,-6.504931743909505e-20,0.0,-8.468113457618254e-17,0.0,-5.043458467135037e-18,0.0,2.735930889483841e-16,1.8270856409411104e-16
0.0026249999999999997,0.26249999999999996,337.7935609194023,99997.6425,0.9550400163558667,2670.783854199853,0.0023624904206015177,0.0026399787253655205,0.18782237844584299,0.22200963570751953,5.285666765603821e-06,3.546143548839776e-06,5.204229270513301e-06,2.3803459841135776e-06,0.6321725916725662,0.45428163035058444,0.1552555512668184,0.09767624169988924,0.022370511009108644,0.22338294608138642,1.0388093337929175e-06,4.545644264008536e-07,1.0222543782551027e-17,5.151181269750973e-18,-6.43647219034311e-19,0.0,5.633732774462451e-15,1.1251238955446905e-13,2.265644694564065e-13,2.850779337506472e-13,2.383331406162241e-11,2.8211187117307752e-11,6.543931566501615e-08,3.9912643317355846e-08,7.144913386012709e-07,4.228671009591861e-07,1.0519911480476558e-35,1.2452283826995207e-35,5.860796913103156e-08,7.363384469628062e-08,2.1457055066554558e-14,2.8767983206668434e-14,1.0394687179577263e-14,1.493932353640696e-14,1.1971715613487046e-06,7.520508399298866e-07,5.728670853388929e-07,3.7155642762589603e-07,1.3613751333642133e-06,9.126139829795011e-07,3.253692925951297e-10,2.1811516809527592e-10,2.630715176453855e-14,1.824782594271008e-14,3.8395635710991274e-14,1.246599051888494e-14,1.450521735050087e-07,9.415233509763056e-08,4.298894400215084e-11,2.7903818077183243e-11,8.0778801298783e-07,5.078244284239042e-07,3.10707847355448e-11,1.9532975539769394e-11,8.563768106452558e-09,5.219404580707224e-09,6.905093057952085e-09,2.956760908808718e-09,1.0146332544357677e-19,4.3446596857056653e-20,4.287080275858768e-10,1.3696291442393924e-10,1.0468838488949413e-09,4.681100871543596e-10,1.6558991505459486e-13,7.40428937268553e-14,7.353917943744538e-32,3.288276128441567e-32,8.293618418391e-09,2.691664390927816e-09,2.369508972845029e-16,7.69015718404399e-17,7.641780682841974e-12,2.480112769798287e-12,-6.505161929366955e-20,0.0,-8.467562814499536e-17,0.0,-5.040268239447896e-18,0.0,2.735892127343675e-16,1.831598077164932e-16
0.0026562499999999998,0.26562499999999994,346.2864316452612,99997.6425,0.9497662997588255,4134.563976667585,0.0030598590605954933,0.0034282606908731333,0.18721980009270556,0.22188007841564528,6.706671614203214e-06,4.511340627004644e-06,7.0752829632761835e-06,3.2446624591549942e-06,0.6326038701229432,0.45578854129132435,0.15500971235785652,0.09777836225880027,0.022084949338440952,0.22111212685395015,1.4451096517700378e-06,6.340192573171128e-07,1.021756652809586e-17,5.162230268532755e-18,-6.39034370521101e-19,0.0,1.2685421781482247e-14,2.5401014484201415e-13,3.5415907293000924e-13,4.467990244410794e-13,3.9770816860616676e-11,4.7200161202773807e-11,9.644886010048377e-08,5.8980830886699384e-08,1.0191761141184058e-06,6.04781101793787e-07,4.5688227329268946e-35,5.422296712104878e-35,7.356553341941531e-08,9.266958926670459e-08,3.878212643511834e-14,5.2133029605850853e-14,1.4249998319454146e-14,2.053413282522462e-14,1.639730019372869e-06,1.0327737755753574e-06,7.648075330393675e-07,4.973534221817646e-07,1.7350917991413818e-06,1.1662020684301172e-06,4.313730119214488e-10,2.899374540394167e-10,4.0815619597658373e-14,2.83861006501275e-14,6.951993230363188e-14,2.2630612867893886e-14,1.8987094237521264e-07,1.23568395013135e-07,6.14508307365202e-11,3.999232547827145e-11,1.028584845756348e-06,6.483333331173515e-07,3.98199105133496e-11,2.5099120810564676e-11,1.0930377838226358e-08,6.679335886275438e-09,9.740705708153898e-09,4.181952922370624e-09,3.255310959787805e-19,1.3975945469858397e-19,6.284054590006963e-10,2.0129054107070265e-10,1.424727098116365e-09,6.387386996228892e-10,2.6451969473294754e-13,1.1859040658505592e-13,2.288194481433323e-31,1.0258514556839145e-31,1.1360309309176513e-08,3.6966561882166632e-09,3.3410291670983714e-16,1.0871742845584396e-16,1.0448910714626131e-11,3.4000861598147816e-12,-6.504825050646216e-20,0.0,-8.466287265020441e-17,0.0,-5.0358780162125625e-18,0.0,2.7356958648804065e-16,1.8362891508470442e-16
0.0026875,0.26875,356.0143056956796,99997.6425,0.9440772028189587,6358.524774020536,0.003918139130366046,0.004402035960741132,0.1864837714653607,0.2216199711151425,8.430365454481897e-06,5.686516396643242e-06,9.497692633722843e-06,4.367622936361638e-06,0.6331017209266435,0.4574107517700791,0.15468330920375165,0.09784274299831054,0.021784478078408904,0.2187079806293339,1.981835600506344e-06,8.719078536938058e-07,1.0210504796545875e-17,5.172951767740915e-18,-6.340828013570867e-19,0.0,3.011952385529548e-14,6.047774214464774e-13,5.701446301608595e-13,7.212738699198041e-13,6.549104749910421e-11,7.794032711326784e-11,1.4177922608634414e-07,8.694161537589638e-08,1.4314870788681104e-06,8.518001730459633e-07,2.1943230795618386e-34,2.6114448484822636e-34,9.277284071088003e-08,1.1718850699852267e-07,7.202394555264704e-14,9.708666239743745e-14,1.995649880169082e-14,2.883681031926231e-14,2.2169416998066423e-06,1.4001947440240402e-06,1.009087886111696e-06,6.580263166975122e-07,2.1903505981453987e-06,1.4762717275654165e-06,5.690528353442402e-10,3.835352262879491e-10,6.289188178102067e-14,4.3860668906816306e-14,1.2704494768438044e-13,4.1471112915092326e-14,2.4594567332989856e-07,1.6050530949407297e-07,8.780296295293242e-11,5.7300628843970944e-11,1.2966252400350624e-06,8.195472874278208e-07,5.0595017693385904e-11,3.197917812154864e-11,1.3814362979562379e-08,8.465064829850112e-09,1.3532356185397853e-08,5.825905745057714e-09,1.0892724662072386e-18,4.689500211099685e-19,9.062563680660375e-10,2.910957106102187e-10,1.9143934183704955e-09,8.606450085310313e-10,4.3145328813806435e-13,1.939664623201615e-13,9.81747006992569e-31,4.413594682787989e-31,1.5334657500292004e-08,5.003735001201924e-09,4.616188534311944e-16,1.5062732337415322e-16,1.407449914938941e-11,4.5925423516531385e-12,-6.503787028035406e-20,0.0,-8.464053537974117e-17,0.0,-5.0300862244105e-18,0.0,2.735280244956682e-16,1.8410958533137295e-16
0.00271875,0.271875,367.0599060368407,99997.6425,0.9379859282393043,9721.855568843834,0.004959228143373848,0.005587811585675974,0.1855999963895045,0.22120744867733028,1.0497431455348311e-05,7.101283889881907e-06,1.2585950471550185e-05,5.8045289137997704e-06,0.6336733385669222,0.4591475199140925,0.15425988939215735,0.09785704875942784,0.021470475355671242,0.21617878137413116,2.6782662542453258e-06,1.181709281358645e-06,1.0200984563039726e-17,5.1830719663890015e-18,-6.288071975456253e-19,0.0,7.501316925190697e-14,1.5105632499753022e-12,9.446794036510095e-13,1.198542781657199e-12,1.0637888207268286e-10,1.2696664465169898e-10,2.0795137638902378e-07,1.2788830641938077e-07,1.979022729939407e-06,1.1810138949296955e-06,1.1562374977421752e-33,1.3800069398031226e-33,1.1755493770532856e-07,1.4892203950467483e-07,1.3738228462752853e-13,1.8572370125705592e-13,2.8540185572381584e-14,4.1359339665710244e-14,2.958038615311532e-06,1.8736649949575435e-06,1.315575910446345e-06,8.603677362879254e-07,2.7383176299845204e-06,1.850931824423407e-06,7.475271568823994e-10,5.052817062358845e-10,9.627729714940636e-14,6.733773188500615e-14,2.335820384890176e-13,7.646834113943888e-14,3.151309067857859e-07,2.0625056593539947e-07,1.2548836852739458e-10,8.213109685454859e-11,1.6178222175273727e-06,1.025520330285117e-06,6.374011444563195e-11,4.040418193699931e-11,1.728569852130573e-08,1.0622831502889553e-08,1.850521924087652e-08,7.989842194454206e-09,3.7841951841061496e-18,1.6338699888102267e-18,1.2852448868365934e-09,4.140230808553204e-10,2.5391988833162254e-09,1.144836621772821e-09,7.175351366253162e-13,3.2351168205642437e-13,5.617234360067725e-30,2.532615956449785e-30,2.0387534050969953e-08,6.671736007947548e-09,6.2591603258691e-16,2.0482842712226323e-16,1.8664551110522003e-11,6.107896982780155e-12,-6.501912068800554e-20,0.0,-8.460598747522966e-17,0.0,-5.022693697844179e-18,0.0,2.734572782250655e-16,1.8459417442024075e-16
0.00275,0.27499999999999997,379.49240911261893,99997.6425,0.9315141216774019,14790.892548227104,0.006203832221830228,0.007011106368823698,0.1845557818737023,0.22062172961895832,1.2948699462687816e-05,8.785749663243708e-06,1.6462789546942172e-05,7.6152336518021645e-06,0.6343259688223292,0.4609970492024083,0.15372231047410875,0.09780810567879335,0.021144527357438898,0.21353458851203674,3.5654185705863255e-06,1.577852003218407e-06,1.0188632327609972e-17,5.192301290702477e-18,-6.23227263670867e-19,0.0,1.9450587611136233e-13,3.928556218496025e-12,1.6089488225550563e-12,2.047435222419981e-12,1.704132728683451e-10,2.0400296710793878e-10,3.0439128736885087e-07,1.8775871332599736e-07,2.692370173074148e-06,1.6115279479561778e-06,6.608303152439739e-33,7.910847717172559e-33,1.4964578523123184e-07,1.9014347871622252e-07,2.6878779557098167e-13,3.644559018004965e-13,4.1674345650195757e-14,6.057374698957835e-14,3.894679275901732e-06,2.4743358620479806e-06,1.6947101818054947e-06,1.1116357068391149e-06,3.389998802631532e-06,2.2982908656457308e-06,9.788897542205533e-10,6.636501991838095e-10,1.4646172814477065e-13,1.0274426621305277e-13,4.3039216614687603e-13,1.4132058568502117e-13,3.992692752497531e-07,2.621011263559737e-07,1.7947505507258748e-10,1.1781676428245194e-10,1.9977053599280898e-06,1.2701170910306607e-06,7.963598224883174e-11,5.063160170872066e-11,2.14129439739831e-08,1.319862182550851e-08,2.4897978702017345e-08,1.0782188103604614e-08,1.3560064121888009e-17,5.872250266134667e-18,1.7917509062220848e-09,5.789154589979735e-10,3.324094127249563e-09,1.503207570090386e-09,1.21059703972436e-12,5.474509940993755e-13,3.8751171591398303e-29,1.7523888390687596e-29,2.6684807718028795e-08,8.758648101726496e-09,8.334426509613064e-16,2.735575601621529e-16,2.4354774107955308e-11,7.993870454779425e-12,-6.499068052340454e-20,0.0,-8.455637109890519e-17,0.0,-5.013511197221819e-18,0.0,2.7334916822588515e-16,1.8507387025570493e-16
0.00278125,0.27812499999999996,393.3651097938246,99997.6425,0.9246911042818308,22415.273137283853,0.007670494141835594,0.008695312507203252,0.1833405654207764,0.219843959012834,1.58245340088844e-05,1.0770080366644033e-05,2.1255805893824753e-05,9.862629588153165e-06,0.6350667901536508,0.4629567250473323,0.15305337667533597,0.09768237276110281,0.020808362133720823,0.21078683774452384,4.6743468680322945e-06,2.0749709491646962e-06,1.0173088399756111e-17,5.200344966064832e-18,-6.173668580695163e-19,0.0,5.200104988540371e-13,1.053531920897945e-11,2.812045772729394e-12,3.5894314697246524e-12,2.6924128478198965e-10,3.2330324338830665e-10,4.4464183556435384e-07,2.7511454133005913e-07,3.6040846662786527e-06,2.163881113175953e-06,4.0375676114494437e-32,4.8482858237664395e-32,1.9130898799073925e-07,2.4383029301393675e-07,5.38242378262445e-13,7.320633605172473e-13,6.213535741093342e-14,9.05919881896248e-14,5.060105189948721e-06,3.2246444458904978e-06,2.1572693465981404e-06,1.4194064114338212e-06,4.155867022689698e-06,2.8261969898341836e-06,1.2795221122221446e-09,8.70138895745536e-10,2.2145754807538502e-13,1.5583294145213592e-13,7.913649443088097e-13,2.606472933404801e-13,5.000871524843208e-07,3.292941639289802e-07,2.5686615259520444e-10,1.6913956805387767e-10,2.4411235347121064e-06,1.556816491501122e-06,9.870733585694636e-11,6.295019736162476e-11,2.6260998485656973e-08,1.623673788849263e-08,3.294820151112058e-08,1.4312314373519833e-08,4.9699318646520066e-17,2.158880424409968e-17,2.454736354872253e-09,7.955687381137169e-10,4.294885152315434e-09,1.9481955037424105e-09,2.0575764875527507e-12,9.333337492145274e-13,2.961323699937216e-28,1.3432809755653755e-28,3.437256858569121e-08,1.131671367509445e-08,1.090365971163458e-15,3.5898857735816227e-16,3.1254537311621875e-11,1.0290143109945541e-11,-6.495131719353039e-20,0.0,-8.448868846693252e-17,0.0,-5.002366485695837e-18,0.0,2.7319479600424496e-16,1.855389579727078e-16
0.0028125,0.28125,408.7139705055588,99997.6425,0.9175525746529095,33857.850721958755,0.009374738139711779,0.01066065954260714,0.18194629512729912,0.2188579175737907,1.916456157456542e-05,1.3084284488247608e-05,2.7093583309777548e-05,1.261085900883859e-05,0.6359027930810358,0.4650233956207187,0.15223651428799542,0.09746645990284958,0.02046377799623385,0.20794787309552415,6.03382512212168e-06,2.6868713884208234e-06,1.0154019329574711e-17,5.206913907558989e-18,-6.11252931598472e-19,0.0,1.4108263274178603e-12,2.8672939488271122e-11,5.034172117137335e-12,6.446061079286029e-12,4.1964383012184837e-10,5.054897170325342e-10,6.480029003731592e-07,4.022010955448357e-07,4.747304372762329e-06,2.8592265295049833e-06,2.582040632074739e-31,3.1102446760506104e-31,2.455031969507473e-07,3.138864108063353e-07,1.1000461467149099e-12,1.5008758251656227e-12,9.461713079169817e-14,1.3838335017043445e-13,6.488126651299304e-06,4.147674679449968e-06,2.7141574431832417e-06,1.7914327220500474e-06,5.045490149771129e-06,3.4419711457183573e-06,1.6721388196997544e-09,1.1407124775187958e-09,3.329182920048511e-13,2.350008942741789e-13,1.4457602105790235e-12,4.776785670915099e-13,6.190724611093077e-07,4.0892427985222367e-07,3.676401106681326e-10,2.4284227928726007e-10,2.9519315499743874e-06,1.8885001532542319e-06,1.2143506569118326e-10,7.768816325372691e-11,3.188904902204216e-08,1.9778447064346804e-08,4.287286398951115e-08,1.8682015397875267e-08,1.8404825885929505e-16,8.019973675662735e-17,3.3043939009386895e-09,1.0743053596329185e-09,5.477269811624875e-09,2.4923451929636556e-09,3.4962887604850376e-12,1.590931026788815e-12,2.3661063346488603e-27,1.0766593489126483e-27,4.356012454451555e-08,1.4386678198962919e-08,1.4032585619718796e-15,4.634566492205014e-16,3.942773131200779e-11,1.3021865488960086e-11,-6.489993142678337e-20,0.0,-8.439990440708644e-17,0.0,-4.9891102993600136e-18,0.0,2.7298481782343886e-16,1.859791510645905e-16
0.002828125,0.28281249999999997,416.9576477174599,99997.6425,0.9138391897843733,41808.41636300489,0.010332057956983835,0.011768141981073824,0.18117080853554876,0.21827470293609885,2.1045579500369507e-05,1.4391568067117893e-05,3.049320001409439e-05,1.4215998300877638e-05,0.6363642949627054,0.4661074154032171,0.1517609255880166,0.09731784084629236,0.020287082606453455,0.2064830478407182,6.8261930928067615e-06,3.0445903480430396e-06,1.0142914031269378e-17,5.209562985121783e-18,-6.080772390981638e-19,0.0,2.3501165119832784e-12,4.7839231454673616e-11,6.907246693986843e-12,8.858648322642663e-12,5.245936703651542e-10,6.329226922044774e-10,7.854592865445099e-07,4.882993157260988e-07,5.426486682563053e-06,3.2735303096097822e-06,6.7839922457307396e-31,8.184892191080861e-31,2.7917038289978313e-07,3.575039476869363e-07,1.622894793620115e-12,2.217789702884583e-12,1.1872768294306452e-13,1.7392507364558427e-13,7.323402539225402e-06,4.6891530739732504e-06,3.035978726081621e-06,2.0070598696691427e-06,5.545703710967847e-06,3.789279697545291e-06,1.9181222903991796e-09,1.3106184951864666e-09,4.088560363635138e-13,2.8906692897166893e-13,1.973290838104333e-12,6.530203632224089e-13,6.866065749383593e-07,4.5426105753333325e-07,4.416606813539475e-10,2.922040882010901e-10,3.2369045868463653e-06,2.0741338397111136e-06,1.3453582998571699e-10,8.620745843449887e-11,3.505235970452219e-08,2.177529354602317e-08,4.8675513487090616e-08,2.1244568210009865e-08,3.5706767020047675e-16,1.558432142102656e-16,3.8168798391207784e-09,1.2429125003575407e-09,6.1654840970050195e-09,2.8100068389945192e-09,4.56236368122772e-12,2.0793619680987825e-12,6.807732683195614e-27,3.1027207429046446e-27,4.8800723211077834e-08,1.6143355557180524e-08,1.587116928706826e-15,5.250207620922825e-16,4.404672469958137e-11,1.457072541484745e-11,-6.486899415795195e-20,0.0,-8.434578127434634e-17,0.0,-4.981555737080322e-18,0.0,2.728536603775659e-16,1.8618800069112095e-16
0.00284375,0.284375,425.5879631270671,99997.6425,0.9100590345226329,51633.69497655112,0.011357737918089523,0.012957251283779071,0.18034558256260133,0.21763095347550823,2.306673655775611e-05,1.579913664848783e-05,3.4227510021270317e-05,1.5982681284422086e-05,0.6368540824987736,0.4672185933100558,0.1512391376917786,0.09713967880193193,0.020108840028221605,0.2049990252733243,7.69589358748052e-06,3.4380273214641925e-06,1.0130742646173707e-17,5.211704745738934e-18,-6.048463675489453e-19,0.0,3.908345938417317e-12,7.968705372185145e-11,9.504972879671835e-12,1.220993489706451e-11,6.542790583110323e-10,7.906615379819747e-10,9.521890868748919e-07,5.929056774559568e-07,6.182186857414921e-06,3.7354224521518747e-06,1.785868695014848e-30,2.1581275926503124e-30,3.1776277835261026e-07,4.0758153075554237e-07,2.3903978989708847e-12,3.2719010909903654e-12,1.4975478975871206e-13,2.197307802062911e-13,8.24366207265334e-06,5.286906830344712e-06,3.387760706749549e-06,2.2432325722441547e-06,6.082348762344754e-06,4.162663370785972e-06,2.2028548418540027e-09,1.5075990410338183e-09,5.016514604595222e-13,3.5524669634154013e-13,2.686377947617396e-12,8.904360014964751e-13,7.594305605808522e-07,5.032520954770302e-07,5.304723853413333e-10,3.515283073564206e-10,3.540850527319222e-06,2.2725552232963217e-06,1.4884883826018364e-10,9.55327547039586e-11,3.84452207940159e-08,2.392153755259994e-08,5.5057474726501615e-08,2.4068755069718134e-08,6.925442035544356e-16,3.027504783520584e-16,4.3929683909043235e-09,1.4328149975109278e-09,6.921019843723974e-09,3.1594410885459973e-09,5.942973126749836e-12,2.7129633939432698e-12,1.9568352504309467e-26,8.932940279506735e-27,5.4467318225431654e-08,1.8046937702242e-08,1.791629036551666e-15,5.936296968826857e-16,4.90049498012158e-11,1.623706297607108e-11,-6.483449021432582e-20,0.0,-8.428469945269458e-17,0.0,-4.973395015075048e-18,0.0,2.727033170649268e-16,1.8638557470916233e-16
0.002859375,0.2859375,434.60447953910455,99997.6425,0.9062181234587108,63813.74371151527,0.012452851640885698,0.014229594970793315,0.17947028184357602,0.21692538995073632,2.5233696433280684e-05,1.7311342948307364e-05,3.831389965238675e-05,1.791980900759069e-05,0.6373730834857038,0.46835653648555836,0.15066921218962004,0.09693032621231246,0.01992927933102816,0.20349749028514952,8.644922000715854e-06,3.86824555422793e-06,1.0117469722046802e-17,5.213304843443782e-18,-6.015642986038047e-19,0.0,6.496493159863185e-12,1.3267113493948854e-10,1.3132078314853049e-11,1.689657251678433e-11,8.140836665553451e-10,9.853699652378994e-10,1.1539993405247685e-06,7.197317413887015e-07,7.018726462918542e-06,4.247746598359116e-06,4.7188758260668464e-30,5.711745241577495e-30,3.6202106475904333e-07,4.6510177785811917e-07,3.5244466175285308e-12,4.83196290313735e-12,1.8992291375239823e-13,2.7911953105347545e-13,9.253558242325132e-06,5.944193320468324e-06,3.7710881230876065e-06,2.50109934966219e-06,6.656359194813606e-06,4.562883792782567e-06,2.5332766736351135e-09,1.736541965128652e-09,6.149516503186681e-13,4.3618590190092813e-13,3.6444619118169894e-12,1.2099619109122609e-12,8.376154678953237e-07,5.559617292347445e-07,6.367198850023426e-10,4.226186142353907e-10,3.863861280951677e-06,2.483882592496234e-06,1.6446991042749422e-10,1.0572945501802475e-10,4.2073716248889904e-08,2.6221666584542685e-08,6.203363431165542e-08,2.716234437994905e-08,1.3418678371627376e-15,5.875566813041526e-16,5.036658875794401e-09,1.6454218663434274e-09,7.747059080540578e-09,3.5422541817224674e-09,7.725019476401306e-12,3.5321768247390994e-12,5.616230085005503e-26,2.567956988232764e-26,6.055718286451e-08,2.0097214887598652e-08,2.0207599400049487e-15,6.706330253406021e-16,5.428819969394017e-11,1.801671682038228e-11,-6.479631910643622e-20,0.0,-8.421625066525266e-17,0.0,-4.964615956097734e-18,0.0,2.7253240509704456e-16,1.8657038671121073e-16
0.002875,0.2875,444.00566305976184,99997.6425,0.9023225570674667,78942.83593215319,0.013618169570414208,0.015586434702137981,0.17854475832124558,0.2161569825324436,2.755224245807591e-05,1.8932639257035172e-05,4.2769042640008674e-05,2.0035992959794223e-05,0.6379221889783028,0.46952086601144655,0.15004937166639531,0.09668824121613073,0.019748622482846385,0.20198010488252746,9.674303213672267e-06,4.335877195641665e-06,1.0103063347960824e-17,5.214331114028014e-18,-5.982350090532237e-19,0.0,1.0778912290414845e-11,2.2048381722103426e-10,1.8226842794555385e-11,2.348988673736847e-11,1.0104273318444915e-09,1.225010149251556e-09,1.3977375218012119e-06,8.731624318948188e-07,7.940077823118686e-06,4.813149650956078e-06,1.2501459590870769e-29,1.5156374334529426e-29,4.1280854772880004e-07,5.312111252192105e-07,5.2064917866489355e-12,7.149606905202249e-12,2.4224397214642385e-13,3.5659082425211005e-13,1.0357557476242812e-05,6.664166466209217e-06,4.187551383106469e-06,2.781818132100615e-06,7.268527906005423e-06,4.990607825473908e-06,2.9178542094446596e-09,2.0034133788239514e-09,7.532019151959071e-13,5.351140957939635e-13,4.923729852519206e-12,1.637332273972146e-12,9.211820803566708e-07,6.12420911918635e-07,7.633979879281199e-10,5.075227817531705e-10,4.205875283620596e-06,2.7081346290305157e-06,1.8150470246297028e-10,1.1686964946062602e-10,4.594325466657709e-08,2.867975898906448e-08,6.961201194256806e-08,3.053012159340298e-08,2.5928240544551455e-15,1.1371490557998004e-15,5.751545935367561e-09,1.882017431653667e-09,8.646499293765269e-09,3.959929794278843e-09,1.0014474944748026e-11,4.586436239734834e-12,1.6046314870916205e-25,7.348902508040356e-26,6.706151393985644e-08,2.2291941190274437e-08,2.2810230402832768e-15,7.582356627567161e-16,5.987434459307251e-11,1.9902851726133513e-11,-6.475439429012584e-20,0.0,-8.414004419016564e-17,0.0,-4.95520858136731e-18,0.0,2.723395717219678e-16,1.8674098074643303e-16
0.002890625,0.2890625,453.7889462695372,99997.6425,0.8983784565208913,97781.77075908855,0.014854160597815391,0.017028684302691402,0.17756904316640354,0.21532494803372756,3.0028351638265e-05,2.0667627880597267e-05,4.7608779491554666e-05,2.233949347275404e-05,0.6385022487621732,0.4707112221449911,0.14937801237048268,0.09641199906088957,0.019567082901833677,0.20044849635639136,1.0783890919055957e-05,4.841029138927835e-06,1.0087495267603583e-17,5.214753759353938e-18,-5.948624387389411e-19,0.0,1.7830228717765595e-11,3.6531173850464233e-10,2.5423132430486953e-11,3.2817346825232217e-11,1.251026672663035e-09,1.5191690468105733e-09,1.6914376696313377e-06,1.0583525210026005e-06,8.949781011287073e-06,5.4340289400618185e-06,3.3164075977840766e-29,4.0272392901394336e-29,4.7113686462241614e-07,6.072541622778859e-07,7.706921584413547e-12,1.0600414541475583e-11,3.1082290316785455e-13,4.582844583693587e-13,1.1559899019685454e-05,7.449848783157661e-06,4.638756889421174e-06,3.0865628812974514e-06,7.91949174356597e-06,5.446396107712613e-06,3.3669771405548934e-09,2.315538899068082e-09,9.218387798802195e-13,6.559864697758204e-13,6.620879877867896e-12,2.2052775002022273e-12,1.0100941972668864e-06,6.72622419936014e-07,9.138579008212727e-10,6.085386040146113e-10,4.566656286132764e-06,2.9452157724280924e-06,2.0007050000090268e-10,1.290333134966975e-10,5.0058551177750166e-08,3.1299467411391615e-08,7.779273608585311e-08,3.417341075674396e-08,4.98768562087645e-15,2.191030140135574e-15,6.540699503890787e-09,2.143720584690823e-09,9.621884150764946e-09,4.4137957472072e-09,1.2940717013673702e-11,5.93622629682399e-12,4.551582534310279e-25,2.0879232506041066e-25,7.396502422390905e-08,2.4626680223847756e-08,2.5831340725494193e-15,8.600553768146673e-16,6.573255375369064e-11,2.18856763527667e-11,-6.470864314942141e-20,0.0,-8.405570969814242e-17,0.0,-4.9451650981579076e-18,0.0,2.72123504777976e-16,1.868959425920653e-16
0.00290625,0.29062499999999997,463.9508002186685,99997.6425,0.8943919030159567,121317.28590278278,0.01616099834366237,0.018556913307767785,0.1765433366777334,0.21442874369772408,3.266828380008173e-05,2.252112258077077e-05,5.28480113583722e-05,2.4838164408832128e-05,0.6391140671086682,0.47192726824414966,0.1486537136689435,0.09610030117285603,0.019384864270365284,0.19890424700677142,1.197214866589082e-05,5.3831798000535985e-06,1.0070740937039273e-17,5.2145454856951164e-18,-5.914504619558458e-19,0.0,2.938048605044035e-11,6.029346786285926e-10,3.5642656242220786e-11,4.608388065038427e-11,1.545191927802831e-09,1.8794316602147857e-09,2.0444725161963853e-06,1.2813276587987767e-06,1.0050859456497082e-05,6.112478047231997e-06,8.800768381850644e-29,1.070445841286969e-28,5.381985651892892e-07,6.948171388117484e-07,1.142847889206683e-11,1.57447189803189e-11,4.0129205002930127e-13,5.92634932274844e-13,1.2864556518140078e-05,8.304104590907226e-06,5.126342559643995e-06,3.4165337452421415e-06,8.609715058430428e-06,5.930690574653174e-06,3.893469057564169e-09,2.6819656731600516e-09,1.1275393685563492e-12,8.036671117910961e-13,8.85739685796765e-12,2.9550049707331797e-12,1.1042517582174165e-06,7.365159162022985e-07,1.0918060160269093e-09,7.282148316497534e-10,4.945768118973298e-06,3.1948988800289764e-06,2.2029836193863258e-10,1.42309742975994e-10,5.442361826741806e-08,3.408400792804075e-08,8.656707658840553e-08,3.808961699256163e-08,9.536230108488061e-15,4.1959526265658205e-15,7.406542331873916e-09,2.4314428415124942e-09,1.0675327157020034e-08,4.9049871689059664e-09,1.666031696158525e-11,7.654907407005732e-12,1.278906850155321e-24,5.87618683527904e-25,8.124564164124193e-08,2.7094685494293433e-08,2.9445597023513115e-15,9.819839863739862e-16,7.182257398651384e-11,2.3952177793711698e-11,-6.465900677861716e-20,0.0,-8.396289965353375e-17,0.0,-4.9344798588896906e-18,0.0,2.718829421930875e-16,1.870339097696611e-16
0.002921875,0.2921875,474.48681301599635,99997.6425,0.8903688826497484,150846.6122833081,0.017538571557217515,0.02017135548516497,0.17546799660287662,0.21346805802451352,3.547868605648815e-05,2.4498221282523716e-05,5.850060931769093e-05,2.753940470764945e-05,0.6397583988706214,0.47316869339701284,0.14787524434332938,0.09575198187527505,0.0192021596096964,0.19734888547498897,1.3235912493471247e-05,5.961066720545443e-06,1.005277953131501e-17,5.2136815974748166e-18,-5.88002862572345e-19,0.0,4.820675740302486e-11,9.908833213787193e-10,5.023278003357014e-11,6.505332606114553e-11,1.904216486179266e-09,2.3198704859259325e-09,2.467704922462073e-06,1.5490857633881093e-06,1.1245733994642967e-05,6.85023120430282e-06,2.3348191879265e-28,2.8444655129061437e-28,6.154089738776438e-07,7.957838529185196e-07,1.69702872481865e-11,2.3417416888105346e-11,5.214327621630643e-13,7.713088541006805e-13,1.4275201914439935e-05,9.229614502600219e-06,5.651999297254612e-06,3.772971294080527e-06,9.339471234581545e-06,6.4438005148685865e-06,4.51324507964188e-09,3.1139290691575753e-09,1.3785486749027252e-12,9.841694911163076e-13,1.1784285749226642e-11,3.937845637129319e-12,1.2034838863687867e-06,8.040029233540494e-07,1.3012902577075722e-09,8.693437304638992e-10,5.342544157240247e-06,3.456804333814707e-06,2.4233569145526717e-10,1.5679927835978404e-10,5.904176477287008e-08,3.7036154494682896e-08,9.591656637211384e-08,4.22718046281355e-08,1.809317186924729e-14,7.97391999410084e-15,8.350727528953838e-09,2.745846022262612e-09,1.1808425915902919e-08,5.434405017652155e-09,2.1360856776714408e-11,9.830569127117196e-12,3.55372878140349e-24,1.6354763673475871e-24,8.887432334229313e-08,2.968681865526054e-08,3.3934024974383736e-15,1.1335031399088225e-15,7.809408021534509e-11,2.6085878465406738e-11,-6.460543959172398e-20,0.0,-8.386129126351013e-17,0.0,-4.923149295497182e-18,0.0,2.716166803090015e-16,1.871535801945787e-16
0.0029375,0.29375,485.3917728018355,99997.6425,0.8863152375568327,188098.2637259914,0.018986498001758667,0.021871921678836826,0.17434352531677902,0.21244279915411568,3.846671239445879e-05,2.6604390025708434e-05,6.457933941641355e-05,3.0450117098855743e-05,0.6404359459707297,0.47443521382283593,0.14704156588642658,0.09536601282868248,0.01901915060556782,0.19578387968191807,1.4570135966486364e-05,6.572565307851907e-06,1.0033593905279159e-17,5.2121400489821184e-18,-5.845233129562466e-19,0.0,7.876090047283267e-11,1.6215355755475625e-09,7.117314432921467e-11,9.232082036449681e-11,2.3419092791876813e-09,2.857713564627645e-09,2.9736273851017176e-06,1.869691669167066e-06,1.2536134820948518e-05,7.648605956728552e-06,6.191221707064252e-28,7.554835027611135e-28,7.044605105957239e-07,9.124081609660547e-07,2.5222020475706666e-11,3.486028055621461e-11,6.820708262102695e-13,1.0105567006701938e-12,1.579517156943347e-05,1.0228851175506605e-05,6.217499228850653e-06,4.157175430651894e-06,1.0108821466219922e-05,6.985886652985081e-06,5.246159178594886e-09,3.6254546098820054e-09,1.6851159632981169e-12,1.2049771059398746e-12,1.5587143794574943e-11,5.217028087600491e-12,1.3075419703316826e-06,8.749317889981984e-07,1.5466627639931278e-09,1.0349376538438264e-09,5.75604997209145e-06,3.7303745806232507e-06,2.663493379724908e-10,1.7261538811439375e-10,6.391560214640542e-08,4.0158238222081455e-08,1.0581224669599285e-07,4.6708326901057193e-08,3.401186761655002e-14,1.5013738775565207e-14,9.37401843646662e-09,3.0873003319445638e-09,1.3022165156353743e-08,6.0026690876257185e-09,2.726469099923202e-11,1.2567872998055484e-11,9.754649005155175e-24,4.496481909178863e-24,9.681498744388471e-08,3.239150715163229e-08,3.9742531516027094e-15,1.3296706716731354e-15,8.448611466869887e-11,2.8266621313058326e-11,-6.454790878933968e-20,0.0,-8.375058797643026e-17,0.0,-4.911171832994045e-18,0.0,2.7132358096005115e-16,1.8725371940416469e-16
0.002953125,0.2953125,496.65975297301935,99997.6425,0.8822366237182004,235400.6848049935,0.020504141152805,0.02365821625113396,0.17317055626929032,0.2113530813291406,4.164015750423788e-05,2.8845557656889652e-05,7.109580332139772e-05,3.357667404490603e-05,0.6411473543270145,0.475726573151839,0.14615183304786944,0.09494150533774894,0.018836007168730996,0.19421063132431496,1.5967620134266337e-05,7.214559807828107e-06,1.0013170514668161e-17,5.20990145761274e-18,-5.81015356669517e-19,0.0,1.2816918181695746e-10,2.6430036359631743e-09,1.0138619817285151e-10,1.317227170438445e-10,2.8753426699698445e-09,3.5142817593520313e-09,3.5764713819999917e-06,2.252353432427734e-06,1.3923010455686527e-05,8.508443565823744e-06,1.641003722743665e-27,2.0056564075290966e-27,8.073935153170549e-07,1.0474085266638019e-06,3.750201514474603e-11,5.1916325787860464e-11,8.983749307237297e-13,1.333175047247366e-12,1.7427434304583525e-05,1.1304056164809559e-05,6.824731583770595e-06,4.570529613986568e-06,1.0917589975972506e-05,7.556942684588993e-06,6.117094850818857e-09,4.234133658212863e-09,2.060086151430933e-12,1.4754779567018094e-12,2.0491361632180976e-11,6.8695104888399625e-12,1.4160929686116637e-06,9.490927689510943e-07,1.8324971973842506e-09,1.2281748993257541e-09,6.185037443671629e-06,4.0148429426941115e-06,2.9252936924058405e-10,1.8988720510140088e-10,6.904705695199846e-08,4.345215090002635e-08,1.1621407271994236e-07,5.138252434816332e-08,6.324629600959359e-14,2.796351826061104e-14,1.0476172631064297e-08,3.4558434662612097e-09,1.4316806833885741e-08,6.61006467628944e-09,3.46324483074902e-11,1.598978919439879e-11,2.643004258422798e-23,1.2202741358871457e-23,1.0502455960204936e-07,3.5194740843287475e-08,4.756875593168208e-15,1.594074798882067e-15,9.092663441641533e-11,3.0470390413097596e-11,-6.448639371249118e-20,0.0,-8.363052054478119e-17,0.0,-4.898547786339332e-18,0.0,2.710025772863135e-16,1.8733316636199774e-16
0.00296875,0.296875,508.2841976522219,99997.6425,0.8781384755696546,295910.7700798263,0.022090629027231825,0.025529556371970595,0.17194984007613068,0.210199209944578,4.5007602847141115e-05,3.1228219958978e-05,7.806039398656834e-05,3.692489076160787e-05,0.6418932112499057,0.4770425417195552,0.1452053919456185,0.09447771072661593,0.01865288720964335,0.19263047184375667,1.741873380436241e-05,7.882808918708266e-06,9.991499303790954e-18,5.2069490828283254e-18,-5.774823947895574e-19,0.0,2.0779564790275648e-10,4.291858225775703e-09,1.4520429433832174e-10,1.889539931395407e-10,3.525922421040935e-09,4.316328530193646e-09,4.29225882261114e-06,2.7074625536907815e-06,1.5406432562950937e-05,9.430046450133949e-06,4.347721091718168e-27,5.322349827528982e-27,9.266883026778637e-07,1.2040909727992013e-06,5.5759190288702837e-11,7.731443278099284e-11,1.1917519515532771e-12,1.7713737117150388e-12,1.9174560846614152e-05,1.2457217575790937e-05,7.475747134066352e-06,5.0145310670196174e-06,1.176533482494564e-05,8.156773652552759e-06,7.157365084523299e-09,4.962120314617602e-09,2.5197127098849855e-12,1.8075617430433802e-12,2.6767117541689136e-11,8.98775759024356e-12,1.5287132128315745e-06,1.0262134177422085e-06,2.1634290765717267e-09,1.4522932935205453e-09,6.627888489754702e-06,4.309195443343303e-06,3.210937017340558e-10,2.0876264266326485e-10,7.44373884779553e-08,4.691935211505971e-08,1.2707051822393369e-07,5.627251010285716e-08,1.161488404781695e-13,5.143590260429022e-14,1.1655830929003488e-08,3.851141066006098e-09,1.569176597238424e-08,7.256482249133459e-09,4.3766003770657326e-11,2.0239100559886064e-11,7.064288501712259e-23,3.2668014680850975e-23,1.1345312614367459e-07,3.808010533178584e-08,5.848862100574279e-15,1.9631480632706784e-15,9.733219327364732e-11,3.266917623178137e-11,-6.442088511315582e-20,0.0,-8.350084767945457e-17,0.0,-4.885279244697882e-18,0.0,2.7065267830155805e-16,1.8739083787953732e-16
0.002984375,0.2984375,520.2580055518343,99997.6425,0.8740259772932683,373914.5393323054,0.023744874481538204,0.027484993409193376,0.17068223058069087,0.20898166565858325,4.8578571172576495e-05,3.375955064840426e-05,8.548226539469349e-05,4.050000498292239e-05,0.6426740433346009,0.47838291502923,0.14420177610921955,0.09397401902761893,0.018469936603459063,0.19104465975464824,1.8911133982243058e-05,8.571810511076067e-06,9.968573566177653e-18,5.203268775436579e-18,-5.73927675635506e-19,0.0,3.3562107368588593e-10,6.943024787296955e-09,2.0907136074962852e-10,2.72497004729467e-10,4.320929551544909e-09,5.297970056041696e-09,5.138756833462401e-06,3.246573185901233e-06,1.6985495324399644e-05,1.0413111871209624e-05,1.1510590036840684e-26,1.4113343116355597e-26,1.0653834331822734e-06,1.386507208783193e-06,8.286715322944066e-11,1.1508457241910951e-10,1.592631107621377e-12,2.370992012924592e-12,2.103869393173647e-05,1.3690048057442045e-05,8.17281210829398e-06,5.490827641500682e-06,1.265131348260726e-05,8.784970557964705e-06,8.406500337896345e-09,5.837406374086629e-09,3.0847870009575146e-12,2.216449648522928e-12,3.473366015050304e-11,1.1681291683976996e-11,1.6448831133046085e-06,1.1059545633991724e-06,2.543885256201583e-09,1.710408165239039e-09,7.082546647341559e-06,4.612124432635365e-06,3.522938445713757e-10,2.2941226213096194e-10,8.008721027453487e-08,5.056087924278471e-08,1.3831842018824473e-07,6.135106132409838e-08,2.1028730605016383e-13,9.327282217079206e-14,1.2910410852239466e-08,4.272448380271841e-09,1.714547166396933e-08,7.941349778291279e-09,5.501059066482928e-11,2.5479517305893566e-11,1.8611232950566398e-22,8.620253415151089e-23,1.2204418094205686e-07,4.102884811614776e-08,7.413687317013488e-15,2.4923355506377737e-15,1.036077953380226e-10,3.4830898661123903e-11,-6.435138436852219e-20,0.0,-8.336135633067374e-17,0.0,-4.871369946693186e-18,0.0,2.7027297227125983e-16,1.874257317322168e-16
0.003,0.3,532.5736105634393,99997.6425,0.8699040404704145,475212.64009957504,0.025465596360234596,0.029523335707993835,0.16936867116201307,0.20770108799132772,5.236368304881826e-05,3.644751478667505e-05,9.33693151695879e-05,4.43066629955434e-05,0.6434903148606748,0.4797475115440568,0.1431407008499566,0.09342995625676419,0.018287289319755793,0.18945437919881003,2.0429502750107655e-05,9.274672890512588e-06,9.94438978428098e-18,5.198848901932428e-18,-5.703542876164893e-19,0.0,5.39744709517243e-10,1.1183395972957337e-08,3.025928459322566e-10,3.9501324488686247e-10,5.295733840955301e-09,6.503457077872468e-09,6.135286760782842e-06,3.882288551558779e-06,1.8658208139682705e-05,1.1456661100300697e-05,3.0425642086798696e-26,3.7364388642030243e-26,1.2272248980443743e-06,1.5996544014200305e-06,1.2305064721634092e-10,1.7116083877638597e-10,2.144578845610142e-12,3.1977369067761476e-12,2.3021518107375615e-05,1.5003962528188031e-05,8.91847240013084e-06,6.00126195526966e-06,1.3574442438202397e-05,9.440880670702993e-06,9.914514980749901e-09,6.8954399613301736e-09,3.782217037860034e-12,2.7218547722621623e-12,4.476215550200854e-11,1.507777035156677e-11,1.7639833369564174e-06,1.1879072587087959e-06,2.9776805078576287e-09,2.0052390605360713e-09,7.54643520570158e-06,4.921973086234502e-06,3.864221027912696e-10,2.520341244602192e-10,8.599651434405424e-08,5.43773595261318e-08,1.4988310522398842e-07,6.658563672346318e-08,3.7464282308442047e-13,1.6643524219539182e-13,1.4236002164651075e-08,4.71857238085775e-09,1.8675213885423093e-08,8.663558005292709e-09,6.875565946950977e-11,3.189621536121731e-11,4.827385667768143e-22,2.239456854589084e-22,1.3073495057570054e-07,4.4019972723712683e-08,9.695875903334714e-15,3.2647137656594485e-15,1.0964697579293987e-10,3.691940726170221e-11,-6.427790266288361e-20,0.0,-8.32118616363855e-17,0.0,-4.856825150401261e-18,0.0,2.698626289816349e-16,1.8743692857348124e-16
0.003015625,0.3015625,545.223057596183,99997.6425,0.8657772876143951,607603.3947400788,0.027251340933618976,0.031643172101092035,0.16801018151127967,0.2063582587849215,5.637480537076403e-05,3.930097758062155e-05,0.00010172817868956867,4.834891137267856e-05,0.6443424266979701,0.48113616997027653,0.14202205636207837,0.09284518056288808,0.018105067691022925,0.18786073958371038,2.195532534584834e-05,9.983003990366386e-06,9.918947453886397e-18,5.193680248596454e-18,-5.667651548788351e-19,0.0,8.633576267728476e-10,1.791664135795567e-08,4.400960425351613e-10,5.754147993747801e-10,6.496929455598919e-09,7.99110509099316e-09,7.302331804488668e-06,4.6280183251142485e-06,2.0421380784764082e-05,1.2558963512648648e-05,8.017420072516919e-26,9.861280901381526e-26,1.41685005821061e-06,1.8497220015399381e-06,1.8250053376821722e-10,2.542524843025445e-10,2.9104147728277496e-12,4.346464733043683e-12,2.51242280648418e-05,1.6400054880167507e-05,9.715628658954262e-06,6.547923262825401e-06,1.4533250392933987e-05,1.0123573178386803e-05,1.1744751119323204e-08,8.181160043607101e-09,4.647238588433762e-12,3.3496083810445946e-12,5.7276102051182705e-11,1.9323248956634403e-11,1.8852932300210784e-06,1.2715912420635487e-06,3.4674870526333744e-09,2.3387482105624755e-09,8.016361664773456e-06,5.236670545197215e-06,4.2382070589123963e-10,2.76859939682882e-10,9.216469659296968e-08,5.836902335946278e-08,1.6167884002885662e-07,7.193854040598159e-08,6.554829134636873e-13,2.916552595702803e-13,1.5627259978599238e-08,5.187832858498527e-09,2.0276978589431868e-08,9.421379719881467e-09,8.543403669543478e-11,3.9695583696551635e-11,1.2308289210660244e-21,5.718853321479951e-22,1.394567826869732e-07,4.7030355991129295e-08,1.3055236789065908e-14,4.402743429958757e-15,1.153321923253677e-10,3.8894587683658824e-11,-6.420046015840507e-20,0.0,-8.305220658177117e-17,0.0,-4.841651500859685e-18,0.0,2.694209009984997e-16,1.8742359276827906e-16
0.00303125,0.303125,558.1980723819,99997.6425,0.8616500409803457,781474.7434348664,0.02910050313137268,0.03384289555819989,0.16660784504689927,0.20495408583915367,6.062517736855297e-05,4.232979835622798e-05,0.00011056423326923156,5.2630193788518194e-05,0.6452307157047122,0.48254874618525956,0.14084589994861693,0.0922194775364397,0.017923382794540286,0.18626477615840908,2.34667443876149e-05,1.0686834655625518e-05,9.892248898267989e-18,5.187755909824548e-18,-5.631630354058876e-19,0.0,1.3715546929530907e-09,2.850715523966195e-08,6.429256424942644e-10,8.41916830624548e-10,7.986683226230844e-09,9.838752372572263e-09,8.66088861557045e-06,5.497570917613803e-06,2.2270500888264525e-05,1.3717455497242232e-05,2.1017685237396925e-25,2.5891574091264585e-25,1.6400087802581918e-06,2.1443892572113212e-06,2.7025498383916094e-10,3.77094030512758e-10,3.981346739172363e-12,5.955060198949437e-12,2.734749416380977e-05,1.787907278377208e-05,1.0567622413196882e-05,7.133207226862025e-06,1.5525825028182387e-05,1.0831800127685164e-05,1.3977400918253764e-08,9.751521273505704e-09,5.7265052334010746e-12,4.133934646403164e-12,7.274800103094291e-11,2.45811750223231e-11,2.007992482102056e-06,1.3564555983347196e-06,4.014222338310421e-09,2.7117204931271804e-09,8.48841025867843e-06,5.553658752143587e-06,4.6489348148500073e-10,3.0416293199589643e-10,9.859058196740972e-08,6.253571776354625e-08,1.736096462992785e-07,7.736725161916661e-08,1.1239422911085062e-12,5.008726640207191e-13,1.707728898252757e-08,5.678020362728502e-09,2.1945275903442854e-08,1.0212385267722927e-08,1.0551889587377264e-10,4.910394485031958e-11,3.079094366421286e-21,1.4328777675853332e-21,1.4813558679324922e-07,5.003488504298317e-08,1.8012243896984797e-14,6.083889578873835e-15,1.2053564891089235e-10,4.071261651162352e-11,-6.411908517228376e-20,0.0,-8.288226141389925e-17,0.0,-4.8258568977997595e-18,0.0,2.689471240245542e-16,1.8738497227760637e-16
0.003046875,0.3046875,571.4901241560628,99997.6425,0.8575263159679071,1010512.3607625783,0.03101134714847301,0.03612072645618267,0.16516279708973686,0.20348958697978276,6.512949479439752e-05,4.554489597866668e-05,0.00011988161101294175,5.715335229584119e-05,0.646155454590245,0.4839851099529078,0.13961244773614298,0.0915527549491267,0.01774233492363074,0.18466745138414012,2.493853601460198e-05,1.1374597303094185e-05,9.864299076429075e-18,5.181071164833709e-18,-5.59550521214922e-19,0.0,2.1603374103582315e-09,4.497085703971472e-08,9.427761717300307e-10,1.236476506527581e-09,9.848596626191334e-09,1.2151132275108736e-08,1.0231519531230544e-05,6.5045514365920845e-06,2.419960474673384e-05,1.4928654784221203e-05,5.467939240778898e-25,6.746306657566546e-25,1.9038222566916176e-06,2.4931745040236174e-06,3.994528021137292e-10,5.582262380163003e-10,5.490670368314678e-12,8.225273602647602e-12,2.9691423687751035e-05,1.944138962192376e-05,1.1478332677908024e-05,7.759883283256813e-06,1.6549754055084212e-05,1.1563953109577074e-05,1.6713800765543798e-08,1.1678578889586912e-08,7.0823817808846555e-12,5.120614790332685e-12,9.169063992019773e-11,3.1029544915550453e-11,2.131167245337173e-06,1.441882464645464e-06,4.616441300860433e-09,3.123342748129862e-09,8.957827407192182e-06,5.8698141034211746e-06,5.101208805608855e-10,3.342679651052215e-10,1.0527244739673414e-07,6.687691883301392e-08,1.855705156734093e-07,8.282493797285576e-08,1.8848153039409426e-12,8.412419940349774e-13,1.857751123431275e-08,6.186348450838396e-09,2.3672969174367972e-08,1.103335788311008e-08,1.295180385263648e-10,6.036500368222079e-11,7.542865361095284e-21,3.515534210351141e-21,1.566923254664037e-07,5.300661337791502e-08,2.5306568121271982e-14,8.560824330951325e-15,1.2512072189141985e-10,4.232642352535721e-11,-6.4033813373352e-20,0.0,-8.27019228538695e-17,0.0,-4.809450365719686e-18,0.0,2.684407164666875e-16,1.873203977292007e-16
0.0030625,0.30625,585.0904803103937,99997.6425,0.8534098183856401,1312523.1968401908,0.032982026068284376,0.038474735024968766,0.1636762138765644,0.2019658747607766,6.990392852589235e-05,4.8958268724435154e-05,0.0001296832190715691,6.192063249621509e-05,0.6471168522011568,0.4854451415534451,0.13832206619690748,0.09084503716842414,0.017562014126256336,0.1830696569648247,2.634226329962833e-05,1.2033185860054713e-05,9.835105389012134e-18,5.173623346476376e-18,-5.559300402974686e-19,0.0,3.3681025083737627e-09,7.02194368365184e-08,1.3864500413276847e-09,1.82114262748618e-09,1.2195336618637288e-08,1.506949344731256e-08,1.2033085759186939e-05,7.661550878262262e-06,2.6201144118501172e-05,1.618807179961076e-05,1.4079942088152442e-24,1.7398256536166225e-24,2.2170774043414277e-06,2.907833907939566e-06,5.891011685035417e-10,8.245122662655129e-10,7.634372005747336e-12,1.1454094531445272e-11,3.215551631785822e-05,2.108697253719627e-05,1.2452281485851797e-05,8.431168598781472e-06,1.76020622614476e-05,1.2318016855236951e-05,2.008156877874364e-08,1.4053188712890103e-08,8.798854659302768e-12,6.371348776778363e-12,1.1464106641446971e-10,3.885555199698957e-11,2.253822088036382e-06,1.5271947471215383e-06,5.26984957940589e-09,3.570861532731331e-09,9.418909412264932e-06,6.181370002393648e-06,5.600793649363868e-10,3.6756461219059086e-10,1.1220804022066218e-07,7.139174163742753e-08,1.9744905078158822e-07,8.826116554805486e-08,3.085271533404565e-12,1.3791388740163739e-12,2.0117510649633604e-08,6.709397908236644e-09,2.545111593134936e-08,1.1880214043703303e-08,1.5796500824517852e-10,7.373578881295762e-11,1.8060695168436886e-20,8.430472163101436e-21,1.6504356627709364e-07,5.591693967383688e-08,3.597037796884577e-14,1.218680315930749e-14,1.2894421134745999e-10,4.368643898000337e-11,-6.394468700821143e-20,0.0,-8.251111314564472e-17,0.0,-4.7924419278221795e-18,0.0,2.6790117832214754e-16,1.8722928080742253e-16
0.003078125,0.3078125,598.9902522990468,99997.6425,0.8493039448294857,1710360.5870100704,0.03501060021105918,0.04090286259461673,0.16214930245264783,0.2003841419516949,7.496605099464363e-05,5.258294944034783e-05,0.00013997076623514513,6.693369211724496e-05,0.6481150541768184,0.4869287284380247,0.13697526373767036,0.09009645945356137,0.01738250079123925,0.18147221641436398,2.764666791927874e-05,1.2648125739399417e-05,9.804677484692505e-18,5.165411705436653e-18,-5.5230385996022e-19,0.0,5.189802664345345e-09,1.083624276578879e-07,2.0425183229633134e-09,2.686962072516323e-09,1.517815583178887e-08,1.87836379663794e-08,1.4081177903038551e-05,8.97913504999098e-06,2.8265853681328625e-05,1.749012094238573e-05,3.578971092636699e-24,4.4291347408245656e-24,2.5905514183031963e-06,3.4028029257443444e-06,8.665456598356136e-10,1.2146594360920034e-09,1.0702157104889198e-11,1.608105757471252e-11,3.473861234969175e-05,2.28153455871677e-05,1.3494745430407442e-05,9.1508066889527e-06,1.86791476078147e-05,1.3091521861809126e-05,2.424061719871726e-08,1.698934965683266e-08,1.0989566169803087e-11,7.969693582100893e-12,1.4213520609671238e-10,4.824700615146303e-11,2.3748992180365256e-06,1.6116688625245138e-06,5.96706356842769e-09,4.049405752000805e-09,9.86490746302873e-06,6.483850251966117e-06,6.154663457933557e-10,4.0452397918629045e-10,1.1939458913355881e-07,7.607894563221778e-08,2.091275425980099e-07,9.362281224663552e-08,4.921277544630886e-12,2.2031715088825678e-12,2.16848508894228e-08,7.2430517693665405e-09,2.726883544850825e-08,1.2747935793534894e-08,1.9140664275459758e-10,8.948088732645763e-11,4.220205294514528e-20,1.9729080925217985e-20,1.7310211965647104e-07,5.8735817959883685e-08,5.141719910400987e-14,1.744652955477152e-14,1.318596882307549e-10,4.4741720433803547e-11,-6.385175416260769e-20,0.0,-8.230977897643673e-17,0.0,-4.7748424849886105e-18,0.0,2.673280894853149e-16,1.8711111208918746e-16
0.00309375,0.309375,613.180432273949,99997.6425,0.845211785440522,2232917.933631428,0.03709505397309391,0.043402941334115895,0.1605832914545288,0.1987456479179357,8.0334644131541e-05,5.643287682293838e-05,0.00015074479503623608,7.219361261950156e-05,0.6491501439086964,0.48843576200082894,0.13557268254627533,0.08930726229473696,0.017203866264958987,0.1798758880518779,2.881835939017047e-05,1.3203882137492016e-05,9.773027069140555e-18,5.156437272607751e-18,-5.486740912424303e-19,0.0,7.893799432067815e-09,1.650680330895949e-07,3.010434918102228e-09,3.966192831810674e-09,1.899816824262996e-08,2.3546233074024392e-08,1.6386306776759464e-05,1.0464671670543786e-05,3.0382626202608723e-05,1.8828036177780254e-05,8.95744803311359e-24,1.110181552466116e-23,3.037357062328487e-06,3.995668386225068e-06,1.2708856823140472e-09,1.7840974456564581e-09,1.51241665510712e-11,2.2759553805287072e-11,3.743883231998522e-05,2.4625547087220912e-05,1.4611868628334325e-05,9.923147596691931e-06,1.9776721073506845e-05,1.3881499351876763e-05,2.939001005992835e-08,2.0629173262957062e-08,1.3808563243351927e-11,1.0029021827854836e-11,1.7467126399647045e-10,5.937986096289668e-11,2.4933062915357966e-06,1.6945534473391019e-06,6.697727924926401e-09,4.552051219319861e-09,1.0287971647111118e-05,6.772027709528641e-06,6.771319228359341e-10,4.457201382100415e-10,1.2682880381753865e-07,8.093693306738497e-08,2.2048547036051778e-07,9.885517996289245e-08,7.638680965785031e-12,3.4248206029952528e-12,2.3264870809145748e-08,7.782422451969323e-09,2.9113221275243338e-08,1.3630523785205286e-08,2.3038682540308875e-10,1.0786484510819529e-10,9.611963202482506e-20,4.50022660891072e-20,1.8077780229722315e-07,6.143201281067878e-08,7.354571914512328e-14,2.4992346976679653e-14,1.337222321176548e-10,4.544156291389164e-11,-6.375506806164703e-20,0.0,-8.209789029867227e-17,0.0,-4.756663700497215e-18,0.0,2.6672110756678794e-16,1.8696545844349486e-16
0.003109375,0.31093750000000003,627.6519201379966,99997.6425,0.8411361283473009,2916132.3318232507,0.039233310972908345,0.045972712232602374,0.15897942277176516,0.19705170596548885,8.602936750407888e-05,6.052266697259902e-05,0.00016200471877427305,7.7700913564362e-05,0.6502221437291292,0.4899661345438233,0.13411509081501388,0.08847778590845169,0.017026173484010636,0.1782813683312304,2.9822848667473153e-05,1.3684329471582705e-05,9.740167718000679e-18,5.1467027219897536e-18,-5.450426941096972e-19,0.0,1.1841201134633304e-08,2.4797885948363624e-07,4.432688980125447e-09,5.848626044972817e-09,2.3918856404616602e-08,2.968876500044878e-08,1.8951970194059987e-05,1.2121068389413483e-05,3.25384049499672e-05,2.0193796929659275e-05,2.2021659993260236e-23,2.733391084422823e-23,3.5732949152787857e-06,4.707653187797067e-06,1.8576426311005044e-09,2.6116577592077376e-09,2.1541161769691514e-11,3.246410436084971e-11,4.025350698154903e-05,2.651608039003914e-05,1.5810770558722003e-05,1.0753225167368102e-05,2.0889756851066475e-05,1.468444324399741e-05,3.5775553118543084e-08,2.5148405653416708e-08,1.7464405251713707e-11,1.2702988205469391e-11,2.126607413449513e-10,7.240141401913021e-11,2.6079537665921227e-06,1.7750947425765587e-06,7.449066837510083e-09,5.0701816687663525e-09,1.0679162252605881e-05,7.039927133625401e-06,7.461184526828263e-10,4.918568906150582e-10,1.3450685836901847e-07,8.596373717735205e-08,2.3140237731535994e-07,1.0390328616811375e-07,1.1525425871489573e-11,5.175096455049573e-12,2.4840473431786746e-08,8.321776289343783e-09,3.096932059490096e-08,1.4520981525833812e-08,2.7542644750404175e-10,1.291427218649004e-10,2.1321940467410832e-19,9.997490990266628e-20,1.8797837649941092e-07,6.397341703610957e-08,1.0485560144101558e-13,3.5684801861128976e-14,1.3439483123661798e-10,4.573768933590439e-11,-6.365468640784978e-20,0.0,-8.187543907864576e-17,0.0,-4.73791789093815e-18,0.0,2.6607996530535917e-16,1.867919601008568e-16
0.003125,0.3125,642.3955409514915,99997.6425,0.8370794651653909,3803908.140716138,0.04142324736832839,0.048609841130875346,0.15733894406141838,0.19530367169291526,9.207027633787678e-05,6.48672770052058e-05,0.0001737488630351017,8.345556955137887e-05,0.6513310162502478,0.4915197364917451,0.13260337539028588,0.08760846495304994,0.01684947761195471,0.17668929542650685,3.062594661573651e-05,1.4073392884024009e-05,9.70611469478119e-18,5.136212235988627e-18,-5.414114831552781e-19,0.0,1.7507191868776995e-08,3.671726171494072e-07,6.510541779926604e-09,8.602776055636536e-09,3.027877274932187e-08,3.763785654169456e-08,2.177276378002125e-05,1.3945528940244307e-05,3.471810516422538e-05,2.157807174664708e-05,5.306752978838915e-23,6.596529158343204e-23,4.217194768748672e-06,5.564090078114092e-06,2.7050584039745934e-09,3.8086023893270095e-09,3.090952972639089e-11,4.6651068434186914e-11,4.317909698912286e-05,2.8484857626150422e-05,1.7099640125420024e-05,1.1646825468273048e-05,2.2012461501704557e-05,1.5496285283004968e-05,4.369789970912254e-08,3.076235341096526e-08,2.2238272954173277e-11,1.619899399934992e-11,2.56367289707144e-10,8.74092170828132e-11,2.7178021244443176e-06,1.8525689340977574e-06,8.206909524389872e-09,5.594176814084382e-09,1.1028561577244564e-05,7.28089461463813e-06,8.237082188224568e-10,5.438000860268125e-10,1.4242435244272113e-07,9.115699615118803e-08,2.41761033782064e-07,1.087132963874563e-07,1.689126067355185e-11,7.595535968864893e-12,2.6391939910998393e-08,8.854466011796098e-09,3.282020517012242e-08,1.5411342781849813e-08,3.269999517648204e-10,1.5354895925159154e-10,4.604784182426434e-19,2.162262761733647e-19,1.9461071910593625e-07,6.63274506292095e-08,1.4856579380079167e-13,5.063436587039851e-14,1.3375661608858812e-10,4.558708477469134e-11,-6.355067075589678e-20,0.0,-8.164243799237338e-17,0.0,-4.7186179233010935e-18,0.0,2.654044676422528e-16,1.8659032748618794e-16
0.003140625,0.3140625,657.4020529213279,99997.6425,0.8330439970218925,4948836.015568143,0.0436627032500059,0.05131193266919854,0.15566310205969608,0.19350293237095773,9.847719675293385e-05,6.948156492341926e-05,0.00018597451126851425,8.945702954083096e-05,0.6524766656850146,0.4930964538975522,0.13103853481919836,0.0866998234838484,0.01667382666852295,0.17510025300880447,3.119550647779578e-05,1.4355853736002163e-05,9.670884769755759e-18,5.1249713729436584e-18,-5.377821333411655e-19,0.0,2.5503520780889935e-08,5.356506373884145e-07,9.523741257479416e-09,1.2602501807099513e-08,3.850278772599425e-08,4.792989550202721e-08,2.483274748673761e-05,1.5928463913528653e-05,3.690457813527491e-05,2.297018836867154e-05,1.2511114741993965e-22,1.5574363769842023e-22,4.991225803744358e-06,6.5948573205185615e-06,3.922472630830153e-09,5.530655459801265e-09,4.465739769275233e-11,6.749790636411611e-11,4.62111022669533e-05,3.052913633418718e-05,1.8487805196764666e-05,1.2610538909576852e-05,2.3138272600846455e-05,1.6312390899099523e-05,5.352084013930556e-08,3.773198114921638e-08,2.8506573991570235e-11,2.079503744354011e-11,3.058358469199264e-10,1.0442649437227014e-10,2.8219183608023974e-06,1.9263210995549316e-06,8.957224953584564e-09,6.114454500605632e-09,1.1325520426605911e-05,7.4877568548201525e-06,9.114778474886218e-10,6.026146475809212e-10,1.5057624294357156e-07,9.65139081589989e-08,2.5145075106888936e-07,1.1323403693079137e-07,2.4031155903801918e-11,1.0821780342804407e-11,2.7896816924086293e-08,9.372887554549085e-09,3.464716052809653e-08,1.6292755110772137e-08,3.8550904442985313e-10,1.812848256003518e-10,9.679984826331154e-19,4.551992713039454e-19,2.005822656912312e-07,6.846155720955819e-08,2.0866684723636166e-13,7.12209389528041e-14,1.3171289157967563e-10,4.495546817682847e-11,-6.344308610019152e-20,0.0,-8.139891905855118e-17,0.0,-4.698777092565107e-18,0.0,2.6469448843855456e-16,1.8636033786526138e-16
0.0031484375,0.31484375000000003,665.0012195381248,99997.6425,0.8310231588440923,5650098.076012476,0.04480713682008311,0.05269481444824947,0.15480722104866665,0.19257771015778327,0.00010184576331161514,7.191008717522919e-05,0.00019230553524877847,9.256904128591547e-05,0.6530668091883424,0.4938981967879074,0.13023164439007515,0.08622806549392796,0.016585895154793962,0.17430238941715198,3.138283864218577e-05,1.4452472162006189e-05,9.652724241064068e-18,5.119034641325075e-18,-5.359581233659698e-19,0.0,3.070127598541285e-08,6.452839249820234e-07,1.1538635775507536e-08,1.5279761628148015e-08,4.3542963234155296e-08,5.424318995786646e-08,2.6452307270373672e-05,1.6979528106477475e-05,3.799978098595604e-05,2.3668914392598092e-05,1.9173334832966603e-22,2.388498086080156e-22,5.439613092940917e-06,7.192487742800311e-06,4.732346519364051e-09,6.677380951442504e-09,5.403861279213693e-11,8.17361196111842e-11,4.777454347440233e-05,3.158476646100422e-05,1.922770226972433e-05,1.3124676650801677e-05,2.37029823707551e-05,1.672255426850346e-05,5.934673892980936e-08,4.186937520726968e-08,3.2393755580689165e-11,2.3647700475959392e-11,3.328119956696594e-10,1.1371931014115515e-10,2.871828834681021e-06,1.961804479685369e-06,9.327341771171713e-09,6.371696199043689e-09,1.1450865904584874e-05,7.576084822266665e-06,9.602146383100085e-10,6.352940998554518e-10,1.5476334843020826e-07,9.926919417480378e-08,2.56033323503272e-07,1.1538078279727243e-07,2.837967759812689e-11,1.2789231385984997e-11,2.862666749264634e-08,9.625038646039577e-09,3.554964026968253e-08,1.672919432280291e-08,4.1751438120363197e-10,1.9647679027787656e-10,1.3944415520209311e-18,6.562059002167608e-19,2.0330153356725127e-07,6.943969892332364e-08,2.465458992076514e-13,8.421025021976119e-14,1.3013047224511552e-10,4.444738145795443e-11,-6.338764681547249e-20,0.0,-8.127245067165262e-17,0.0,-4.688600781228788e-18,0.0,2.643242326549393e-16,1.8623379991679485e-16
0.00315625,0.315625,672.6632325772434,99997.6425,0.8290084549894463,6441056.888789313,0.04596343674883638,0.05409339847855596,0.15394275471866886,0.19163955096335739,0.00010531478955830192,7.44127404882222e-05,0.00019875887171647298,9.574400511360981e-05,0.6536663325360722,0.49470583450414124,0.1294115393834253,0.08574646188302762,0.016498241753650614,0.173505471632439,3.1500388464061984e-05,1.451700125246535e-05,9.63426859429665e-18,5.1129083266857034e-18,-5.341352814981532e-19,0.0,3.679891364035114e-08,7.739991887702495e-07,1.3949432260638235e-08,1.8485437501563132e-08,4.926466780435183e-08,6.141491947001324e-08,2.8121008107187563e-05,1.8063588452522878e-05,3.9089337436808806e-05,2.4365012673501898e-05,2.917080260043455e-22,3.636526079291019e-22,5.931189469906793e-06,7.84809054126742e-06,5.699198465209379e-09,8.047379531670632e-09,6.54413821991311e-11,9.905430945577742e-11,4.936315009975902e-05,3.265841306795842e-05,1.9997151105512114e-05,1.3659677290856614e-05,2.426569822425451e-05,1.713181988692054e-05,6.58304766385258e-08,4.647695930356864e-08,3.686324249410372e-11,2.6929744633412105e-11,3.61134254253125e-10,1.2348523034687165e-10,2.9200169633410386e-06,1.996152107655829e-06,9.689753410774364e-09,6.62401004391818e-09,1.1558712176582049e-05,7.65291757964119e-06,1.0123245315027316e-09,6.702508103917656e-10,1.5900825323292393e-07,1.0206506883383876e-07,2.604081402926091e-07,1.1743637321944306e-07,3.326824597785113e-11,1.500299547710432e-11,2.933474512916457e-08,9.870180496388706e-09,3.6438368198781364e-08,1.7159705198781124e-08,4.513635888033843e-10,2.1255798500847713e-10,1.9942218749873432e-18,9.391271115397482e-19,2.058180425406943e-07,7.034961176066637e-08,2.904689974050442e-13,9.928372140607928e-14,1.2817107324219856e-10,4.380949857568393e-11,-6.333134355034264e-20,0.0,-8.114329950703346e-17,0.0,-4.678296961564389e-18,0.0,2.6394507443062833e-16,1.8609991448599677e-16
0.0031640625,0.31640625,680.3868956605072,99997.6425,0.8270000897014901,7331381.503813061,0.047131317773681014,0.05550736292261631,0.1530698609630883,0.19068863839392636,0.00010888637647297182,7.699113456227187e-05,0.00020533390111892656,9.898171298071586e-05,0.6542752077530375,0.4955193503454837,0.12857837785716433,0.08525510375301633,0.016410870960370052,0.17270956159101425,3.154563537264699e-05,1.4548208714776118e-05,9.615520338907395e-18,5.1065934764583964e-18,-5.323137858744645e-19,0.0,4.392672580295398e-08,9.245780524235875e-07,1.6827588532918324e-08,2.231538195139988e-08,5.575065097028619e-08,6.955006015865978e-08,2.983299583844438e-05,1.9176937424367803e-05,4.0170469510584806e-05,2.5056734965766085e-05,4.407170866697751e-22,5.49803443679409e-22,6.469877376493251e-06,8.566974925945623e-06,6.85211026001442e-09,9.68220525586988e-09,7.931709751596435e-11,1.2014258271340579e-10,5.097601371973767e-05,3.374949832498639e-05,2.079768355090883e-05,1.4216625263838929e-05,2.48253888655238e-05,1.753945145595791e-05,7.304024016322616e-08,5.1603854167759583e-08,4.2004540767213463e-11,3.070748031418885e-11,3.9070567109761727e-10,1.3369195878284452e-10,2.9664246945901224e-06,2.029321348672218e-06,1.004195635669528e-08,6.869669219731244e-09,1.1647714321011264e-05,7.717338255610476e-06,1.0681235945532482e-09,7.076985965475059e-10,1.6331005968744786e-07,1.0490100350436024e-07,2.6456434634701963e-07,1.1939568465611054e-07,3.871787133302897e-11,1.74730526620949e-11,3.001735967055342e-08,1.0107052080843787e-08,3.731063134360264e-08,1.758299042414346e-08,4.870744874196867e-10,2.2953849183828872e-10,2.8325298450067045e-18,1.334856670802302e-18,2.0812073841893163e-07,7.118735532798019e-08,3.4125961403893427e-13,1.1672728815125688e-13,1.2583498177483478e-10,4.304164797966249e-11,-6.32741856787993e-20,0.0,-8.101147445048803e-17,0.0,-4.667867493111493e-18,0.0,2.635570144561103e-16,1.8595866943880362e-16
0.003171875,0.3171875,688.1710065002627,99997.6425,0.8249982493769016,8331224.169538644,0.04831049371276901,0.05693638379298921,0.1521886966412907,0.18972515648497892,0.00011256246237068712,7.964676686317846e-05,0.00021202994489817094,0.00010228192653628805,0.6548934032685472,0.4963387269254024,0.12773232398872728,0.08475408717422447,0.016323786921755904,0.1719147184593942,3.151659798181627e-05,1.4545108588905519e-05,9.5964820520936e-18,5.100091205250757e-18,-5.304938067128736e-19,0.0,5.2227740355727394e-08,1.1000777358908827e-06,2.0255173752078672e-08,2.6879785919564786e-08,6.308966649959712e-08,7.876135714419407e-08,3.15816600686901e-05,2.0315369710625132e-05,4.1240284498815184e-05,2.574225666702562e-05,6.612763452999432e-22,8.255396690598899e-22,7.0598502058342254e-06,9.35479607241766e-06,8.22498568472681e-09,1.1630341984990385e-08,9.621558560599091e-11,1.458421203564234e-10,5.261214149042972e-05,3.485738650442062e-05,2.1630900347681393e-05,1.4796654687002563e-05,2.5380992561762155e-05,1.794468919015485e-05,8.104961385586701e-08,5.73031226452802e-08,4.791954640770471e-11,3.505645779871236e-11,4.2140181041684377e-10,1.4429768392309512e-10,3.0110137246121235e-06,2.0612830092693977e-06,1.0381745045965586e-08,7.10714617302925e-09,1.171659271506327e-05,7.768471043269524e-06,1.127957450848718e-09,7.478714168917883e-10,1.676677977648102e-07,1.0777642094123456e-07,2.684920901732492e-07,1.2125403550107656e-07,4.4740624146723304e-11,2.0205367037541212e-11,3.067068927953311e-08,1.0334344689985216e-08,3.816369923733386e-08,1.7997741021950257e-08,5.24655249393637e-10,2.4742384761160986e-10,3.996680321337857e-18,1.8848072594754275e-18,2.1019899709863948e-07,7.194912758836856e-08,3.9978029941980844e-13,1.3684101336018295e-13,1.231263693185978e-10,4.214499106976814e-11,-6.321618267012734e-20,0.0,-8.087698540321994e-17,0.0,-4.657314246177807e-18,0.0,2.6316005730569987e-16,1.8581005639169909e-16
0.0031796875000000002,0.31796875,696.0143562123797,99997.6425,0.8230031027454588,9451189.613463683,0.04950067761468279,0.05838013515935091,0.15129941744772749,0.18874928947287967,0.00011634479930024022,8.238100549086235e-05,0.0002188462671433807,0.00010564437788298674,0.6555208839586272,0.4971639461288432,0.12687354788613,0.08424351304535273,0.016236993454506733,0.17112099876562653,3.141189936093813e-05,1.4506992311253405e-05,9.577156373664563e-18,5.093402691194948e-18,-5.286755064994719e-19,0.0,6.18582985578437e-08,1.30384407197288e-06,2.43259858008935e-08,3.2304708685184793e-08,7.13760182804643e-08,8.916877984762214e-08,3.3359657667848786e-05,2.1474195793773377e-05,4.2295783409122676e-05,2.6419681919431356e-05,9.85456273905373e-22,1.2311128535083453e-21,7.705534631771915e-06,1.0217559196747129e-05,9.857254236727893e-09,1.39482216456603e-08,1.1680569838073125e-10,1.7717690880147435e-10,5.427045237773052e-05,3.598138132539907e-05,2.2498466232726885e-05,1.540094614201087e-05,2.5931424512285922e-05,1.834675498869641e-05,8.993768760358572e-08,6.363185786153513e-08,5.472391254001502e-11,4.006249760535976e-11,4.5306948677998804e-10,1.5525061360905858e-10,3.053767757231473e-06,2.0920229346048082e-06,1.070718302185543e-08,7.3350936375856495e-09,1.1764161777733763e-05,7.805500457850568e-06,1.1922020173605717e-09,7.910239223309085e-10,1.720804170818517e-07,1.106906900486647e-07,2.721825875012437e-07,1.230072166473661e-07,5.13386578479836e-11,2.3201430577417323e-11,3.129080379912482e-08,1.0550709699135543e-08,3.8994850491740985e-08,1.8402648919668146e-08,5.641040209552901e-10,2.662148494199766e-10,5.603098918131822e-18,2.6442430462553302e-18,2.1204270184791917e-07,7.263129200492634e-08,4.669537307532911e-13,1.5994633380712538e-13,1.2005359770426653e-10,4.1122131698521856e-11,-6.315734407424143e-20,0.0,-8.073984323635838e-17,0.0,-4.646639099210604e-18,0.0,2.627542113106427e-16,1.8565407059740212e-16
0.0031875000000000002,0.31875000000000003,703.9157285850993,99997.6425,0.8210148010494899,10702285.137478948,0.050701581882172796,0.059838289326012914,0.15040217779283221,0.1877612215829348,0.00012023493269338395,8.519507429050867e-05,0.00022578207615791854,0.0001090687703042799,0.6561576111865199,0.4979949890738511,0.12600222539842665,0.08372348695305991,0.01615049406319461,0.1703284565304385,3.123082466214751e-05,1.4433456356509758e-05,9.557546001072189e-18,5.086529172423933e-18,-5.268590401757917e-19,0.0,7.298850440757206e-08,1.5395218563050908e-06,2.914668447223674e-08,3.8733634257966634e-08,8.070900545985054e-08,1.0089884859115805e-07,3.515895638628968e-05,2.2648268576261912e-05,4.3333870978369966e-05,2.7087049715229055e-05,1.4585615560479531e-21,1.8234295016530225e-21,8.411611557846674e-06,1.1161621796382988e-05,1.179465045295835e-08,1.670135334640868e-08,1.418997674549658e-10,2.153914606447514e-10,5.594977343323282e-05,3.712072332159185e-05,2.340210359013034e-05,1.6030722448552164e-05,2.6475585593799078e-05,1.874485860427589e-05,9.978912057533148e-08,7.065124013225714e-08,6.254842328505959e-11,4.582272949973833e-11,4.855261471153199e-10,1.664887304747588e-10,3.0946946320990633e-06,2.121543521542941e-06,1.1016584556146769e-08,7.552332741395672e-09,1.17893601257586e-05,7.827691609391955e-06,1.2612635789820125e-09,8.374315678811185e-10,1.7654677807115398e-07,1.1364312008399826e-07,2.7562817072359464e-07,1.2465151572383988e-07,5.850331654436602e-11,2.6457843779110336e-11,3.1873693382795394e-08,1.075476815278846e-08,3.9801401876927525e-08,1.8796420751947474e-08,6.054084924581592e-10,2.8590733528012664e-10,7.8060703065114e-18,3.686457636697656e-18,2.1364232142468562e-07,7.323040506883645e-08,5.437650751012977e-13,1.8638693142075746e-13,1.1662946583915546e-10,3.99772056838197e-11,-6.309767950479607e-20,0.0,-8.060005974603748e-17,0.0,-4.635843936589932e-18,0.0,2.6233948843177433e-16,1.8549071083154528e-16
0.0031953125000000002,0.31953125000000004,711.8738993199026,99997.6425,0.8190334782244701,12095852.970325207,0.05191291837216586,0.0613105169823102,0.14949713069552897,0.18676113683350967,0.00012423418514306386,8.809004084211445e-05,0.00023283652589710664,0.00011255477893590512,0.6568035428416226,0.4988318360771324,0.12511853792617839,0.08319411903155015,0.016064291957834237,0.1695371433976603,3.097336899545098e-05,1.432442546273124e-05,9.537653684531605e-18,5.079471943630444e-18,-5.25044555319325e-19,0.0,8.580253515249756e-08,1.8110622919720555e-06,3.483791947115866e-08,4.632902633509311e-08,9.119223948593238e-08,1.1408379773276226e-07,3.697089764465634e-05,2.3832022511167906e-05,4.4351367275483365e-05,2.7742341025675943e-05,2.144062219566119e-21,2.6822760572863397e-21,9.183015957143235e-06,1.2193694408823144e-05,1.4090072428184067e-08,1.9965568899710753e-08,1.7248251783306945e-10,2.619954535861078e-10,5.76488361735328e-05,3.8274587270947705e-05,2.434358454745198e-05,1.6687243352062586e-05,2.7012372539504208e-05,1.9138204854197237e-05,1.1069415472347695e-07,7.84265582803557e-08,7.154040578449803e-11,5.244666313961189e-11,5.18560014317126e-10,1.7793980839347545e-10,3.133828277678908e-06,2.1498651167045464e-06,1.1308502195675406e-08,7.757845114176452e-09,1.1791281338094207e-05,7.83441095890667e-06,1.3355780328729442e-09,8.873901722122754e-10,1.8106564237782427e-07,1.1663295434369582e-07,2.7882232271001336e-07,1.261837343196454e-07,6.621444384145187e-11,2.996598589598071e-11,3.241530225358129e-08,1.0945122122415093e-08,4.0580739355655527e-08,1.9177792643334842e-08,6.48545629620636e-10,3.0649204036427254e-10,1.0808819983028745e-17,5.108071258558045e-18,2.1498898753236346e-07,7.374324369709666e-08,6.312593095308324e-13,2.1652787723271433e-13,1.1287137879735958e-10,3.871594395888772e-11,-6.30371986255357e-20,0.0,-8.045764760877948e-17,0.0,-4.624930646185366e-18,0.0,2.6191590413130136e-16,1.85319979279827e-16
0.0032031250000000002,0.3203125,719.8876352627533,99997.6425,0.8170592510832556,13643486.465872377,0.053134398474546346,0.06279648732858714,0.14858442768721083,0.18574921885581627,0.00012834364515557716,9.106680794324341e-05,0.00024000871722651299,0.00011610205135677501,0.6574586333772535,0.49967446662312587,0.12422267223241452,0.08265552382237172,0.015978390071036238,0.16874710876350915,3.064027350363426e-05,1.4180170467954492e-05,9.517482222326618e-18,5.072232352752231e-18,-5.232321923247449e-19,0.0,1.00498800804268e-07,2.1227272578181874e-06,4.153542883501876e-08,5.527384922330597e-08,1.0293284157373976e-07,1.288605852944453e-07,3.878627730775414e-05,2.501952452612422e-05,4.534502088909968e-05,2.8383486954317925e-05,3.1301353849618026e-21,3.918584890790916e-21,1.0024935887302232e-05,1.3320840259358767e-05,1.6804522260546964e-08,2.3828389089446628e-08,2.0974508916479002e-10,3.1881630336763456e-10,5.9366273126838184e-05,3.944207973029171e-05,2.5324721422608626e-05,1.7371799056632514e-05,2.7540689583965363e-05,1.9526001900664463e-05,1.227485724739734e-07,8.702719124455416e-08,8.186516655998054e-11,6.005728029411201e-11,5.519310928179582e-10,1.8952172567881408e-10,3.171230444129423e-06,2.1770272679610304e-06,1.1581717228435169e-08,7.950766953184689e-09,1.1769204349264508e-05,7.825146906995975e-06,1.4156091391130973e-09,9.412148134838312e-10,1.8563566258915448e-07,1.196593633976431e-07,2.8175969394586666e-07,1.2760119768433714e-07,7.443997831441208e-11,3.3711813976984235e-11,3.2911567204767894e-08,1.112036771419186e-08,4.133035055579315e-08,1.954554572992667e-08,6.934815848187607e-10,3.279545381701878e-10,1.487747217946701e-17,7.035708841543455e-18,2.1607457000710394e-07,7.416683194518773e-08,7.305362008131519e-13,2.507539671781071e-13,1.088014211808865e-10,3.734570301287697e-11,-6.297591113457996e-20,0.0,-8.03126203376894e-17,0.0,-4.6139011173773235e-18,0.0,2.614834772451519e-16,1.8514188142639644e-16
0.0032109375000000002,0.32109375,727.9556936458184,99997.6425,0.8150922195065495,15356932.095168585,0.05436573317238437,0.06429586818071838,0.14766421872713262,0.1847256507290935,0.00013256416163730077,9.412610914286663e-05,0.0002472976989448002,0.00011971020807156847,0.658122833847667,0.5005228593361615,0.12331482025472047,0.08210782013474625,0.01589279107472335,0.16795839990416966,3.0233047762914304e-05,1.4001319862587389e-05,9.497034456222044e-18,5.0648117977351985e-18,-5.214220845793913e-19,0.0,1.1728994039547657e-07,2.4790901259642456e-06,4.939108025072221e-08,6.57730177947833e-08,1.1604054715995488e-07,1.453697817284159e-07,4.059544290302485e-05,2.6204535798514367e-05,4.6311523665922885e-05,2.900837789719103e-05,4.5382553081358555e-21,5.685298800445527e-21,1.0942810982582504e-05,1.455047419488148e-05,2.0008130101909166e-08,2.8390513539251098e-08,2.551248628384368e-10,3.880607669819814e-10,6.110061461515476e-05,4.062223672072389e-05,2.63473554448208e-05,1.8085702545671846e-05,2.805946157522788e-05,1.9907470605651193e-05,1.360535935693849e-07,9.652654622449746e-08,9.370743701628938e-11,6.879213750620327e-11,5.853731144620062e-10,2.0114310336417697e-10,3.2069921720375036e-06,2.203089798296089e-06,1.1835231162771637e-08,8.130383747900597e-09,1.172262234232875e-05,7.799529460753905e-06,1.5018456305986628e-09,9.992379605254621e-10,1.902553714455084e-07,1.2272143796568294e-07,2.8443610241249204e-07,1.289017566021489e-07,8.313589805135094e-11,3.767581964674558e-11,3.335846021976563e-08,1.1279109522860646e-08,4.204785799764338e-08,1.9898522098604867e-08,7.401718090993147e-10,3.5027527682747885e-10,2.035852758757462e-17,9.634369748849392e-18,2.1689174806981496e-07,7.449846645612999e-08,8.427433525782503e-13,2.894673861126711e-13,1.0444631787948833e-10,3.587545666562984e-11,-6.291382675179739e-20,0.0,-8.016499223923502e-17,0.0,-4.602757238807082e-18,0.0,2.6104222985547776e-16,1.8495642594291233e-16
0.0032187500000000003,0.321875,736.076821360395,99997.6425,0.8131324666430557,17247979.645460073,0.05560663308650003,0.065808326056342,0.1467366521293019,0.18369061483103016,0.00013689634474152784,9.726850879064889e-05,0.00025470246850994535,0.0001233788428545008,0.6587960919446448,0.5013769919550439,0.12239517891915044,0.08155113090677117,0.015807497396406724,0.16717106210125543,2.9753976922390695e-05,1.3788864290797137e-05,9.4763132670851e-18,5.057211723420406e-18,-5.196143586406521e-19,0.0,1.3640264371246811e-07,2.885032874086164e-06,5.8573825096606364e-08,7.805473582123703e-08,1.306267562811343e-07,1.6375438616745894e-07,4.2388405346485376e-05,2.7380583176376637e-05,4.724752693638428e-05,2.9614873673914767e-05,6.534357260045258e-21,8.191504501686295e-21,1.1942330730791825e-05,1.5890361310983636e-05,2.3781262245300388e-08,3.376743527340686e-08,3.1035183528895986e-10,4.723867415958518e-10,6.285028584250961e-05,4.181402161141867e-05,2.74133436931858e-05,1.8830280646526967e-05,2.8567648520639977e-05,2.028185494074818e-05,1.507157066618473e-07,1.0700195004147515e-07,1.0727281249158541e-10,7.880446771003412e-11,6.185964727711475e-10,2.1270428659917593e-10,3.24123495538131e-06,2.2281336724735376e-06,1.206825709540815e-08,8.296124894525949e-09,1.1651268903367608e-05,7.757348148295751e-06,1.5947970678842123e-09,1.0618067597670274e-09,1.9492317072416675e-07,1.258181815587215e-07,2.868485161567481e-07,1.3008378137856874e-07,9.224655593647163e-11,4.183316328820966e-11,3.375203436791012e-08,1.1419976251875518e-08,4.273105224089871e-08,2.0235640748688433e-08,7.885613731803865e-10,3.734297149064338e-10,2.7700620149018085e-17,1.3117856183164775e-17,2.1743407598123584e-07,7.473574006608329e-08,9.690672812091988e-13,3.33084683751441e-13,9.983726779022604e-11,3.431574402865073e-11,-6.285095520438088e-20,0.0,-8.001477837111739e-17,0.0,-4.591500896644936e-18,0.0,2.6059218716478027e-16,1.847636245789973e-16
0.0032265625000000003,0.32265625000000003,744.2497542819627,99997.6425,0.8111800591223359,19328343.572089598,0.05685680850726448,0.06733352624601299,0.14580187450093104,0.1826442927032979,0.00014134057351743447,0.00010049440693748407,0.0002622219724034576,0.000127107522921568,0.6594783520342621,0.5022368413097005,0.12146394995680258,0.08098558306795607,0.01572251123499625,0.1663851387645365,2.9206112390084426e-05,1.3544153413932892e-05,9.455321570633657e-18,5.049433618503795e-18,-5.178091344081315e-19,0.0,1.5807728919164333e-07,3.3457392784848747e-06,6.927053305112852e-08,9.237167917837143e-08,1.4680357856831694e-07,1.8415863102416483e-07,4.415496283208445e-05,2.8541038768529016e-05,4.8149659135627544e-05,3.0200814575412018e-05,9.343196387668709e-21,1.1720628835640228e-20,1.3029432827222834e-05,1.734861566104374e-05,2.8215712249773923e-08,4.00911790222222e-08,3.775023090116231e-10,5.749864773582925e-10,6.4613604359412e-05,4.301632324947125e-05,2.8524544219461298e-05,1.9606863810970786e-05,2.9064261493373668e-05,2.0648433404137424e-05,1.6684643193418214e-07,1.1853449086591643e-07,1.2278916980750287e-10,9.026426965970074e-11,6.512921558690771e-10,2.240986742409369e-10,3.2741115609032714e-06,2.252261629437348e-06,1.228021039235591e-08,8.447557804197283e-09,1.1555140146288826e-05,7.698567310550318e-06,1.694988375238988e-09,1.1292794316794697e-09,1.9963732002937555e-07,1.289485030342528e-07,2.889950190638006e-07,1.3114614813529296e-07,1.0170542676163494e-10,4.615399603582757e-11,3.408847194148778e-08,1.1541637153503536e-08,4.337792396443494e-08,2.0555913106874926e-08,8.385855037975908e-10,3.9738856020129865e-10,3.7481440283784077e-17,1.7761689799301656e-17,2.1769604151917567e-07,7.487656301161153e-08,1.1107224176419806e-12,3.8203302417721507e-13,9.500963978444627e-11,3.2678569763538724e-11,-6.278730621583571e-20,0.0,-7.98619945009714e-17,0.0,-4.580133972523529e-18,0.0,2.6013337737114946e-16,1.8456349205344909e-16
0.0032343750000000003,0.32343750000000004,752.4732166673805,99997.6425,0.8092350472835176,21609538.966505986,0.058115969416543366,0.06887113287249279,0.14486003069265063,0.18158686493223972,0.0001458970105763396,0.00010380404926282396,0.0002698551060645033,0.00013089578889703677,0.6601695551940927,0.5031023832992487,0.1205213397241533,0.08041130740373394,0.015637834576129064,0.16560067155142855,2.8593245363924957e-05,1.3268884774510419e-05,9.434062313414226e-18,5.041479012616137e-18,-5.160065252996383e-19,0.0,1.8256739144754477e-07,3.866684032232523e-06,8.168667397787212e-08,1.0900197868787696e-07,1.6468292899455638e-07,2.0672684548277108e-07,4.588483415800203e-05,2.9679205970951085e-05,4.9014544700582045e-05,3.076403325647838e-05,1.3266623741385843e-20,1.6653622163558856e-20,1.421030185367187e-05,1.8933699379446937e-05,3.341597249424742e-08,4.751216002111214e-08,4.590606891900071e-10,6.996824527680213e-10,6.638877797022261e-05,4.4227954381287326e-05,2.9682799347444625e-05,2.0416774601215542e-05,2.9548379783310736e-05,2.1006531365665595e-05,1.845620117069745e-07,1.3120880793682904e-07,1.4050804995531075e-10,1.0335937520923225e-10,6.831366442481387e-10,2.352143865238176e-10,3.3058064710878895e-06,2.275598556707244e-06,1.2470698477490706e-08,8.58438136191627e-09,1.1434511533032284e-05,7.623337906412005e-06,1.8029530628386968e-09,1.2020207761139925e-09,2.0439592575884757e-07,1.3211120924083468e-07,2.908747609217833e-07,1.3208821787276007e-07,1.1143626615803197e-10,5.060397043924716e-11,3.4364133654306444e-08,1.1642818891446922e-08,4.39866938771812e-08,2.0858457569339486e-08,8.9017032633268e-10,4.221181076518125e-10,5.0440851971892864e-17,2.3919014544597648e-17,2.1767311585890505e-07,7.491918123680808e-08,1.268937938131224e-12,4.367456724731103e-13,9.000252522880776e-11,3.097725446149342e-11,-6.27228894927762e-20,0.0,-7.970665706641948e-17,0.0,-4.568658342066234e-18,0.0,2.5966583154609243e-16,1.8435604594697212e-16
0.0032421875000000003,0.32421875,760.7459206429068,99997.6425,0.8072974654229779,24102756.05665706,0.0593838255025217,0.07042080894120016,0.14391126376075083,0.18051851104486483,0.00015056562372877066,0.0001071975420183139,0.0002776007133245646,0.0001347431545391309,0.6608696392513586,0.5039735928710483,0.11956755902825646,0.07982843842260913,0.015553469206998492,0.16481770048273914,2.7919863073983397e-05,1.2965084562133438e-05,9.412538468924669e-18,5.033349473470809e-18,-5.142066384225812e-19,0.0,2.101388553753676e-07,4.453617706004609e-06,9.604681368286574e-08,1.28249956996421e-07,1.8437573513345489e-07,2.3160245460931486e-07,4.756779843430374e-05,3.078840997325333e-05,4.983882409859898e-05,3.130236738506423e-05,1.8706604695096008e-20,2.3498187338233104e-20,1.5491368454231814e-05,2.0654422451032796e-05,3.9500581782987965e-08,5.620115750908941e-08,5.579901716824851e-10,8.510371634808822e-10,6.81739031432113e-05,4.544765040660521e-05,3.0889917169611914e-05,2.1261314890636537e-05,3.0019169129406774e-05,2.135553422735139e-05,2.0398302661601712e-07,1.451128273377088e-07,1.607059955053614e-10,1.1829648660906295e-10,7.137976912582593e-10,2.4593624395030636e-10,3.3365359239195577e-06,2.2982915870612546e-06,1.2639509758032686e-08,8.706418754017145e-09,1.1289948210405186e-05,7.532005027272374e-06,1.919225225102491e-09,1.280396842796599e-09,2.0919693054614948e-07,1.3530499794581167e-07,2.9248789341829444e-07,1.3290980901353078e-07,1.2135465992595074e-10,5.5144930906912e-11,3.457560763852005e-08,1.1722322398020475e-08,4.45558392697083e-08,2.1142512500111866e-08,9.432337993038457e-10,4.4758066999015196e-10,6.752138106126602e-17,3.204005729689355e-17,2.1736179367878333e-07,7.486219137926119e-08,1.4449423559859446e-12,4.976566918916576e-13,8.485814756704345e-11,2.922623509742263e-11,-6.26577147157908e-20,0.0,-7.954878313617291e-17,0.0,-4.5570758730450134e-18,0.0,2.591895835143503e-16,1.8414130659574073e-16
0.0032500000000000003,0.325,769.0665657993327,99997.6425,0.8053673320633286,26818737.465345755,0.06066008616991316,0.07198221638459638,0.1429557149418013,0.17943940942048434,0.000155346214260265,0.00011067487177308038,0.00028545758527390077,0.00013864910619001736,0.6615785388221644,0.5048504440001994,0.11860282295823502,0.07923711422685943,0.015469416730658244,0.16403626405415847,2.719108822285174e-05,1.2635080471651376e-05,9.390753033981445e-18,5.025046604127744e-18,-5.124095747501818e-19,0.0,2.4106903778515727e-07,5.112547554431978e-06,1.1259489117606085e-07,1.504465750637325e-07,2.0599131784146386e-07,2.589271926551428e-07,4.919383786422303e-05,3.186209061472783e-05,5.0619174820238775e-05,3.181367294521498e-05,2.6193905723893045e-20,3.292524434928342e-20,1.6879309069826483e-05,2.2519943213669765e-05,4.6603542718059923e-08,6.635139437794383e-08,6.778130834459863e-10,1.0344780431846322e-09,6.996696397234723e-05,4.6674068499248565e-05,3.2147651292084516e-05,2.2141751809511083e-05,3.047590082191874e-05,2.1694901251301398e-05,2.2523393546562846e-07,1.603374422604239e-07,1.8368583666071735e-10,1.353021791426672e-10,7.429408543327997e-10,2.5614801317070294e-10,3.3665475292834894e-06,2.3205099023399255e-06,1.278660184678799e-08,8.813609772223995e-09,1.1122307866446056e-05,7.425110434460143e-06,2.0443305027374106e-09,1.3647688887622033e-09,2.1403810349676018e-07,1.3852845125346323e-07,2.938354942030301e-07,1.336111643693923e-07,1.3136992134046395e-10,5.973576541875062e-11,3.471975696551419e-08,1.1779039291946178e-08,4.50841159894626e-08,2.1407447099314015e-08,9.97686809219583e-10,4.737350865445283e-10,8.991741005250631e-17,4.269579555372136e-17,2.167596226275505e-07,7.47045521204552e-08,1.6399458344413114e-12,5.65194834622179e-13,7.962113661713127e-11,2.744081798169895e-11,-6.259179152785647e-20,0.0,-7.938839037268916e-17,0.0,-4.54538842414859e-18,0.0,2.5870466973709287e-16,1.8391929698658452e-16
0.0032578125000000003,0.32578125,777.4338389077735,99997.6425,0.8034446502458112,29767662.586816628,0.0619444605476815,0.07355501610284725,0.1419935236400992,0.1783497372184859,0.00016023845121826302,0.0001142359295335157,0.0002934244584938105,0.00014261310191635305,0.6622961853520369,0.5057329096690881,0.117627350724479,0.07863747638772388,0.015385678579780059,0.163256399343051,2.6412602754075503e-05,1.2281467144891942e-05,9.368709025242189e-18,5.016572040321733e-18,-5.106154292942278e-19,0.0,2.7564562190219243e-07,5.849714264220807e-06,1.3159424733557836e-07,1.7594954666369622e-07,2.296370044586395e-07,2.888406059797016e-07,5.075328013484213e-05,3.289389534645227e-05,5.1352333148632385e-05,3.229583807733836e-05,3.6423468435599394e-20,4.581394326939128e-20,1.8381046152880423e-05,2.4539769493564845e-05,5.487580053537583e-08,7.818071149572558e-08,8.227015855821469e-10,1.2564386625439343e-09,7.176583172561606e-05,4.790578711932027e-05,3.345767891109663e-05,2.3059302488479723e-05,3.0917971413144384e-05,2.2024179870741793e-05,2.4844253723214564e-07,1.7697613644917204e-07,2.097779256237103e-10,1.546238686479006e-10,7.702365967059201e-10,2.65734858700263e-10,3.396119449012633e-06,2.3424442340906198e-06,1.2912089294904525e-08,8.906002740188014e-09,1.0932735375594043e-05,7.303389608032197e-06,2.1787762995744196e-09,1.4554868144033936e-09,2.1891703154074134e-07,1.417800297251184e-07,2.94919481557337e-07,1.3419291366589322e-07,1.4138727445883952e-10,6.433339098089494e-11,3.479376448405005e-08,1.1811967443473201e-08,4.557057464871599e-08,2.1652769564414986e-08,1.0534343874017848e-09,5.005372922652887e-10,1.1913457640119332e-16,5.660656135794227e-17,2.1586522166439818e-07,7.444559171431283e-08,1.8551202202534955e-12,6.397766228071143e-13,7.433768297293969e-11,2.5636889318814303e-11,-6.252512952697722e-20,0.0,-7.922549699603813e-17,0.0,-4.53359784337073e-18,0.0,2.582111291977726e-16,1.8369004265312865e-16
0.0032656250000000003,0.32656250000000003,785.8464137660501,99997.6425,0.8015294078471944,32959043.345284034,0.06323665749593675,0.0751388680025908,0.14102482742844313,0.17724967032290345,0.00016524191079227358,0.00011788053860059994,0.00030150001259305253,0.00014663457030866166,0.6630225071576897,0.5066209618465866,0.11664136550717838,0.07802966982619934,0.015302256029840372,0.16247814211016137,2.5590557709878995e-05,1.1907064984625287e-05,9.346409475981298e-18,5.007927447905765e-18,-5.08824291282606e-19,0.0,3.1416531460142945e-07,6.67156483754469e-06,1.5332737838922967e-07,2.0514308382804428e-07,2.554180265997431e-07,3.2147991254638214e-07,5.223693690484733e-05,3.387777001293451e-05,5.203511650059083e-05,3.2746797327983844e-05,5.029756883432303e-20,6.330664380041086e-20,2.0003748618024685e-05,2.672376005121348e-05,6.448677300144731e-08,9.1933822170087e-08,9.975793687539445e-10,1.5245172339111367e-09,7.356826499693998e-05,4.914130592979955e-05,3.482157733733746e-05,2.401511767571736e-05,3.1344922726070183e-05,2.2343020263775493e-05,2.737393538695608e-07,1.951245496424043e-07,2.393413260854421e-10,1.7653074874190626e-10,7.95367736167268e-10,2.7458592405638237e-10,3.425559134911551e-06,2.36430605581466e-06,1.3016231049360259e-08,8.983746209559999e-09,1.0722648844720553e-05,7.167763022474109e-06,2.323041645886315e-09,1.5528823381406992e-09,2.2383111221495126e-07,1.4505806740735453e-07,2.9574252250234254e-07,1.3465603289719143e-07,1.5131024451677688e-10,6.889383741958108e-11,3.47951739137133e-08,1.182022532069156e-08,4.60145699827841e-08,2.1878132016535494e-08,1.110376994412279e-09,5.279409213421904e-10,1.5706103343315796e-16,7.467639109503244e-17,2.146782882009326e-07,7.408501165146218e-08,2.0915768325180714e-12,7.217986285692607e-13,6.905459574229176e-11,2.3830591221066347e-11,-6.245773825662895e-20,0.0,-7.906012174944009e-17,0.0,-4.521705966996087e-18,0.0,2.57709003291877e-16,1.834535715737029e-16
0.0032734375000000003,0.32734375000000004,794.3029511818117,99997.6425,0.7996215779217951,36401635.275494576,0.06453638561316064,0.07673343103505963,0.14004976206285677,0.17613938330464698,0.0001703561196010553,0.00012160848533235921,0.00030968286699339253,0.00015071290891091472,0.663757429469855,0.5075145714665881,0.11564509431579956,0.07741384270058367,0.015219150211716059,0.1617015268959404,2.47314715232106e-05,1.1514873406221186e-05,9.323857433018482e-18,4.999114520355603e-18,-5.070362443338999e-19,0.0,3.5693238070950647e-07,7.584721900556414e-06,1.7809539234247368e-07,2.384372423243446e-07,2.8343774351463215e-07,3.5698027128584317e-07,5.363623494451508e-05,3.480804519894228e-05,5.26644461202785e-05,3.316454617160955e-05,6.897791805788107e-20,8.687535963171352e-20,2.1754832104002847e-05,2.908212577251788e-05,7.562591882176523e-08,1.0788462907706161e-07,1.2082348581162498e-09,1.847653281222402e-09,7.537191045855982e-05,5.037904611701125e-05,3.6240799118340854e-05,2.501026432761412e-05,3.175646180322571e-05,2.2651189934732168e-05,3.012569325337308e-07,2.1487998380484535e-07,2.7276497304173177e-10,2.0131470879797344e-10,8.180369827055982e-10,2.8259695349528543e-10,3.45520162639795e-06,2.386326466640845e-06,1.3099417816587934e-08,9.047080550809548e-09,1.0493717074975308e-05,7.019321633587347e-06,2.4775671868354124e-09,1.6572622292907467e-09,2.2877754816141953e-07,1.4836076795831734e-07,2.9630793733340595e-07,1.3500180186244e-07,1.610431633264265e-10,7.337338790972604e-11,3.472192634602391e-08,1.1803064822022424e-08,4.6415762453725884e-08,2.2083331745991353e-08,1.168411812594626e-09,5.558979172040078e-10,2.0605238887328489e-16,9.803400870726199e-17,2.1319959441393808e-07,7.362288656906264e-08,2.3503420880832834e-12,8.116289781184352e-13,6.38182942322e-11,2.2037973619058437e-11,-6.238962720007414e-20,0.0,-7.88922838660864e-17,0.0,-4.5097146182488844e-18,0.0,2.571983357197253e-16,1.8320991407039548e-16
0.0032812500000000003,0.328125,802.8020990942263,99997.6425,0.7977211190680593,40103367.29660385,0.06584335324428815,0.07833836323411242,0.1390684615118902,0.17501904940237328,0.0001755806004701684,0.0001254195518098296,0.00031797157691732095,0.00015484748225559142,0.6645008744767447,0.5084137084056451,0.11463876786122909,0.07679014630203358,0.015136362123665774,0.16092658711125776,2.384211959020227e-05,1.1108019832177993e-05,9.30105595389643e-18,4.9901349763898515e-18,-5.052513666364374e-19,0.0,4.04257032868333e-07,8.595949817229792e-06,2.0621715226989466e-07,2.7626684389983757e-07,3.1379821735864916e-07,3.9547549640488404e-07,5.494333666715646e-05,3.567951599561562e-05,5.3237369894783394e-05,3.354715565889683e-05,9.394789156882309e-20,1.18401211348846e-19,2.364195843848474e-05,3.162542979121995e-05,8.850432985516056e-08,1.263385828106734e-07,1.4614462984355879e-09,2.236323113369638e-09,7.717430418886925e-05,5.161735109977978e-05,3.771664594268791e-05,2.6045707296562128e-05,3.21524803948796e-05,2.2948588015890128e-05,3.311290655884208e-07,2.3634084876031804e-07,3.1046882756338945e-10,2.2929125074925035e-10,8.379742838754185e-10,2.8967285710199864e-10,3.4854074165196847e-06,2.40875477120594e-06,1.3162159464404989e-08,9.096329530657003e-09,1.0247828893584579e-05,6.859306855440159e-06,2.6427458363567288e-09,1.7689019616492522e-09,2.33753343586537e-07,1.5168620203590283e-07,2.966196035782876e-07,1.3523176124678817e-07,1.7049368918288596e-10,7.772973057587837e-11,3.4572391574586165e-08,1.1759882390071015e-08,4.6774111459462055e-08,2.2268308455429327e-08,1.2274339762041032e-09,5.843591152870064e-10,2.6903228040424027e-16,1.2808140267295797e-16,2.114309735353673e-07,7.305966066838953e-08,2.632331086476052e-12,9.0959811956134e-13,5.867377048262526e-11,2.02746347420971e-11,-6.23208057727658e-20,0.0,-7.872200303765197e-17,0.0,-4.4976256064703305e-18,0.0,2.5667917238339153e-16,1.8295910271011787e-16
0.0032890625000000003,0.32890625,811.3424928318757,99997.6425,0.7958279758185649,44071292.78580164,0.06715726848960997,0.07995332175408604,0.13808105800122078,0.17388884052313772,0.0001809149191054427,0.00012931354927238925,0.000326364628540584,0.00015903761948412145,0.6652527613675872,0.5093183414595058,0.11362262044225685,0.07615873495939263,0.015053892642682764,0.16015335512240278,2.292941835567307e-05,1.0689705922203803e-05,9.27800810419944e-18,4.980990557651466e-18,-5.0346973112367355e-19,0.0,4.5645369908188946e-07,9.712118068216614e-06,2.380280970553828e-07,3.190899608892951e-07,3.4660114944524894e-07,4.37099230073183e-07,5.6151247087174016e-05,3.6487513222078325e-05,5.375108505202652e-05,3.389278703986281e-05,1.2708606995363426e-19,1.602684336698516e-19,2.567303352627696e-05,3.436458549542765e-05,1.0335633030065545e-07,1.4763505806453013e-07,1.765118909245439e-09,2.7027544642958645e-09,7.897287352855518e-05,5.285448759714974e-05,3.925024154260369e-05,2.7122290262812984e-05,3.253307354848264e-05,2.3235258974347528e-05,3.634899263046862e-07,2.5960604551148527e-07,3.5290506123209466e-10,2.6080043034679767e-10,8.549436879326345e-10,2.9573011844946296e-10,3.516559901917403e-06,2.4318567652950027e-06,1.3205072542209432e-08,9.131891932360876e-09,9.9870552552636e-06,6.689085606784825e-06,2.8189146619567146e-09,1.8880401690089257e-09,2.387553028690059e-07,1.5503230607545037e-07,2.9668186223993385e-07,1.353476705550359e-07,1.795752378872897e-10,8.192307394159126e-11,3.434539397874798e-08,1.1690228304388733e-08,4.708985983774906e-08,2.2433137334698535e-08,1.2873376691987382e-09,6.132747650719372e-10,3.4961067153994647e-16,1.6655102043953538e-16,2.0937529733595383e-07,7.239614104603578e-08,2.93831933241184e-12,1.0159889133733664e-12,5.3663564129196055e-11,1.855536449219469e-11,-6.225128331836671e-20,0.0,-7.85492993840591e-17,0.0,-4.485440725980958e-18,0.0,2.561515612867064e-16,1.8270117220707327e-16
0.0032968750000000003,0.3296875,819.9227555001593,99997.6425,0.793942079051302,48311563.621221356,0.06847783921382664,0.08157796290667897,0.1370876820742449,0.17274892726402047,0.00018635872995496216,0.00013329035110166808,0.0003348604332828912,0.00016328261153788454,0.6660130063754874,0.5102284383184817,0.11259688984804801,0.07551976595457341,0.014971742535203936,0.15938186233034707,2.2000307390509334e-05,1.0263152654413327e-05,9.254716955104437e-18,4.971683026506346e-18,-5.016914056531082e-19,0.0,5.138391929519294e-07,1.0940162418426936e-05,2.738787374595707e-07,3.6738595854278656e-07,3.8194916787894756e-07,4.819865633724981e-07,5.725390463750407e-05,3.7227964388391445e-05,5.42029604951772e-05,3.4199706205362976e-05,1.7075223052968089e-19,2.154744340411108e-19,2.7856202738143177e-05,3.731085117385434e-05,1.2044106396499137e-07,1.7214972039723294e-07,2.1284340855740015e-09,3.2611603351601396e-09,8.076493939708206e-05,5.4088647010449626e-05,4.0842503842703934e-05,2.824071607972399e-05,3.2898556831879524e-05,2.351140538631717e-05,3.9847311755534516e-07,2.847742850931038e-07,4.005593152306372e-10,2.9620785623658824e-10,8.687494418750893e-10,3.006989459956096e-10,3.5490624387576696e-06,2.4559127413445938e-06,1.3228867954030258e-08,9.154233243988989e-09,9.713605431084611e-06,6.510121290206314e-06,3.0063485454618283e-09,2.014874272014411e-09,2.437800314360364e-07,1.5839688254070495e-07,2.964994289130991e-07,1.3535146808872343e-07,1.882092244838375e-10,8.591718012783691e-11,3.404023299780506e-08,1.159381415690022e-08,4.736350975135245e-08,2.2578017990459786e-08,1.348017018467936e-09,6.425949566278911e-10,4.522220476299623e-16,2.155726545746602e-16,2.070364463769423e-07,7.163348847108817e-08,3.2689128241733885e-12,1.1310261222175594e-12,4.882679338689277e-11,1.6893805908898756e-11,-6.218106910280896e-20,0.0,-7.837419342485076e-17,0.0,-4.473161755462452e-18,0.0,2.5561555243929366e-16,1.8243615932754796e-16
0.0033046875000000003,0.33046875000000003,828.5414984876682,99997.6425,0.792063346419438,52829427.84196306,0.06980477305408303,0.08321194219550529,0.13608846266934602,0.17159947895594166,0.00019191181951254342,0.00013734992409872486,0.0003434573212214942,0.00016758170791050065,0.6667815228186954,0.5111439655415612,0.11156181727817789,0.07487339944974193,0.014889912467169548,0.15861213924437143,2.106163302801341e-05,9.831545922801981e-06,9.231185581051628e-18,4.962214163905953e-18,-4.999164531802936e-19,0.0,5.767308135831143e-07,1.228704444196823e-05,3.1413283301709617e-07,4.2165310068624713e-07,4.199474383226423e-07,5.302760717483806e-07,5.8246253763618894e-05,3.789744299348031e-05,5.459055852380484e-05,3.446629778738254e-05,2.278868396956872e-19,2.877572932452067e-19,3.019984277743162e-05,4.047581991722207e-05,1.4004404877449262e-07,2.002968536232514e-07,2.5620103744280688e-09,3.9279916966141375e-09,8.254771898374023e-05,5.53179470632906e-05,4.2494116631490425e-05,2.9401526722545183e-05,3.324948170321046e-05,2.3777399425522465e-05,4.362106301001198e-07,3.119433402941706e-07,4.5395208892382486e-10,3.3590578767980377e-10,8.792410650178237e-10,3.045250770479554e-10,3.5833350327382677e-06,2.481215232222237e-06,1.3234338786591023e-08,9.16387741745322e-09,9.4297789590981e-06,6.323941811244041e-06,3.2052560933163667e-09,2.1495575996202127e-09,2.488239389504326e-07,1.6177760168215768e-07,2.9607731197707847e-07,1.352452339865888e-07,1.9632702414320145e-10,8.968027350975666e-11,3.365669852801069e-08,1.1470518614663359e-08,4.759579047178438e-08,2.270325945974622e-08,1.409366719897006e-09,6.722699213225951e-10,5.8228574925213365e-16,2.77751127020799e-16,2.044192748883305e-07,7.077320624205747e-08,3.624516802143051e-12,1.2548654000754231e-12,4.419828556840802e-11,1.530214986716432e-11,-6.211017231181522e-20,0.0,-7.819670605169829e-17,0.0,-4.460790456997386e-18,0.0,2.5507119776345036e-16,1.8216410279645147e-16
0.0033125000000000003,0.33125000000000004,837.197322077384,99997.6425,0.7901916827961748,57629250.51680749,0.07113777742533409,0.08485491434642817,0.1350835272144963,0.17044066373088754,0.0001975741453533756,0.00014149235682005192,0.00035215353362427163,0.00017193411295806233,0.6675582211392321,0.5120648885292469,0.11051764728169869,0.07421979842750197,0.014808403013429484,0.15784421555021802,2.012003704898346e-05,9.397984288429516e-06,9.207417057617995e-18,4.952585767367577e-18,-4.981449319347954e-19,0.0,6.454444030891821e-07,1.375970999634434e-05,3.5916526290318834e-07,4.824057346586262e-07,4.607055525206882e-07,5.821122093387679e-07,5.912429776347778e-05,3.849320510558075e-05,5.4911655690526576e-05,3.469107875688861e-05,3.021249590746441e-19,3.817419313943007e-19,3.271254895789765e-05,4.3871403324868655e-05,1.6247867591054286e-07,2.3253161517756229e-07,3.078075684849733e-09,4.722208288461546e-09,8.431832871431484e-05,5.654043363397837e-05,4.42055010579264e-05,3.060508304967503e-05,3.358664853239128e-05,2.403379270501329e-05,4.7683170633086304e-07,3.412092270558502e-07,5.136403214813711e-10,3.803143784000996e-10,8.863171779078696e-10,3.071711562783576e-10,3.619810696987496e-06,2.508066515779247e-06,1.3222348277690758e-08,9.161398689397303e-09,9.137915294358693e-06,6.132105927463726e-06,3.415778147455622e-09,2.292198247651155e-09,2.5388324477013205e-07,1.6517200478421064e-07,2.9542073959448167e-07,1.3503115713729615e-07,2.0387157481906564e-10,9.318578882785895e-11,3.319508182633683e-08,1.1320391661261455e-08,4.7787619032159014e-08,2.280926175463296e-08,1.4712823433374351e-09,7.022501803567498e-10,7.463906909127734e-16,3.5625588771840575e-16,2.015295723237358e-07,6.98171278273091e-08,4.005303514095441e-12,1.3875819027768388e-12,3.980784725874641e-11,1.3790877083435152e-11,-6.203860204627423e-20,0.0,-7.801685850235338e-17,0.0,-4.448328575601647e-18,0.0,2.545185510046953e-16,1.8188504320651974e-16
0.0033203125000000003,0.33203125000000006,845.8888161457558,99997.6425,0.7883269807307872,62714556.4222566,0.0724765595210494,0.08650653333139659,0.1340730017396935,0.16927264861357988,0.0002033458693068978,0.00014571788381409994,0.00036094721461051087,0.00017633898176970658,0.6683430089378342,0.5129911714951778,0.10946462771652207,0.07355912864515694,0.014727214666499054,0.15707812017301406,1.918185366542891e-05,8.965430417633617e-06,9.18341445948481e-18,4.942799649023111e-18,-4.96376895589683e-19,0.0,7.202923895159235e-07,1.536504723835682e-05,4.093596112500924e-07,5.501710814576132e-07,5.043396349538286e-07,6.376479882221483e-07,5.988513094113997e-05,3.901321255885775e-05,5.51642625429776e-05,3.487271135800017e-05,3.9792529257653325e-19,5.031059323690974e-19,3.5403116847854254e-05,4.7509807588967856e-05,1.8808762937475293e-07,2.693521844005539e-07,3.6906498956296055e-09,5.665566298199101e-09,8.607378738752058e-05,5.7754082709848786e-05,4.5976787277316894e-05,3.185154460150121e-05,3.391111678409972e-05,2.4281324113720824e-05,5.204616046860788e-07,3.726653118677413e-07,5.80219236841587e-10,4.298831192756757e-10,8.899279192581759e-10,3.086176287611913e-10,3.6589315170501296e-06,2.5367759065335444e-06,1.319381790848277e-08,9.147413453754274e-09,8.840343241319527e-06,5.936169321777458e-06,3.637989080143588e-09,2.442859805439674e-09,2.5895398556135407e-07,1.68577508830066e-07,2.9453509672189504e-07,1.3471150653725953e-07,2.1079856294763625e-10,9.641293111285252e-11,3.2656182689512245e-08,1.1143657572322454e-08,4.7940055153645323e-08,2.2896494595092156e-08,1.5336602821558848e-09,7.324865240256109e-10,9.525066625352609e-16,4.549236245271514e-16,1.9837402372810934e-07,6.876740402636605e-08,4.411179434010114e-12,1.5291586704272036e-12,3.5679708083314955e-11,1.2368559427271656e-11,-6.196636732090149e-20,0.0,-7.783467233555334e-17,0.0,-4.435777838428502e-18,0.0,2.539576676447232e-16,1.8159902292962722e-16
0.0033281250000000004,0.3328125,854.6145609303903,99997.6425,0.7864691209119207,68088092.25107852,0.0738208263070706,0.08816645238328967,0.13305701100766482,0.1680955996385148,0.0002092273833575882,0.00015002690472778484,0.00036983640195928515,0.00018079541560675174,0.6691357910040193,0.5139227774364749,0.10840300973021291,0.07289155860399162,0.014646347844678725,0.15631388133532326,1.8253017664323335e-05,8.536667566133856e-06,9.15918085857525e-18,4.93285763378631e-18,-4.946123934309266e-19,0.0,8.015818418414883e-07,1.7109844752414966e-05,4.6510549415999873e-07,6.254856662924029e-07,5.509745977395098e-07,6.970478552419468e-07,6.052694976237349e-05,3.9456142502747906e-05,5.5346642004825565e-05,3.501001521902017e-05,5.207148693132864e-19,6.58765729557316e-19,3.828051732731296e-05,5.140350064515517e-05,2.1724420048082987e-07,3.1130176665737697e-07,4.4157367167596496e-09,6.782921219922335e-09,8.781101937587442e-05,5.895680239304034e-05,4.780778658815713e-05,3.314084967510059e-05,3.422421189155948e-05,2.452092530138454e-05,5.672202594346045e-07,4.064013411060647e-07,6.543245262377419e-10,4.850925357579544e-10,8.900758470409505e-10,3.088631092830308e-10,3.701144467173671e-06,2.5676568644721754e-06,1.3149715613536586e-08,9.12257218285174e-09,8.539332263536303e-06,5.7376518094256604e-06,3.871900855972516e-09,2.6015639474587617e-09,2.6403202487106973e-07,1.7199141246362722e-07,2.9342587279900306e-07,1.3428860742189078e-07,2.1707715528750366e-10,9.934702965553705e-11,3.204131377567871e-08,1.094071691589316e-08,4.80542522439469e-08,2.296547417901762e-08,1.5963973319155692e-09,7.629298135666592e-10,1.210224291970376e-15,5.783749289651366e-16,1.949601710279005e-07,6.762649038403079e-08,4.8417524488138786e-12,1.6794749599122535e-12,3.1832163224558633e-11,1.1041729543314994e-11,-6.189347706051299e-20,0.0,-7.765016940716973e-17,0.0,-4.423139954422952e-18,0.0,2.5338860481753126e-16,1.813060860310914e-16
0.0033359375000000004,0.33359375,863.3731278457617,99997.6425,0.7846179726337593,73751905.38337073,0.07517028450634167,0.08983432399918242,0.13203567866303734,0.16690968199300052,0.00021521932711087487,0.00015441999742481536,0.00037881901709613594,0.00018530245692407037,0.6699364693401862,0.5148596681028902,0.10733304776308474,0.07221725953437605,0.014565802899541565,0.15555152661057264,1.7338986059206786e-05,8.114262233700211e-06,9.134719322257235e-18,4.922761557591398e-18,-4.928514705189397e-19,0.0,8.896125616218672e-07,1.9000750319994905e-05,5.267956616350166e-07,7.0889143298815e-07,6.007464683136416e-07,7.604906715463351e-07,6.104904331920283e-05,3.982138344444465e-05,5.5457326156718096e-05,3.510197848476389e-05,6.770495825289742e-19,8.570835100087653e-19,4.13538642646625e-05,5.5565169287409124e-05,2.5035347078261133e-07,3.5897041462788584e-07,5.271523346844374e-09,8.10254370366198e-09,8.952685779450444e-05,6.014643489281232e-05,4.969796441397461e-05,3.447269592275535e-05,3.4527528384824586e-05,2.475372348869678e-05,6.172208302484112e-07,4.4250238804084756e-07,7.366349426906509e-10,5.464561962990294e-10,8.86815289913911e-10,3.079242138571688e-10,3.7468970267221473e-06,2.601023954328654e-06,1.3091044119765837e-08,9.087551405828694e-09,8.237047640638953e-06,5.5380070109445976e-06,4.117469629719049e-09,2.768294742431129e-09,2.691130643980154e-07,1.7541090308367936e-07,2.920986202637872e-07,1.337648222619752e-07,2.2269026349652551e-10,1.0197967894947339e-10,3.135230293678919e-08,1.0712147870286762e-08,4.813140657845102e-08,2.301673899218921e-08,1.6593899097649633e-09,7.935306103527077e-10,1.531025542128283e-15,7.321459686847938e-16,1.9129637721216485e-07,6.639713554396916e-08,5.296299623536855e-12,1.8382947398707285e-12,2.827742902343489e-11,9.814824070722537e-12,-6.181994009935997e-20,0.0,-7.746337184710652e-17,0.0,-4.4104166136433864e-18,0.0,2.528114212274487e-16,1.810062781864111e-16
0.0033437500000000004,0.33437500000000003,872.1630803255827,99997.6425,0.7827733942613383,79707435.76596531,0.07652464057234076,0.09150979992955328,0.13100912740002427,0.16571506018654358,0.0002213225959555545,0.00015889792446526952,0.0003878928542991011,0.00018985908399251123,0.6707449431786531,0.515801803964628,0.10625499957416179,0.07153640539723592,0.014485580122817126,0.15479108297229544,1.6444674990321873e-05,7.70053383459045e-06,9.110032911684466e-18,4.912513265749338e-18,-4.910941678482656e-19,0.0,9.846752329838699e-07,2.104423080018537e-05,5.948229126897958e-07,8.009315927208233e-07,6.538047137631344e-07,8.281726986573951e-07,6.145176400282298e-05,4.0109018313944564e-05,5.549513118887998e-05,3.5147767820844666e-05,8.747904963320346e-19,1.1080948039319472e-18,4.4632374240384005e-05,6.00076654374827e-05,2.878533363387506e-07,4.1299662706410785e-07,6.278586158297468e-09,9.656445716757646e-09,9.121804755867146e-05,6.132075845080618e-05,5.164641449112082e-05,3.58465217281616e-05,3.482292888704022e-05,2.4981041313893635e-05,6.705681359942965e-07,4.810477132292121e-07,8.278753774705435e-10,6.14523085065203e-10,8.802501871880985e-10,3.05834864394449e-10,3.7966326496493837e-06,2.637189691713996e-06,1.3018829442376189e-08,9.0430457649854e-09,7.935511189530087e-06,5.338595659598413e-06,4.374604442248742e-09,2.9430043925414754e-09,2.741926566476017e-07,1.7883306486952124e-07,2.9055892357297357e-07,1.331425365019764e-07,2.2763435159149388e-10,1.043086703143792e-10,3.059149432778339e-08,1.0458707118697647e-08,4.817270698518071e-08,2.3050825766771668e-08,1.722532950645953e-09,8.242386489735276e-10,1.928586319858494e-15,9.22835979487582e-16,1.8739179512220071e-07,6.508237114455709e-08,5.7737362485409995e-12,2.0052555938923817e-12,2.502171393818395e-11,8.690201575452523e-12,-6.174576517796523e-20,0.0,-7.727430203723966e-17,0.0,-4.3976094869997044e-18,0.0,2.522261770698162e-16,1.806996466012369e-16
0.0033515625000000004,0.33515625000000004,880.9829746706874,99997.6425,0.7809352336912053,85955617.19770579,0.07788360064923541,0.09319253115119265,0.1299774791483823,0.16451189824654297,0.00022753833937934678,0.00016346163252704907,0.0003970555691746288,0.00019446420514600924,0.6715611089907068,0.516749144178833,0.10516912629026709,0.07084917290221678,0.014405679752683843,0.15403257683944316,1.557441295012595e-05,7.297531921243346e-06,9.085124680179112e-18,4.902114611376482e-18,-4.893405224981448e-19,0.0,1.0870496492435213e-06,2.3246533520113465e-05,6.695768659964415e-07,9.02146263331591e-07,7.10314489695485e-07,9.003104995019625e-07,6.173647982825445e-05,4.031979544043951e-05,5.545917031211984e-05,3.51467371495367e-05,1.1232954994581e-18,1.423756303548001e-18,4.81253180146973e-05,6.47439411185391e-05,3.302153460420482e-07,4.740686848984386e-07,7.460100345226064e-09,1.1480713868846539e-08,9.288124827628664e-05,6.247748916256316e-05,5.365183462461952e-05,3.726148861612573e-05,3.511253865695565e-05,2.5204393472417467e-05,7.273569675165136e-07,5.221095342406684e-07,9.288204787710289e-10,6.898803852062017e-10,8.70530524849399e-10,3.026451016882002e-10,3.850786143386386e-06,2.6764613150419397e-06,1.2934109574030331e-08,8.989760176337127e-09,7.636568906499696e-06,5.140663474615637e-06,4.643177402104676e-09,3.1256199962845423e-09,2.7926621861653324e-07,1.8225488751037084e-07,2.888123780136321e-07,1.324241487355021e-07,2.319188184524786e-10,1.0633772804524095e-10,2.9761748856504418e-08,1.0181330512120318e-08,4.817928743155328e-08,2.3068246739236455e-08,1.7857185446812033e-09,8.550021843734889e-10,2.419112367180307e-15,1.158271198081407e-15,1.8325634221598142e-07,6.368550374052112e-08,6.272586981421057e-12,2.179858316702764e-12,2.2065494774803314e-11,7.668232013280013e-12,-6.167096094265912e-20,0.0,-7.708298258993825e-17,0.0,-4.384720225685904e-18,0.0,2.5163293395317036e-16,1.803862399340108e-16
0.0033593750000000004,0.33593750000000006,889.8313608819765,99997.6425,0.7791033288043546,92496984.27704415,0.07924687051714813,0.09488216782197276,0.12894085527719246,0.16330035993989073,0.00023386794923334065,0.00016811224459227077,0.00040630466646276076,0.0001991166526814498,0.6723848604867467,0.517701646554497,0.10407569247818423,0.07015574154261447,0.014326101979496983,0.15327603411809623,1.4731910729883453e-05,6.9070211811074484e-06,9.059997671728479e-18,4.891567453938679e-18,-4.87590567779996e-19,0.0,1.1970030306833683e-06,2.561364949559442e-05,7.514406316215432e-07,1.0130679600851157e-06,7.704587496540823e-07,9.77143672700548e-07,6.190551032946857e-05,4.0455088645183545e-05,5.534886443366377e-05,3.5098434988763056e-05,1.433625544294586e-18,1.818213019526725e-18,5.184196373717532e-05,6.978697208674927e-05,3.7794532705796777e-07,5.429256848763867e-07,8.842051195593353e-09,1.3615846316242469e-08,9.451303695436917e-05,6.361428268040993e-05,5.571250436956982e-05,3.871646494942298e-05,3.5398735434923134e-05,2.542547996210037e-05,7.876702748737712e-07,5.65751701140921e-07,1.0402988571354732e-09,7.731567074821249e-10,8.578475372363579e-10,2.98419463697044e-10,3.909779016021507e-06,2.7191375241325226e-06,1.283792339033723e-08,8.928402111617591e-09,7.3418664498692054e-06,4.9453242412400035e-06,4.923034620484944e-09,3.316050845569616e-09,2.8432904612955156e-07,1.8567327539434422e-07,2.868645772893325e-07,1.3161206487221216e-07,2.355650066215511e-10,1.080760727799053e-10,2.886644424676932e-08,9.881133593302632e-09,4.815218484528465e-08,2.306946933267178e-08,1.8488344026076816e-09,8.857672541586274e-10,3.0217090854638693e-15,1.447685609767108e-15,1.7890068223630798e-07,6.221010908394749e-08,6.790959998452173e-12,2.3614575249657367e-12,1.9403976466666712e-11,6.747450471201724e-12,-6.159553594262407e-20,0.0,-7.688943632746406e-17,0.0,-4.3717504609652646e-18,0.0,2.510317548236726e-16,1.8006610822196458e-16
0.0033671875000000004,0.33671875,898.7067834594607,99997.6425,0.7772775079089075,99331781.4300772,0.08061415552132803,0.09657835921611545,0.1278993768157276,0.16208060901966378,0.00024031303807627372,0.00017285104496263012,0.0004156374872391115,0.00020381517644349687,0.6732160886068679,0.518659267515635,0.10297496623938779,0.06945629364681548,0.014246846950966745,0.1525214802397357,1.3920247823183718e-05,6.530474117090723e-06,9.034654919503289e-18,4.880873657863883e-18,-4.858443333751296e-19,0.0,1.314788444202671e-06,2.815127872182033e-05,8.407874319806866e-07,1.1342170024983278e-06,8.344401626956813e-07,1.0589373527645249e-06,6.196204833392115e-05,4.0516847918176505e-05,5.516395042871248e-05,3.500261028082739e-05,1.818764375492095e-18,2.3080834542577217e-18,5.579151220991967e-05,7.514967049765915e-05,4.315837712694085e-07,6.203582319543875e-07,1.0453444409527136e-08,1.6107089275541246e-08,9.610991053666921e-05,6.472873580854485e-05,5.782626498528517e-05,4.021001116037035e-05,3.568413444113941e-05,2.5646175811496527e-05,8.515772255314046e-07,6.120282748925627e-07,1.1631979001592124e-09,8.650257828208402e-10,8.424278950053745e-10,2.932350041971401e-10,3.974014852014212e-06,2.7655052275188065e-06,1.2731299742743712e-08,8.859673982803891e-09,7.0528329056658465e-06,4.7535484195965415e-06,5.21400712060648e-09,3.5141957337473787e-09,2.8937632844295237e-07,1.8908505700649293e-07,2.847211086594228e-07,1.307086957536571e-07,2.3860490372009363e-10,1.0953784182888407e-10,2.7909474623235756e-08,9.559411950350168e-09,4.809230428043034e-08,2.3054899287603626e-08,1.9117622570280283e-09,9.164769074198454e-10,3.7587852909408615e-15,1.80191857352176e-15,1.7433621420550072e-07,6.066002892349362e-08,7.326525180757336e-12,2.5492536441658123e-12,1.7027703733204607e-11,5.924764430982357e-12,-6.151949862947545e-20,0.0,-7.669368626182712e-17,0.0,-4.358701803674597e-18,0.0,2.5042270389076127e-16,1.797393028098602e-16
0.0033750000000000004,0.3375,907.6077821502365,99997.6425,0.775457590170759,106460070.75590403,0.0819851604845777,0.09828075363920813,0.126853164690383,0.16085280949561997,0.00024687540804506553,0.00017767945739579065,0.00042505119558868774,0.00020855843713036578,0.6740546815012984,0.5196219620623398,0.10186721932650106,0.0687510144457163,0.014167914776814774,0.15176894019629517,1.3141874418904956e-05,6.169071037584854e-06,9.009099444480164e-18,4.870035091267866e-18,-4.8410184546898165e-19,0.0,1.4406433318744279e-06,3.086479769588184e-05,9.379772224494228e-07,1.2660969052994786e-06,9.024828018554025e-07,1.1459844277396523e-06,6.191007021806694e-05,4.0507542345559606e-05,5.490448686800195e-05,3.485921661576858e-05,2.293850349084548e-18,2.912761078894482e-18,5.998302482173624e-05,8.084478739901352e-05,4.917059580479011e-07,7.07208753599702e-07,1.2326512688788183e-08,1.9004768854860643e-08,9.766828833151913e-05,6.58183880293907e-05,5.999050199376823e-05,4.17403667548054e-05,3.5971568476891725e-05,2.586851724205737e-05,9.191311313662364e-07,6.609820067960988e-07,1.2984691905987149e-09,9.662106163148378e-10,8.245271370832646e-10,2.871790401896881e-10,4.043874776609177e-06,2.81583634062162e-06,1.2615246589156514e-08,8.78426552600517e-09,6.770672800731028e-06,4.566157282898612e-06,5.5159209813038306e-09,3.719949774851674e-09,2.944031627368286e-07,1.924869942888398e-07,2.823875543018735e-07,1.2971645762268043e-07,2.410796131861512e-10,1.1074140113881819e-10,2.6895249114090696e-08,9.217641227046814e-09,4.800039317178621e-08,2.3024868093679035e-08,1.97437631882585e-09,9.470704572263634e-10,4.656490117498655e-15,2.2336290111462182e-15,1.695750686152935e-07,5.903937028815865e-08,7.87649745527795e-12,2.7422866676873935e-12,1.492328550066134e-11,5.195701147485742e-12,-6.144285735415124e-20,0.0,-7.649575557545119e-17,0.0,-4.345575844094475e-18,0.0,2.498058465549224e-16,1.7940587628212515e-16
0.0033828125000000004,0.33828125000000003,916.5328926305409,99997.6425,0.7736433860312334,113881835.92440434,0.08335958960278791,0.0999889983228068,0.12580233997645934,0.1596171259269372,0.0002535570109799171,0.00018259901685991947,0.0004345427648340685,0.00021334499936034382,0.6749005245002937,0.5205896837293855,0.10075272728014877,0.06804009215524119,0.014089305532916215,0.15101843857196334,1.2398627598489742e-05,5.823706736241472e-06,8.983334254074736e-18,4.859053624741563e-18,-4.823631268754278e-19,0.0,1.5747881520666763e-06,3.375922926096307e-05,1.043353364734582e-06,1.4091898254948583e-06,9.748335872471364e-07,1.2386074523463662e-06,6.175423743287674e-05,4.043009708615128e-05,5.4570857095694434e-05,3.4668414775556994e-05,2.8764186932699563e-18,3.6547300751234246e-18,6.442534504903688e-05,8.688480622159226e-05,5.589217906868899e-07,8.043714018918954e-07,1.449691567674841e-08,2.23646136674672e-08,9.918451443206404e-05,6.688072302952636e-05,6.220213065386897e-05,4.3305439312982605e-05,3.626406318929528e-05,2.6094684293862803e-05,9.903672439653024e-07,7.126427182568503e-07,1.4471344875045608e-09,1.0774880744311996e-09,8.044226256711071e-10,2.8034672435102067e-10,4.119713067319983e-06,2.870384675892777e-06,1.249073976981168e-08,8.70284591182844e-09,6.496365885545403e-06,4.3838222865664906e-06,5.828606104199858e-09,3.933210319335892e-09,2.994045681381372e-07,1.9587579172732565e-07,2.798694975499623e-07,1.2863777483844556e-07,2.4303767647301723e-10,1.1170858624139186e-10,2.582868853413238e-08,8.857476467492802e-09,4.7877025916318956e-08,2.2979625336099564e-08,2.0365419132800153e-09,9.774828167111907e-10,5.745181352466254e-15,2.7575253984734328e-15,1.6463011009989132e-07,5.735250701921823e-08,8.437626499629058e-12,2.9394321169553585e-12,1.307418857826576e-11,4.554680135672611e-12,-6.136562036642551e-20,0.0,-7.629566760222663e-17,0.0,-4.3323741514658395e-18,0.0,2.4918124933657943e-16,1.7906588239764194e-16
0.0033906250000000004,0.33906250000000004,925.4806471094151,99997.6425,0.7718346976113797,121597080.13994685,0.08473714632401468,0.10170273929912005,0.12474702416324175,0.1583737237351133,0.0002603599007699875,0.00018761133557768228,0.00044410896340721606,0.00021817332454227728,0.6757535000732555,0.5215623845419413,0.09963176958448708,0.06732371807278073,0.014011019264943511,0.15026999957173887,1.1691759941925772e-05,5.49500304503834e-06,8.957362340872244e-18,4.847931130243854e-18,-4.806281971578099e-19,0.0,1.7174251337671197e-06,3.683921479737101e-05,1.1572394100086098e-06,1.5639521431176405e-06,1.0517635041114208e-06,1.3371602810866323e-06,6.149979216788725e-05,4.0287826256808215e-05,5.416376959003528e-05,3.443057354937969e-05,3.586652400104225e-18,4.559893086930447e-18,6.912701465017828e-05,9.328182875751208e-05,6.33875326441968e-07,9.127915129599116e-07,1.7003930240656535e-08,2.6248063537784826e-08,0.0001006548602727262,6.791317032195558e-05,6.445758463832755e-05,4.4902795695903316e-05,3.6564807674264564e-05,2.6326980027306485e-05,1.065300419475939e-06,7.670255814408129e-07,1.6102921899743353e-09,1.199693847234525e-09,7.824063085203156e-10,2.7283854109223246e-10,4.201852967044817e-06,2.9293829635502326e-06,1.2358710570356392e-08,8.616054983407048e-09,6.230673833991576e-06,4.207069114565152e-06,6.1519032124491576e-09,4.15388169730407e-09,3.043754989463192e-07,1.992481049487958e-07,2.7717253270596905e-07,1.274750842501772e-07,2.445333295514032e-10,1.1246391004987977e-10,2.4715218788248576e-08,8.48075032613854e-09,4.772259940726983e-08,2.2919336278753963e-08,2.098114413707326e-09,1.0076439757330885e-09,7.0599224254499474e-15,3.3906102806745787e-15,1.5951494529634845e-07,5.560408310900641e-08,9.00619407910258e-12,3.1393996539942083e-12,1.146155598521728e-11,3.995295302120763e-12,-6.128779581166247e-20,0.0,-7.60934458093554e-17,0.0,-4.3190982739363264e-18,0.0,2.4854897980713825e-16,1.7871937602782993e-16
0.0033984375000000004,0.33984375000000006,934.4495748440896,99997.6425,0.7700313191036997,129605917.71752875,0.08611753321199249,0.10342162125677903,0.1236873394307546,0.1571227695347998,0.00026728617907284004,0.00019271806416960684,0.0004537463404613741,0.0002230417635968763,0.6766134877769511,0.522540014967843,0.09850462983922477,0.0666020866860266,0.0139330559915256,0.14952364704666185,1.102197845629974e-05,5.183326303003889e-06,8.931186681374225e-18,4.836669480050839e-18,-4.788970727407681e-19,0.0,1.8687371419504323e-06,4.0108988725220637e-05,1.2799360552386035e-06,1.730810262273116e-06,1.1335686989719063e-06,1.4420295513379605e-06,6.115244999652388e-05,4.008436357859802e-05,5.368425558063819e-05,3.4146268796532234e-05,4.4476398993590315e-18,5.657908668792969e-18,7.409618583938974e-05,0.00010004745533823668,7.172439833053951e-07,1.0334645977703334e-06,1.989062806379948e-08,3.0722559552652296e-08,0.00010207552750419588,6.891310708785532e-05,6.675280817398494e-05,4.652965564756096e-05,3.687712070769764e-05,2.6567806496943046e-05,1.1439226558977299e-06,8.241293025628273e-07,1.7891241584545371e-09,1.3337276938300857e-09,7.587775623567799e-10,2.647578216649633e-10,4.29058274724969e-06,2.993040037415294e-06,1.2220030331902946e-08,8.52449240496756e-09,5.974152721335363e-06,4.03628565291217e-06,6.4856689915264e-09,4.381878723412339e-09,3.0931085676619476e-07,2.026005486316975e-07,2.74302277240973e-07,1.2623084068835434e-07,2.456247731044278e-10,1.1303377396178201e-10,2.356075925728348e-08,8.089469542312667e-09,4.7537339454082316e-08,2.284408467425333e-08,2.15893857461556e-09,1.0374786677463988e-09,8.641004112481683e-15,4.15243747090165e-15,1.5424393403290544e-07,5.379901720632907e-08,9.578020322105371e-12,3.340734812959244e-12,1.0065007398385268e-11,3.510591904975925e-12,-6.120939173022058e-20,0.0,-7.588911377962042e-17,0.0,-4.305749738134877e-18,0.0,2.4790910652133224e-16,1.783664130972329e-16
0.0034062500000000004,0.340625,943.4382025594658,99997.6425,0.7682330371522943,137908662.55383962,0.08750045179525692,0.10514528737902787,0.12262340893637964,0.15586443148008947,0.0002743379356940961,0.00019792084880708528,0.00046345121132632,0.00022794854957921472,0.6774803641928886,0.5235225238659924,0.09737159594554774,0.06587539579240131,0.013855415706920449,0.14877940451548136,1.0389491574142863e-05,4.888808699472568e-06,8.904810234843094e-18,4.825270545800822e-18,-4.77169767019389e-19,0.0,2.0288866486280927e-06,4.357235521436259e-05,1.4117183470271162e-06,1.910156734204336e-06,1.2205717785214135e-06,1.5536364290043268e-06,6.0718292221777704e-05,3.9823592563599325e-05,5.313366393991561e-05,3.381628076127036e-05,5.4856378058776256e-18,6.982536284641227e-18,7.934053076934203e-05,0.00010719266099084879,8.09737410332775e-07,1.1674348435214124e-06,2.3204037557483746e-08,3.586181075652992e-08,0.00010344265140333144,6.987786038454687e-05,6.908325187675523e-05,4.818288796421653e-05,3.7204413007126225e-05,2.6819637775801045e-05,1.2262005063328627e-06,8.839342100103044e-07,1.984902720435772e-09,1.4805588429220659e-09,7.338363672411925e-10,2.5620836579235206e-10,4.38615206079655e-06,3.0615382143170874e-06,1.2075488690255477e-08,8.428702327081897e-09,5.727169956236671e-06,3.871733010914945e-06,6.829779664067322e-09,4.6171291553604975e-09,3.142055012745533e-07,2.0592970354749425e-07,2.7126438531976773e-07,1.2490752308917477e-07,2.4637252906707644e-10,1.1344571579755282e-10,2.237170412878194e-08,7.685808972676001e-09,4.732131729058264e-08,2.2753880439165458e-08,2.2188483381999265e-09,1.066906263196725e-09,1.0534487276866632e-14,5.065380207271524e-15,1.4883220146630464e-07,5.194250746373823e-08,1.0148480314383054e-11,3.5418243450143773e-12,8.863383973712561e-12,3.0933251250252675e-12,-6.113041605415904e-20,0.0,-7.568269519446662e-17,0.0,-4.2923300491488115e-18,0.0,2.472616989518846e-16,1.7800705052716712e-16
0.0034140625000000004,0.34140625,952.4450547657314,99997.6425,0.7664396312236936,146505927.16254985,0.08888560240280319,0.10687337916531052,0.12155535710980832,0.1545988796240529,0.00028151718499441064,0.00020322128534798934,0.000473219642917453,0.00023289179025641268,0.6783540028539963,0.5245098584302355,0.09623296030291932,0.06514384662694396,0.013778098383227728,0.14803729518275519,9.794061921611772e-06,4.61137242319877e-06,8.878235942170108e-18,4.813736197587128e-18,-4.754462904602456e-19,0.0,2.1980147987899498e-06,4.7232666879579205e-05,1.5528332255858096e-06,2.1023468293267486e-06,1.3131242681107715e-06,1.6724398365398943e-06,6.0203660432211136e-05,3.9509577893255016e-05,5.251365341093879e-05,3.344158967264414e-05,6.73033753905958e-18,8.571987348826903e-18,8.486714946358056e-05,0.00011472766910557691,9.120960123926349e-07,1.3157931106863416e-06,2.699528721155554e-08,4.1746032938686974e-08,0.00010475230506698689,7.080470988912533e-05,7.144387248376357e-05,4.9859009381965905e-05,3.755014603143955e-05,2.70849903859492e-05,1.312072368739158e-06,9.464002473709501e-07,2.1989976744949393e-09,1.6412314101546418e-09,7.078770264063031e-10,2.4729224539408193e-10,4.488768611796769e-06,3.13503088711552e-06,1.192575880894798e-08,8.329148916271797e-09,5.4899242576759e-06,3.7135586487367376e-06,7.184133752914593e-09,4.859575611542524e-09,3.190542593205934e-07,2.0923212253166249e-07,2.680645616947249e-07,1.2350764081394118e-07,2.468379471303453e-10,1.1372772410007528e-10,2.115489444450645e-08,7.272102406292861e-09,4.707447464427656e-08,2.2648671479535227e-08,2.277667150897679e-09,1.0958409080553066e-09,1.2792801063697502e-14,6.154926863957278e-15,1.432956483354206e-07,5.004003573944152e-08,1.0712534041336921e-11,3.740906248832529e-12,7.835406519965704e-12,2.7361893180061034e-12,-6.105087660651919e-20,0.0,-7.547421381758131e-17,0.0,-4.2788406901844436e-18,0.0,2.4660682742577416e-16,1.7764134618164645e-16
0.0034218750000000004,0.34218750000000003,961.4686539675768,99997.6425,0.7646508739706958,155398778.57580817,0.09027268399569868,0.1086055362350841,0.12048330996927316,0.1533262862903103,0.00028882579975560206,0.0002086208714556175,0.00048304743927091544,0.00023786946069800883,0.6792342742382793,0.5255019641282921,0.09508902002413795,0.06440764399623837,0.013701103973735931,0.14729734195349364,9.235062618363237e-06,4.350755571968268e-06,8.851466729971878e-18,4.8020683053690974e-18,-4.737266509617241e-19,0.0,2.3762405477034783e-06,5.1092804957876205e-05,1.7034975320899765e-06,2.307695726961332e-06,1.4116130266997182e-06,1.7989447335911098e-06,5.9615055507324835e-05,3.914649946438445e-05,5.182618228490224e-05,3.3023369691313565e-05,8.21517808574563e-18,1.0469336194365503e-17,9.068247660593375e-05,0.00012266182314759862,1.0250891243601636e-06,1.4796744165405518e-06,3.131972767392051e-08,4.846215520282972e-08,0.00010600050469444912,7.169089137744129e-05,7.382913666430323e-05,5.155418631394779e-05,3.7917787924755026e-05,2.73663915608754e-05,1.4014456385355084e-06,1.011464861071311e-06,2.4328877015233473e-09,1.8168731245047834e-09,6.811826029025419e-10,2.3810785118144553e-10,4.598595153759725e-06,3.213640339833862e-06,1.1771336739822099e-08,8.226173719583158e-09,5.262467273567407e-06,3.561810668784493e-06,7.548655341772855e-09,5.109177831157721e-09,3.238519319154872e-07,2.125043350630194e-07,2.6470857501505253e-07,1.2203373971024292e-07,2.4708191435825455e-10,1.1390764361218438e-10,1.9917578577714432e-08,6.8508293624883665e-09,4.67966551352572e-08,2.252835860634133e-08,2.3352088100470195e-09,1.1241919180200341e-09,1.547636955567665e-14,7.450472737139373e-15,1.3765095611966214e-07,4.809737002410196e-08,1.12648057406009e-11,3.936097105524699e-12,6.96022366670622e-12,2.4320096466098015e-12,-6.09707808626891e-20,0.0,-7.526369350903191e-17,0.0,-4.265283156182715e-18,0.0,2.4594456314906117e-16,1.7726935885783532e-16
0.0034375000000000005,0.34375000000000006,979.5614224880851,99997.6425,0.7611032846654446,173919359.09124961,0.09303839318474966,0.11206426934919997,0.11833796929472704,0.1507728667703908,0.0003037626958777497,0.00021966737616811873,0.0005027712016752575,0.00024787267345380965,0.6810056750890203,0.5274907348057635,0.09279729440182212,0.0629291273125528,0.013548801341561093,0.14583090678621843,8.228002706014257e-06,3.880865752838552e-06,8.797614980935097e-18,4.778453860961432e-18,-4.703147550512761e-19,0.0,2.7583559341146177e-06,5.9378470016703875e-05,2.032351769206768e-06,2.7564192265026506e-06,1.6266139103102566e-06,2.075372220479766e-06,5.824311503344318e-05,3.82904903633888e-05,5.026402416719006e-05,3.206555617928189e-05,1.2038241548981304e-17,1.5359411311941718e-17,0.00010313372316738565,0.00013966773575934261,1.2840132491039566e-06,1.8555958712673001e-06,4.16914578294142e-08,6.458641544414866e-08,0.00010828997845465114,7.332526952237497e-05,7.863204339938888e-05,5.4972446085144546e-05,3.8724929297503984e-05,2.798172798049872e-05,1.5893741935481962e-06,1.1484446104839418e-06,2.9637221352771252e-09,2.2158960078591358e-09,6.266623150344128e-10,2.1930730610242393e-10,4.838983610860156e-06,3.385599623252916e-06,1.145063291418298e-08,8.011446534611065e-09,4.8386473895487465e-06,3.2787986714625615e-06,8.304313705978066e-09,5.6272281392896725e-09,3.3323360565846216e-07,2.1891697965417694e-07,2.5758208351478575e-07,1.1888769731838494e-07,2.4708539354028557e-10,1.1404292207817819e-10,1.7416643132826603e-08,5.99764032670794e-09,4.615039907334869e-08,2.224331707071894e-08,2.4458554624513982e-09,1.1788400458680751e-09,2.2361343998801613e-14,1.077759834540628e-14,1.2614654331684306e-07,4.412927629778079e-08,1.2314391251428443e-11,4.30788795066969e-12,5.613404996618859e-12,1.963712152182785e-12,-6.080970059001282e-20,0.0,-7.48386940108196e-17,0.0,-4.2380870532211766e-18,0.0,2.4460469481047603e-16,1.7651051794986197e-16
0.0034453125000000005,0.34453125,988.6261123162504,99997.6425,0.7593270525349345,183703072.174057,0.09442933840983539,0.11380629045396333,0.11725482573030713,0.1494803698550709,0.00031146599758191467,0.00022537001018414145,0.0005127473411855729,0.0002529391369487853,0.681904871364491,0.5284966706927622,0.09163943407664954,0.06218034847250794,0.013472776044171107,0.14509757360373218,7.771133447057114e-06,3.6675236147731674e-06,8.770283374087005e-18,4.766399380760372e-18,-4.686064090340373e-19,0.0,2.9643138838923905e-06,6.38494621364581e-05,2.2124224385168206e-06,3.0024017407245298e-06,1.7452863467151294e-06,2.228089164807997e-06,5.7472860648114795e-05,3.7806241656674025e-05,4.9389664476403084e-05,3.15262239003059e-05,1.4480892232311203e-17,1.848677676318935e-17,0.00010984249117580359,0.00014884016006190288,1.433632411780354e-06,2.0730322652785505e-06,4.798242435972195e-08,7.43756280113908e-08,0.00010933059132519607,7.407325952968411e-05,8.105269761763047e-05,5.6697946798384054e-05,3.917814440806474e-05,2.8325795644784822e-05,1.6882932188926268e-06,1.2206358782266475e-06,3.2667324276475494e-09,2.4438796383955294e-09,5.992636799027712e-10,2.0984171952635745e-10,4.970854956127449e-06,3.4799010549371066e-06,1.1288192301616956e-08,7.902421745440005e-09,4.639818296569078e-06,3.1459086467972838e-06,8.697505539565651e-09,5.897118407140947e-09,3.3784721128855995e-07,2.220779050424445e-07,2.537955674609755e-07,1.1720864753868176e-07,2.4695643434009545e-10,1.1405017810024837e-10,1.6164842961483432e-08,5.569828366870821e-09,4.578067196134495e-08,2.20780449276318e-08,2.498506913935225e-09,1.2049221982682321e-09,2.6745794798057407e-14,1.2898344080124434e-14,1.2028718779801024e-07,4.210417678730812e-08,1.2796300130919207e-11,4.479094513710035e-12,5.0850275081349e-12,1.7799143956242553e-12,-6.072794988191756e-20,0.0,-7.462224648255299e-17,0.0,-4.224324378389324e-18,0.0,2.439208763544285e-16,1.7612018408687093e-16
0.0034531250000000005,0.3453125,997.7016406339087,99997.6425,0.7575545004469179,193787633.8201225,0.09582099516006802,0.11555091497374043,0.11616821285145536,0.14818155142916675,0.0003193032425695593,0.000231175711088899,0.0005227632219374947,0.0002580304931371246,0.6828101477412039,0.5295071401919591,0.09047750742493942,0.06142777315611052,0.013397073227831059,0.1443664847203662,7.345509275124629e-06,3.4686769522317907e-06,8.742768343771698e-18,4.7542188064102795e-18,-4.669019042654001e-19,0.0,3.179604523939231e-06,6.852665804177221e-05,2.402470210118441e-06,3.2622117757587555e-06,1.8715801163524287e-06,2.3907143541971516e-06,5.665466866635051e-05,3.7289777059479874e-05,4.845836921041018e-05,3.094981557030437e-05,1.7338324421695014e-17,2.214758572743239e-17,0.00011685676750305224,0.00015843714729336524,1.5971443742463828e-06,2.310818404170999e-06,5.5067470052562435e-08,8.540768962382285e-08,0.00011029371393396031,7.476940263485695e-05,8.347119164072612e-05,5.8423808349491096e-05,3.9666312355555764e-05,2.8695478660175778e-05,1.7899811717195689e-06,1.2949115626071326e-06,3.596542944427007e-09,2.6921849419225975e-09,5.720595883820608e-10,2.004326829609622e-10,5.110118070405143e-06,3.579481567748101e-06,1.1124804311910856e-08,7.792585500110059e-09,4.450100636376846e-06,3.019036456821228e-06,9.09963417917574e-09,6.173372149407197e-09,3.4238905494605263e-07,2.2519475843648084e-07,2.4987696303183653e-07,1.1546629530366011e-07,2.467867701382076e-10,1.140383400377096e-10,1.4924338760848556e-08,5.145396090843825e-09,4.5380621522377206e-08,2.189789054016789e-08,2.5491647191170482e-09,1.230069754786356e-09,3.186889117244615e-14,1.537796237952873e-14,1.143940148191161e-07,4.006475602561423e-08,1.3242256625740024e-11,4.6378980734068004e-12,4.640403284827314e-12,1.6252303563350162e-12,-6.064567257698385e-20,0.0,-7.440385604961201e-17,0.0,-4.210499082283406e-18,0.0,2.432299580783434e-16,1.7572381166685612e-16
0.0034609375000000005,0.34609375000000003,1006.7865200916253,99997.6425,0.7557853724786507,204175983.33739197,0.09721305290034936,0.117297770271949,0.11507826902836925,0.14687660075783668,0.0003272746019004596,0.00023708476071851702,0.0005328131348036208,0.00026314395132255705,0.6837213573674858,0.5305220790467138,0.08931183809948379,0.06067162604848864,0.013321692745966097,0.14363766154076385,6.949397634306246e-06,3.2835343816439264e-06,8.71507270068112e-18,4.741913983104701e-18,-4.652012355810071e-19,0.0,3.404229148663173e-06,7.341041766797222e-05,2.602511905470283e-06,3.535894736362956e-06,2.005998286086638e-06,2.5639071116625786e-06,5.579459112130459e-05,3.674503327785348e-05,4.747336056754819e-05,3.0338332693969647e-05,2.0666133671065544e-17,2.6413804766095392e-17,0.00012417837019926536,0.00016846184933049207,1.7754184419332726e-06,2.5702468246347512e-06,6.302366791510354e-08,9.780430864469705e-08,0.00011117523922802262,7.54108238417811e-05,8.587973819741289e-05,6.014456997720856e-05,4.019224060688915e-05,2.909285393090879e-05,1.8941466296465424e-06,1.3710639264680504e-06,3.955218727130986e-09,2.9623925623777687e-09,5.452247897529334e-10,1.9114164846016152e-10,5.256687343642318e-06,3.6842899838659076e-06,1.0960618350877102e-08,7.682042656760508e-09,4.269147793096007e-06,2.897958605663849e-06,9.51050684351823e-09,6.455868123368755e-09,3.468538871161088e-07,2.2826400520252132e-07,2.4583254989390093e-07,1.1366345724382322e-07,2.466167016719443e-10,1.1402601867897397e-10,1.3703309191154952e-08,4.7271744936991594e-09,4.4950407660936476e-08,2.1702908457598376e-08,2.5976429532466374e-09,1.254191233260614e-09,3.783316711918524e-14,1.826656987945973e-14,1.0848727522793374e-07,3.801810487954874e-08,1.3646086691370342e-11,4.7821125006405326e-12,4.2657188957635e-12,1.4948716153583719e-12,-6.056287580633343e-20,0.0,-7.418354666147555e-17,0.0,-4.1966125166156715e-18,0.0,2.4253201420495354e-16,1.7532146319506644e-16
0.0034687500000000005,0.34687500000000004,1015.8792906789804,99997.6425,0.7540194081341773,214870697.20425248,0.09860519867035979,0.11904648066784103,0.11398513597460234,0.14556571158543496,0.00033537972529707865,0.0002430970646044227,0.0005428910313659141,0.0002682765485143706,0.6846383495351975,0.5315414207652696,0.0881427556384621,0.05991213619769233,0.01324663443123831,0.142911125149426,6.580990088773881e-06,3.1112665280282484e-06,8.687199232106313e-18,4.729486750184095e-18,-4.635043955431065e-19,0.0,3.638164259412099e-06,7.850056563271632e-05,2.8125193336256968e-06,3.823434839409467e-06,2.1490557122549457e-06,2.748343283780695e-06,5.489841799620689e-05,3.617578378291409e-05,4.643805456938673e-05,2.969390571398895e-05,2.4525072186116385e-17,3.136415544863899e-17,0.00013180800199921427,0.00017891590897974006,1.969332652027798e-06,2.8526255004407593e-06,7.193228479173947e-08,1.1169397356444029e-07,0.00011197107392477909,7.599465194385142e-05,8.82701687239574e-05,6.185449178569459e-05,4.075846655158172e-05,2.9519807363215992e-05,2.000450264967584e-06,1.4488500539342737e-06,4.3449390912815385e-09,3.2561722440896496e-09,5.189081628236778e-10,1.8202113159447475e-10,5.410426154741585e-06,3.7942391976119637e-06,1.079587901674321e-08,7.570965052744546e-09,4.09658772289705e-06,2.782433675892778e-06,9.929870982980491e-09,6.744444227542734e-09,3.5123645071278913e-07,2.3128209960102259e-07,2.416687374920017e-07,1.1180301696135312e-07,2.4648004458234354e-10,1.1402886815671331e-10,1.2509784973742516e-08,4.317949865166292e-09,4.449036620670771e-08,2.1493238520272924e-08,2.643765711916006e-09,1.2771998048728755e-09,4.474962278240145e-14,2.1618485037540176e-14,1.0258773476933857e-07,3.597151068358268e-08,1.4001739613404713e-11,4.9095900911038106e-12,3.948854711286076e-12,1.384632088371228e-12,-6.047956658312926e-20,0.0,-7.396134226263602e-17,0.0,-4.182666011497903e-18,0.0,2.41827119452179e-16,1.7491320181674655e-16
0.0034765625000000005,0.34765625000000006,1024.9785050088342,99997.6425,0.7522563427805964,225874961.64027366,0.09999711692200307,0.12079666725248027,0.11288895904786192,0.144249082515538,0.00034361769079770696,0.0002492121144971596,0.000552990513866358,0.0002734251440779856,0.6855609695239608,0.5325650965061683,0.08697059561994844,0.05914953711954279,0.013171898092985157,0.14218689628005204,6.238440920055178e-06,2.9510242041149342e-06,8.659150701575727e-18,4.716938940703733e-18,-4.61811374526133e-19,0.0,3.881361664946573e-06,8.379639207397722e-05,3.03241858108067e-06,4.124753984839472e-06,2.3012835817433764e-06,2.9447210944078324e-06,5.3971639280964817e-05,3.5585613198321105e-05,4.5356038522866874e-05,2.901877987933131e-05,2.898136707267042e-17,3.7084539967480613e-17,0.00013974517846539314,0.00018979935841151205,2.179769512093428e-06,3.1592717018475265e-06,8.187869062844392e-08,1.2721183006265612e-07,0.00011267715740578406,7.651803238616518e-05,9.063396651519096e-05,6.354757731752243e-05,4.136721632391132e-05,2.9978003452031148e-05,2.1085021955750712e-06,1.5279898362662729e-06,4.767997225957782e-09,3.575282773312374e-09,4.932331660338236e-10,1.7311484221883e-10,5.571146982817989e-06,3.909206156546163e-06,1.0630863074924389e-08,7.4595474702182e-09,3.9320350520923904e-06,2.6722105087721417e-06,1.03574117141528e-08,7.038895650614988e-09,3.5553147866479055e-07,2.3424548322108295e-07,2.3739207029542829e-07,1.0988792751765158e-07,2.464040377252343e-10,1.1405953452409265e-10,1.13515055302117e-08,3.920414084712687e-09,4.4001036511274735e-08,2.126911942915209e-08,2.687367843769803e-09,1.2990136631112507e-09,5.273907085938191e-14,2.5492890295965706e-14,9.671655232578841e-08,3.393241490109177e-08,1.4303448305984056e-11,5.018277955153657e-12,3.679298209897035e-12,1.2908594278932046e-12,-6.039575180789185e-20,0.0,-7.373726678404812e-17,0.0,-4.168660875089808e-18,0.0,2.411153489946297e-16,1.7449909128218142e-16
0.0034843750000000005,0.34843750000000007,1034.0827189531344,99997.6425,0.7504959080599982,237191886.8005129,0.10138848939263935,0.12254794774666339,0.11178988749179765,0.14292691731678223,0.0003519869599861606,0.00025542895482205793,0.0005631048265480898,0.0002785864150554439,0.686489058453015,0.5335930349686863,0.0857956997823645,0.05838406687982453,0.01309748351459381,0.14146499528401346,5.9199002581174646e-06,2.8019540650018556e-06,8.630929848609795e-18,4.7042723810600324e-18,-4.601221608000852e-19,0.0,4.133748347657712e-06,8.929664845236988e-05,3.2620894913187637e-06,4.439710883231836e-06,2.463229154942294e-06,3.153760876310921e-06,5.301941652327025e-05,3.4977897875401505e-05,4.423104804427808e-05,2.831530078319912e-05,3.410700153252512e-17,4.366842070934902e-17,0.00014798819147509041,0.00020111056533774318,2.407611445240045e-06,3.491505410580219e-06,9.295222739806454e-08,1.444994949699621e-07,0.0001132894829243523,7.697814173765369e-05,9.296230399982242e-05,6.521759909659314e-05,4.2020367316065836e-05,3.0468857449708682e-05,2.217859644032327e-06,1.6081641749867834e-06,5.226791847687223e-09,3.92156595855037e-09,4.682988931782058e-10,1.6445802878885058e-10,5.738612402271784e-06,4.029032464187405e-06,1.0465845059360055e-08,7.347983546096264e-09,3.7751009060970016e-06,2.5670348700357937e-06,1.0792750640364481e-08,7.338973957668529e-09,3.597336916235719e-07,2.3715058348270478e-07,2.3300923394733546e-07,1.0792121434986954e-07,2.464095822126936e-10,1.1412775746839454e-10,1.0235768556651137e-08,3.537112310580774e-09,4.348317393890551e-08,2.1030895053158396e-08,2.7282993854388477e-09,1.319558184261772e-09,6.193228832384791e-14,2.995391868060993e-14,9.089513162408818e-08,3.190836133183178e-08,1.454586535645498e-11,5.106266082516337e-12,3.448024784535019e-12,1.2104148895571666e-12,-6.03114382654567e-20,0.0,-7.351134413538783e-17,0.0,-4.1545983941820096e-18,0.0,2.403967784277732e-16,1.7407919591336044e-16
0.0034921875000000005,0.34921875,1043.190491488563,99997.6425,0.7487378323354431,248824583.9457174,0.10277899499986738,0.12429993638328692,0.11068807467219728,0.1415994252220879,0.000360485339814666,0.0002617461538201763,0.0005732268484656499,0.0002837568521959778,0.6874224531259713,0.5346251622750503,0.084618416115756,0.057615968156882656,0.013023390449964459,0.14074544208833953,5.623541848592344e-06,2.6632117756957074e-06,8.602539388538268e-18,4.691488890630795e-18,-4.584367406126769e-19,0.0,4.3952265462280274e-06,9.49995480368874e-05,3.5013653777713697e-06,4.768100500376148e-06,2.6354545694327015e-06,3.3762035993918497e-06,5.204656352348617e-05,3.435579244989093e-05,4.306694360714582e-05,2.7585899546079146e-05,3.9980021883786155e-17,5.1217234155115483e-17,0.0001565340743756714,0.00021284618133283236,2.6537359730688723e-06,3.850642334268029e-06,1.052460383333257e-07,1.6370480791511e-07,0.00011380412099154217,7.737220368664375e-05,9.52460840269554e-05,6.685812707111374e-05,4.271941506271348e-05,3.099351062144694e-05,2.3280249877569774e-06,1.6890134632956897e-06,5.723815414206025e-09,4.296938008437679e-09,4.441816103712886e-10,1.5607799334383545e-10,5.912536381019107e-06,4.15352519880793e-06,1.030107970340927e-08,7.2364534213089435e-09,3.62540043084019e-06,2.4666545685175625e-06,1.1235445869961137e-08,7.644386989287328e-09,3.638377955737195e-07,2.3999381206102584e-07,2.2852706013534305e-07,1.0590597760680608e-07,2.4651146464629154e-10,1.1424046517374999e-10,9.169277868453436e-09,3.170389899272851e-09,4.293775513338786e-08,2.0779017259152125e-08,2.7664276172305746e-09,1.3387669435920427e-09,7.246998689996233e-14,3.507065294603424e-14,8.514494665612825e-08,2.990693491736527e-08,1.4724202438942217e-11,5.1718367483393295e-12,3.247360278060011e-12,1.1406266173541364e-12,-6.022663262701767e-20,0.0,-7.328359819814899e-17,0.0,-4.140479834322956e-18,0.0,2.3967148373498377e-16,1.7365358057185167e-16
0.0035,0.35,1052.3003845221583,99997.6425,0.74698184115969,260776053.44823068,0.10416830976329056,0.12605224382070415,0.10958367829259506,0.14026682120204206,0.00036910995136135667,0.00026816177964098274,0.0005833490879590475,0.00028893275679511225,0.6883609858738361,0.5356614018483067,0.08343909891829297,0.05684548828075093,0.012949618619330756,0.14002825614603287,5.347585725801219e-06,2.5339728086001536e-06,8.573982012441526e-18,4.6785902814612224e-18,-4.567550982732807e-19,0.0,4.66567393286794e-06,0.00010090276845531763,3.750032983933144e-06,5.109653838648192e-06,2.8185350848957488e-06,3.6128086785094423e-06,5.105753522965392e-05,3.3722221781295924e-05,4.186768695388394e-05,2.683307786138543e-05,4.668488095768367e-17,5.984085278304713e-17,0.0001653785769954852,0.0002250011034419254,2.919010668448744e-06,4.237986565624138e-06,1.1885685812070006e-07,1.8498152145969666e-07,0.00011421724483711261,7.769750649489646e-05,9.747598504588293e-05,6.846255988315824e-05,4.346544511435406e-05,3.155280904838193e-05,2.4384443121025795e-06,1.77013642797085e-06,6.261638750129565e-09,4.703378186225083e-09,4.209366517389663e-10,1.4799473472362825e-10,6.092585991542385e-06,4.28245802608837e-06,1.0136793948171107e-08,7.125118079976366e-09,3.4825583449772782e-06,2.3708232514584214e-06,1.1684993217250995e-08,7.954799566401334e-09,3.678384796382977e-07,2.427715634251012e-07,2.2395253062292183e-07,1.0384539410593813e-07,2.4671864343000547e-10,1.1440189887119339e-10,8.157995850981202e-09,2.8223407461383075e-09,4.236597343118449e-08,2.0514043977343598e-08,2.8016389969281465e-09,1.3565826755988206e-09,8.450262457449597e-14,4.091704772316617e-14,7.94873422741145e-08,2.793569162312635e-08,1.4834368339111455e-11,5.213513592091014e-12,3.070837301651604e-12,1.0792405611939716e-12,-6.014134145106053e-20,0.0,-7.305405281981969e-17,0.0,-4.126306440211033e-18,0.0,2.389395412580998e-16,1.7322231062828783e-16
0.0035078124999999996,0.35078124999999993,1061.4109627116918,99997.6425,0.7452276577682815,273049056.15727115,0.10555610675618468,0.1278044770905627,0.10847686058713157,0.13892932620953566,0.0003778572058720964,0.0002746733816599202,0.0005934636789650016,0.00029411023843046676,0.6893044843979687,0.5367016742867243,0.08225810881426365,0.056072879246186584,0.012876167704460281,0.1393134563788657,5.090316183581613e-06,2.413441046769162e-06,8.545260387159606e-18,4.6655783579625924e-18,-4.55077216235093e-19,0.0,4.944943881841575e-06,0.00010700345624424295,4.007832697478536e-06,5.464038065646937e-06,3.0130570691367687e-06,3.8643514427948985e-06,5.005642387317726e-05,3.307987766227296e-05,4.063731761198363e-05,2.6059393058587843e-05,5.431283133542318e-17,6.96581124477173e-17,0.00017451615052166262,0.0002375684491405605,3.2042879123319837e-06,4.654822934964682e-06,1.338847648630641e-07,2.0848893076983047e-07,0.00011452515777695115,7.795142180056001e-05,9.964251003185808e-05,7.002415887030316e-05,4.425911041962975e-05,3.214728637048301e-05,2.548506602472786e-06,1.8510894319833174e-06,6.842891989061185e-09,5.142914658928608e-09,3.9860055813856146e-10,1.4022167978187554e-10,6.278383507379601e-06,4.415572587380881e-06,9.9731843489256e-09,7.0141174664227705e-09,3.346212829098182e-06,2.2793030795500172e-06,1.2140828451567557e-08,8.269834912265364e-09,3.717304143836713e-07,2.4548021369238975e-07,2.1929278039897608e-07,1.0174271889059196e-07,2.470345879376788e-10,1.1461376243699553e-10,7.20700751008177e-09,2.4947594754815105e-09,4.17692256592703e-08,2.0236633083344594e-08,2.833840502044957e-09,1.3729579505354588e-09,9.819004215595452e-14,4.757176663405982e-14,7.394331266103037e-08,2.6002080314336434e-08,1.4873101024625163e-11,5.230108760996293e-12,2.913054279891868e-12,1.0243721659185178e-12,-6.005557118639838e-20,0.0,-7.282273180888662e-17,0.0,-4.112079435894986e-18,0.0,2.382010276708279e-16,1.7278545193289711e-16
0.0035156249999999997,0.35156249999999994,1070.5207932962485,99997.6425,0.7434750035981714,285645971.40697896,0.10694205608998916,0.12955623958360982,0.10736778848857065,0.1375871673928227,0.00038672278834541205,0.00028127797722858497,0.0006035623793360514,0.0002992852136813715,0.690252771614916,0.5377458972357763,0.08107581273014748,0.055298397697191214,0.012803037343264476,0.13860106111286832,4.8500955171124225e-06,2.3008554082576834e-06,8.516377155424099e-18,4.6524549166508235e-18,-4.534030751796348e-19,0.0,5.2328658266738425e-06,0.00011329823334770215,4.27445902033826e-06,5.8308569939038965e-06,3.2196158402380907e-06,4.131620412874683e-06,4.9046961343984816e-05,3.243121965465786e-05,3.9379929730595494e-05,2.526744332337287e-05,6.296238418127991e-17,8.079742572871583e-17,0.0001839399422125048,0.0002505395446494015,3.5103994903910276e-06,5.102409107141701e-06,1.504328947834828e-07,2.3439144413678438e-07,0.00011472432226825789,7.813142462579964e-05,0.0001017360389837047,7.153608468552437e-05,4.510061463106784e-05,3.277715078599434e-05,2.657543732857378e-06,1.931386353928679e-06,7.470241842005103e-09,5.617607538120518e-09,3.7719335374042346e-10,1.327664658781019e-10,6.469508856082691e-06,4.552580144111871e-06,9.810417449217364e-09,6.903570684931256e-09,3.216018056491133e-06,2.191866484677021e-06,1.260233042583796e-08,8.589076679301247e-09,3.75508250949557e-07,2.481161200150265e-07,2.14555099869972e-07,9.960128635086954e-08,2.4745766078667043e-10,1.1487539259922751e-10,6.320403344406067e-09,2.1890999982320646e-09,4.114909158191882e-08,1.9947532693530742e-08,2.862960357264558e-09,1.3878555547970173e-09,1.1370090775885014e-13,5.5117925757573304e-14,6.853326163725275e-08,2.4113357990663583e-08,1.4838088676613018e-11,5.2207663200126095e-12,2.7695432729433897e-12,9.744609670644467e-13,-5.996932817423355e-20,0.0,-7.25896589308876e-17,0.0,-4.097800025232711e-18,0.0,2.3745601995556e-16,1.7234307078738709e-16
0.0035234374999999997,0.35234374999999996,1079.6284459527167,99997.6425,0.7417235988324687,298568644.2738939,0.10832582493427374,0.13130713107665634,0.1062566337694464,0.1362405782742821,0.0003957016488337077,0.00028797204400346575,0.0006136365713330439,0.0003044534059171906,0.6912056655051583,0.5387939852589243,0.07989258382572467,0.054522304880858484,0.012730227123855352,0.13789108800684133,4.625374054222043e-06,2.1954947295429285e-06,8.487334936055948e-18,4.639221745892077e-18,-4.517326541000026e-19,0.0,5.5292457032720685e-06,0.00011978320550975917,4.549561292902882e-06,6.2096519102924045e-06,3.4388134172675877e-06,4.415414452719575e-06,4.803252680195094e-05,3.17784794042389e-05,3.809964942513833e-05,2.44598531968294e-05,7.27398516784158e-17,9.339750472555616e-17,0.00019364179982293397,0.0002639039264851154,3.838151066446681e-06,5.581967475892111e-06,1.68607120802207e-07,2.6285809591465517e-07,0.00011481139039262184,7.823511441624155e-05,0.00010374688479011123,7.299143640065965e-05,4.598970163614627e-05,3.344227654340516e-05,2.7648314272366038e-06,2.0104991747298496e-06,8.14636531686152e-09,6.129529195858333e-09,3.5672086843671124e-10,1.2563174238812529e-10,6.665502398204281e-06,4.6931634577219975e-06,9.648631721196987e-09,6.793577303811091e-09,3.0916456507190547e-06,2.1082972011565115e-06,1.30688249037519e-08,8.912071459604815e-09,3.7916662132556743e-07,2.5067562071199796e-07,2.097469359686654e-07,9.742451084848886e-08,2.4798153477647653e-10,1.1518394589880921e-10,5.501187979449604e-09,1.9064428684175684e-09,4.050730757090906e-08,1.9647568623760882e-08,2.888948160477617e-09,1.4012485804965073e-09,1.3121195405222334e-13,6.364273574554347e-14,6.327674998462459e-08,2.227650018033568e-08,1.4728074408264914e-11,5.185000055967352e-12,2.636650068246321e-12,9.282293375535745e-13,-5.988261865215568e-20,0.0,-7.235485790525721e-17,0.0,-4.083469392185927e-18,0.0,2.3670459538291426e-16,1.7189523391761876e-16
0.0035312499999999997,0.35312499999999997,1088.7324926937745,99997.6425,0.7399731629714043,311818224.6112583,0.1097070775745527,0.1330567478035544,0.10514357315451688,0.13488979889242145,0.0004047880015514086,0.00029475151793933454,0.0006236772644489146,0.0003096103462357742,0.6921629789679277,0.5398458497085277,0.0787088013775978,0.05374486656866987,0.012657736578093545,0.13718355397430335,4.414697009075042e-06,2.096681154052344e-06,8.458136324277548e-18,4.625880625680049e-18,-4.500659303867789e-19,0.0,5.833866475757615e-06,0.00012645397249632338,4.832744667557404e-06,6.599902749687907e-06,3.6712562104766365e-06,4.716539835518412e-06,4.701615855223452e-05,3.112366780365261e-05,3.680061278724013e-05,2.363925945663864e-05,8.375999321747716e-17,1.0760821963490611e-16,0.00020361228552071302,0.00027764935598951487,4.188316570506837e-06,6.094676910035808e-06,1.885156962708289e-07,2.9406200368724425e-07,0.00011478323547446442,7.826023691639144e-05,0.00010566535222990442,7.438329293600092e-05,4.692565149880908e-05,3.414220007772357e-05,2.8695913863644265e-06,2.0878594143131476e-06,8.873920136406919e-09,6.6807420319813445e-09,3.371770286625094e-10,1.188159639792137e-10,6.8658680005134576e-06,4.83697888348365e-06,9.487940269687471e-09,6.684219202699557e-09,2.9727853245474173e-06,2.028390741234188e-06,1.3539588911745356e-08,9.238331662203854e-09,3.8270014007564617e-07,2.5315503634913996e-07,2.048758919994379e-07,9.521588676035675e-08,2.4859563775845476e-10,1.1553459932705326e-10,4.7512206643652965e-09,1.6474735892354988e-09,3.984573624548348e-08,1.933762984843978e-08,2.9117744532966133e-09,1.4131202453656605e-09,1.5090699593757224e-13,7.323703622897806e-14,5.819223608319907e-08,2.0498108694784066e-08,1.4542939463797876e-11,5.1227238191085785e-12,2.51142794747213e-12,8.846458997176265e-13,-5.979544875724106e-20,0.0,-7.211835240315832e-17,0.0,-4.069088701344441e-18,0.0,2.3594683149449166e-16,1.7144200844736474e-16
0.0035390624999999997,0.35390625,1097.83150782255,99997.6425,0.738223415429079,325395000.46856385,0.11108547550993333,0.13480468257259065,0.10402878840284534,0.13353507590485475,0.0004139753317998824,0.0003016117969745237,0.0006336751007113768,0.00031475137562865144,0.6931245196844249,0.5409013985983621,0.07752485061293694,0.0529663529436577,0.012585565174686734,0.13647847509945987,4.216708680197751e-06,2.0037822678646562e-06,8.42878389209006e-18,4.612433327416801e-18,-4.48402879913266e-19,0.0,6.14648874130749e-06,0.00013330564007039514,5.12357132443993e-06,7.001029604228689e-06,3.917552674120839e-06,5.035807253111346e-06,4.6000569268673115e-05,3.0468584407181953e-05,3.548694468603724e-05,2.2808297463519338e-05,9.614678742863599e-17,1.2359162205907974e-16,0.00021384069897126883,0.00029176184644079297,4.561632539781501e-06,6.641664406949364e-06,2.1026886529118004e-07,3.2817977170818464e-07,0.00011463698451791991,7.820470666775816e-05,0.00010748179983727447,7.570475663381332e-05,4.790728287803676e-05,3.4876120856936915e-05,2.9709947838018647e-06,2.1628605698426374e-06,9.655512228960765e-09,7.273273965320704e-09,3.185460543225242e-10,1.1231415360328231e-10,7.070076370397879e-06,4.98365865555871e-06,9.328433842815972e-09,6.575562642888444e-09,2.8591449180389618e-06,1.95195446133951e-06,1.4013855463493165e-08,9.56733865427656e-09,3.8610340778067524e-07,2.5555067194918775e-07,1.9994972598873266e-07,9.29789878314019e-08,2.49285620464038e-10,1.1592076236691306e-10,4.071192337872749e-09,1.4124735447187484e-09,3.916633386227224e-08,1.9018652817221753e-08,2.9314298078547566e-09,1.4234634768139168e-09,1.7297571986325367e-13,8.399471784764524e-14,5.329681709317463e-08,1.8784319284883578e-08,1.4283760029328033e-11,5.034272656667081e-12,2.391544971876235e-12,8.428935682471397e-13,-5.970782453104699e-20,0.0,-7.188016604604824e-17,0.0,-4.054659098289915e-18,0.0,2.3518280608815147e-16,1.709834618725989e-16
0.0035468749999999997,0.35468749999999993,1106.9240679584689,99997.6425,0.7364740761549198,339298228.5956838,0.11246067759217557,0.13655052493221898,0.10291246635806148,0.1321766626502997,0.0004232564106385727,0.00030854775037652806,0.000643620362599196,0.0003198716484434648,0.6940900899918029,0.5419605364793422,0.07634112249177076,0.052187038452207735,0.012513712311897606,0.1357758665477989,4.030154484130609e-06,1.916212211249232e-06,8.3992801887525e-18,4.598881613716359e-18,-4.467434771233741e-19,0.0,6.466851409838713e-06,0.0001403328336343315,5.4215619205310285e-06,7.41239455702992e-06,4.178310941685591e-06,5.374028794322145e-06,4.498816372450554e-05,2.981482854824103e-05,3.416273845582445e-05,2.1969588036503757e-05,1.1003435380025123e-16,1.4152316424986559e-16,0.0002243151091745755,0.0003062257022193554,4.9587924513246725e-06,7.223996709351992e-06,2.3397844118318288e-07,3.6539084287959094e-07,0.00011437005112862251,7.806662990424993e-05,0.00010918670432549338,7.694899876654254e-05,4.8932961871828455e-05,3.564290691844795e-05,3.068167339435906e-06,2.234861710929777e-06,1.0493660792693008e-08,7.9090920181046e-09,3.00804514276073e-10,1.0611861827342703e-10,7.277568617300114e-06,5.132813339775358e-06,9.170183890003965e-09,6.467660378620708e-09,2.750450015243255e-06,1.8788073400696658e-06,1.4490818534526438e-08,9.898546083513522e-09,3.8937101642972907e-07,2.578588204885761e-07,1.9497634726435406e-07,9.071746570594396e-08,2.500338438758033e-10,1.1633429887972561e-10,3.4606420772543716e-09,1.2013245830024513e-09,3.8471117144441705e-08,1.8691605446344173e-08,2.9479235198478664e-09,1.4322803029637387e-09,1.976122402655423e-13,9.601202929833156e-14,4.8605978606763745e-08,1.7140711994975912e-08,1.3952833429334682e-11,4.9204132121478875e-12,2.275203578018845e-12,8.023418184061185e-13,-5.961975192380087e-20,0.0,-7.164032240514263e-17,0.0,-4.0401817101879546e-18,0.0,2.344125972062051e-16,1.7051966203658294e-16
0.0035546874999999997,0.35546874999999994,1116.0087521479022,99997.6425,0.7347248662783401,353525964.7733728,0.11383234020731045,0.13829386138654254,0.10179479896555362,0.13081481916789445,0.00043262331715063516,0.0003155537336567689,0.0006535029836908865,0.0003249661372065407,0.6950594867703848,0.543023164320128,0.07515801343663407,0.05140720161960565,0.012442177309938011,0.13507574247211893,3.85388127091974e-06,1.8334319743639273e-06,8.369627741320771e-18,4.585227238207667e-18,-4.450876951193373e-19,0.0,6.794672453981457e-06,0.00014752971344385578,5.726197261829743e-06,7.833303827294416e-06,4.454136461295779e-06,5.73201491504422e-06,4.398105827691153e-05,2.9163811665632507e-05,3.283203653538274e-05,2.112572490171777e-05,1.2556804888032198e-16,1.615931472439931e-16,0.0002350223945518765,0.0003210235693807713,5.380441085019331e-06,7.842671941728364e-06,2.597573547994078e-07,4.058768017512101e-07,0.0001139801685773721,7.784432761205112e-05,0.00011077072722225645,7.810930674122939e-05,5.000061711863291e-05,3.644110499018654e-05,3.1601961733758173e-06,2.303192384012771e-06,1.1390761556298074e-08,8.590074456268806e-09,2.8392320659086265e-10,1.0021960547446638e-10,7.487760006085635e-06,5.284034429829631e-06,9.013245521355988e-09,6.360553706401481e-09,2.6464432820188374e-06,1.8087795642220928e-06,1.4969638197365405e-08,1.0231383320838636e-08,3.924975569428627e-07,2.600757678068559e-07,1.8996381095217866e-07,8.843504748992772e-08,2.5081988389860097e-10,1.1676575781886597e-10,2.9180134725869928e-09,1.0135274921194184e-09,3.776213104686477e-08,1.8357471511660064e-08,2.9612820072327624e-09,1.4395810982780962e-09,2.2501342355853817e-13,1.0938676918393665e-13,4.413336107928889e-08,1.5572227158558213e-08,1.3553670416152574e-11,4.782342187203271e-12,2.161070678566053e-12,7.625225609232561e-13,-5.953123680027234e-20,0.0,-7.139884500153353e-17,0.0,-4.025657646209212e-18,0.0,2.336362831258545e-16,1.7005067710524192e-16
0.0035624999999999997,0.35624999999999996,1125.084142072096,99997.6425,0.7329755087744322,368074896.69673914,0.11520011750050492,0.1400342756614081,0.10067598325557552,0.12944981217244358,0.00044206746806929457,0.0003226236089028499,0.0006633125621462265,0.0003300296388595896,0.6960325013466906,0.544089179394428,0.07397592500893693,0.05062712482881404,0.012370959403127773,0.13437811591482646,3.68683631301889e-06,1.754949060409562e-06,8.339829055279408e-18,4.571471945354609e-18,-4.434355057521323e-19,0.0,7.12964972450338e-06,0.00015488999129189532,6.036920187388276e-06,8.263010212351401e-06,4.745629647435584e-06,6.110571420885378e-06,4.298110144533417e-05,2.8516770404446475e-05,3.149881209707835e-05,2.0279262741905547e-05,1.4290576281510034e-16,1.840084319705923e-16,0.0002459482907044252,0.00033613649688173027,5.827168955517872e-06,8.498611322750487e-06,2.877191745188034e-07,4.498206312409072e-07,0.00011346542265893259,7.753635851776276e-05,0.00011222478332634337,7.917913273017263e-05,5.110776087512082e-05,3.726895500794048e-05,3.246138625087677e-06,2.3671589656126645e-06,1.2349048970215853e-08,9.317982034460355e-09,2.6786884206863683e-10,9.460589235084464e-11,7.700043866489985e-06,5.436897061985607e-06,8.85766028748473e-09,6.254274394808729e-09,2.5468836341968833e-06,1.7417119968470652e-06,1.544944585856885e-08,1.0565258983649525e-08,3.95477628955792e-07,2.621977990203454e-07,1.8492031005572032e-07,8.613553218496177e-08,2.5162105176567707e-10,1.1720461206368158e-10,2.4407489896723407e-09,8.482337483833437e-10,3.7041418689171193e-08,1.801723604476361e-08,2.9715470155150177e-09,1.4453837323541468e-09,2.553769856390225e-13,1.2421736514113594e-13,3.989055137467025e-08,1.4083090001199844e-08,1.3090951479582779e-11,4.621672088628244e-12,2.0482162370319428e-12,7.23108922138286e-13,-5.944228494492131e-20,0.0,-7.115575730710684e-17,0.0,-4.011087998198095e-18,0.0,2.3285394235220233e-16,1.695765755430624e-16
0.0035703124999999997,0.35703124999999997,1134.1488223635695,99997.6425,0.7312257291480395,382940182.0620825,0.11656366164442052,0.141771349021459,0.09955622129150225,0.12808191498453794,0.000451579654448228,0.00032975077031529464,0.000673038377099818,0.00033505678245424877,0.69700891941478,0.5451584751768243,0.07279526353197216,0.04984709406234833,0.012300057731904858,0.133682998707452,3.528065299179845e-06,1.6803166718248016e-06,8.309886615219972e-18,4.557617470268288e-18,-4.417868797118622e-19,0.0,7.4714618261873465e-06,0.00016240694855637868,6.353137653319648e-06,8.70071581118684e-06,5.053383563510604e-06,6.510496481191136e-06,4.198989501847301e-05,2.7874780118549954e-05,3.0166951679941408e-05,1.943270585857533e-05,1.6221944212670264e-16,2.0899444775432603e-16,0.00025707744520319547,0.0003515440076148132,6.2995068515244065e-06,9.192651009917138e-06,3.17977599894478e-07,4.974059260085391e-07,0.00011282428399990086,7.714154176817684e-05,0.00011354011054927881,8.015214342445953e-05,5.225151568022003e-05,3.812440875996838e-05,3.3250331888498028e-06,2.4260525801389963e-06,1.337055815775242e-08,1.0094428968703483e-08,2.526055200890423e-10,8.926530351160125e-11,7.913795622277657e-06,5.590962822882629e-06,8.70345873653244e-09,6.148846463694866e-09,2.4515453166502395e-06,1.677455582029343e-06,1.5929349565100303e-08,1.0899564517365368e-08,3.9830585294008705e-07,2.6422120649444945e-07,1.7985416477488237e-07,8.382278583017296e-08,2.524129287461383e-10,1.1763950472615962e-10,2.0254179129260375e-09,7.042890545697685e-10,3.6310994383212216e-08,1.7671872187603957e-08,2.9787737248177378e-09,1.4497126678830228e-09,2.8889937487202733e-13,1.4060184565415107e-13,3.588690739306577e-08,1.2676746699020508e-08,1.2570446551819112e-11,4.440403991506313e-12,1.936058339674526e-12,6.838962437683463e-13,-5.935290206864255e-20,0.0,-7.091108274599584e-17,0.0,-3.9964738411301335e-18,0.0,2.3206565361310506e-16,1.6909742608900078e-16
0.0035781249999999997,0.3578125,1143.201381040705,99997.6425,0.7294752561330511,398115294.38808477,0.1179226231508042,0.14350466063787068,0.09843572008269554,0.12671140741477877,0.0004611500849761277,0.0003369281746739478,0.0006826694080220105,0.0003400420383364663,0.69798852097859,0.5462309412490737,0.07161643966102112,0.04906739860749123,0.012229471334784015,0.13299040136844517,3.3767096031175233e-06,1.6091325463795848e-06,8.279802885602727e-18,4.543665538531906e-18,-4.401417866208441e-19,0.0,7.819769049136947e-06,0.00017007345550503863,6.6742230045181025e-06,9.145575013448194e-06,5.377981648194824e-06,6.932577691274079e-06,4.100881521721132e-05,2.723876846133651e-05,2.8840238821146827e-05,1.8588497445841055e-05,1.8369686407440204e-16,2.367975320753777e-16,0.00026839347871882946,0.00036722417833600924,6.797920520510767e-06,9.925534132381038e-06,3.506459310863275e-07,5.488160656679842e-07,0.00011205563947276945,7.665897906635118e-05,0.00011470834065733624,8.102227057177993e-05,5.3428646111216806e-05,3.900515231266228e-05,3.3959126642255307e-06,2.479158660185614e-06,1.4457087528208159e-08,1.0920854317282146e-08,2.380959944884591e-10,8.418515634472672e-11,8.128376903507889e-06,5.745782624788524e-06,8.550662727449486e-09,6.044287797309622e-09,2.3602169502571623e-06,1.6158707252147958e-06,1.640843936651545e-08,1.1233677826068251e-08,4.009768846740293e-07,2.661422993905331e-07,1.7477380872651177e-07,8.150073519009115e-08,2.5316991330342795e-10,1.1805850208670926e-10,1.6678712261265054e-09,5.802864011505939e-10,3.557282036599309e-08,1.7322329809279458e-08,2.9830288428682603e-09,1.4525980485976771e-09,3.25773458866149e-13,1.586367130727681e-13,3.21294229741437e-08,1.1355814479373258e-08,1.1998899108599567e-11,4.240887623273766e-12,1.8243130342804423e-12,6.447847004990707e-13,-5.926309381467408e-20,0.0,-7.066484469672344e-17,0.0,-3.9818162338267106e-18,0.0,2.3127149585621783e-16,1.6861329773266875e-16
0.0035859374999999997,0.35859375,1152.2404100686904,99997.6425,0.7277238224031356,413591878.9532762,0.11927665122461742,0.14523378800598977,0.09731469146171098,0.12533857560170727,0.0004707684354537255,0.00034414837639817745,0.0006921943570765914,0.0003449797288400231,0.6989710803178819,0.5473064632188785,0.07043986790159666,0.048288330725489395,0.012159199140357698,0.1323003330003001,3.23200303606434e-06,1.541037541678556e-06,8.24958031155229e-18,4.529617866012249e-18,-4.38500195126786e-19,0.0,8.174214350587922e-06,0.0001778819917520982,6.999518421715959e-06,9.596697737683134e-06,5.71999549694374e-06,7.377589197710948e-06,4.003903352770536e-05,2.6609528807856928e-05,2.7522338665307202e-05,1.774900946525255e-05,2.075436865761491e-16,2.676876338373741e-16,0.0002798790517663936,0.0003831537275174088,7.322805536640796e-06,1.069790306765102e-05,3.858365163852954e-07,6.042333513068709e-07,0.0001111588223773094,7.608807603053652e-05,0.00011572157037937861,8.178376192353381e-05,5.463559503933096e-05,3.990863179758287e-05,3.4578195469484314e-06,2.5257681740687346e-06,1.5610162998105913e-08,1.1798494486495932e-08,2.2430273399940164e-10,7.935263514227879e-11,8.343139705371605e-06,5.900899622587361e-06,8.399287492169568e-09,5.9406115854245535e-09,2.2727005851060152e-06,1.5568266753003479e-06,1.688579273109051e-08,1.1566966950962503e-08,4.034854320209813e-07,2.679574147646689e-07,1.6968777175241764e-07,7.917335983682298e-08,2.538657779332466e-10,1.1844935188311566e-10,1.363415018602857e-09,4.746257572925694e-10,3.482878755016844e-08,1.6969526044281695e-08,2.9843887531481773e-09,1.4540748109551817e-09,3.661860398192357e-13,1.7841572954022741e-13,2.862263909918067e-08,1.0122047947313298e-08,1.1383877369345374e-11,4.025769676917986e-12,1.712947566547714e-12,6.057630583870905e-13,-5.917286576607321e-20,0.0,-7.04170664947574e-17,0.0,-3.9671162194845626e-18,0.0,2.304715482474437e-16,1.681242596902636e-16
0.0035937499999999997,0.35937499999999994,1161.2645060532984,99997.6425,0.7259711652898486,429359621.08845747,0.12062539415952242,0.14695830741150012,0.09619335192583578,0.1239637118033646,0.00048042390387251276,0.0003514035668057311,0.0007016016744760049,0.0003498640404943322,0.6999563659804177,0.5483849226531198,0.0692659660773956,0.04751018528574262,0.012089239959448378,0.13161280118722898,3.093268235128601e-06,1.4757140397442755e-06,8.2192213197223e-18,4.5154761586779225e-18,-4.368620729984793e-19,0.0,8.534424382552088e-06,0.00018582466776671043,7.328337531608469e-06,1.005315290265771e-05,6.079982708569429e-06,7.846288899689267e-06,3.908153689837458e-05,2.598773330323909e-05,2.6216783521065382e-05,1.691653310435914e-05,2.339857954112884e-16,3.0196140963245163e-16,0.00029151593632076897,0.00039930811012770087,7.874482389384574e-06,1.1510292017605907e-05,4.23660180337811e-07,6.638381091093814e-07,0.00011013364105322179,7.5428562543583e-05,0.00011657243229516877,8.243123217894966e-05,5.586852370028539e-05,4.0832082071179766e-05,3.5098235900783646e-06,2.565190475665111e-06,1.6831004775762723e-08,1.2728357587863675e-08,2.111887868411003e-10,7.475509714096419e-11,8.557430557460554e-06,6.0558521469729e-06,8.249343447846584e-09,5.837827592559911e-09,2.1888107841063334e-06,1.5002009251008496e-06,1.7360480018508926e-08,1.1898793798476036e-08,4.0582627391523986e-07,2.696629301577398e-07,1.6460465904068656e-07,7.684468249283128e-08,2.5447423156375184e-10,1.1879974504421642e-10,1.1069928839903587e-09,3.85577095159789e-10,3.4080700341470126e-08,1.6614337783972298e-08,2.9829377710738374e-09,1.454181845461816e-09,4.103152296388113e-13,2.0002863071543632e-13,2.5368605885887824e-08,8.976323289344513e-09,1.0733596989979978e-11,3.7979318640127764e-12,1.602136056307697e-12,5.668932403941618e-13,-5.908222345223413e-20,0.0,-7.016777143561163e-17,0.0,-3.952374826397389e-18,0.0,2.2966589017109677e-16,1.676303813805075e-16
0.0036015624999999997,0.36015624999999996,1170.2722710722862,99997.6425,0.7242170275034094,445406128.94334084,0.1219684997731389,0.14867779444324813,0.09507192244320556,0.12258711414274837,0.0004901052704604703,0.00035868561711936193,0.0007108795868050764,0.0003546890377368952,0.7009441408030477,0.5494661970276247,0.06809515475007344,0.04673325936636965,0.012019592477515625,0.13092781189454786,2.959912787522597e-06,1.4128842189215646e-06,8.188728319181774e-18,4.501242112399474e-18,-4.352273872215327e-19,0.0,8.900010560985476e-06,0.0001938932473406199,7.659968168079372e-06,1.0513972115955949e-05,6.458484805414707e-06,8.339415737659596e-06,3.813714706540281e-05,2.5373945378616132e-05,2.492695932994633e-05,1.6093269798658844e-05,2.6327196720257807e-16,3.3994573846996957e-16,0.0003032850915561424,0.0004156616183357622,8.453191830069973e-06,1.2363119939091736e-05,4.642256352113543e-07,7.278077652524039e-07,0.00010898040558827388,7.46805118597862e-05,0.0001172541648680406,8.295971347656208e-05,5.7123354811437706e-05,4.177255769500569e-05,3.551041347701674e-06,2.5967676454555484e-06,1.8120497633279778e-08,1.3711200352794978e-08,1.9871846256897563e-10,7.03803148464385e-11,8.770594668067913e-06,6.210176628746407e-06,8.100837765903311e-09,5.735943259382358e-09,2.1083737508010965e-06,1.4458786397655964e-06,1.783157001012418e-08,1.2228517918764227e-08,4.079942814023259e-07,2.7125527758094414e-07,1.5953312634394743e-07,7.451875752702173e-08,2.5496948174552796e-10,1.1909757817960693e-10,8.933674309618047e-10,3.113433153205773e-10,3.333026535948116e-08,1.6257596049235305e-08,2.9787665443140773e-09,1.4529612254844858e-09,4.583277221598744e-13,2.2355978521850517e-13,2.2366898044765478e-08,7.918641366524083e-09,1.0056721195815881e-11,3.5604207750848255e-12,1.4922170680096958e-12,5.282955096824537e-13,-5.899117235692457e-20,0.0,-6.991698277823427e-17,0.0,-3.937593068538992e-18,0.0,2.288546012310225e-16,1.6713173240008717e-16
0.0036093749999999997,0.36093749999999997,1179.262313647418,99997.6425,0.7224611578511327,461716832.79549634,0.12330561588000254,0.15039182455028366,0.0939506282240138,0.12120908630778272,0.0004998009619936329,0.0003659861247198484,0.0007200161282523506,0.00035944867810496037,0.7019341619643299,0.5505501596955448,0.06692785659346791,0.04595785182289496,0.01195025524742758,0.1302453693710228,2.831425145713436e-06,1.3523082190540414e-06,8.15810370235451e-18,4.4869174127501214e-18,-4.335961040965045e-19,0.0,9.270570172668183e-06,0.00020207917093303436,7.993675273007953e-06,1.0978153564627798e-05,6.856025234467915e-06,8.857687079026159e-06,3.720653883310833e-05,2.476863161625725e-05,2.3656093013217864e-05,1.528132279691666e-05,2.9567686244465187e-16,3.8200167509247e-16,0.0003151667429772862,0.00043218748714815537,9.059090513473159e-06,1.325668388434022e-05,5.076388788081358e-07,7.963158966743344e-07,0.0001076999522824263,7.384435823273496e-05,0.00011776068093614904,8.336470494661405e-05,5.839581789285618e-05,4.27269656276068e-05,3.5806573760107237e-06,2.6198900905840893e-06,1.947916551431894e-08,1.4747508256371447e-08,1.868578465036002e-10,6.621665981662781e-11,8.98198000919143e-06,6.363410489785351e-06,7.95377570840258e-09,5.6349646430358895e-09,2.0312265079179337e-06,1.3937521177769358e-06,1.8298135491586466e-08,1.255550033113212e-08,4.099844405324077e-07,2.7273095876834365e-07,1.5448185115316816e-07,7.219965753133919e-08,2.553267890346903e-10,1.193312132737417e-10,7.17291489740219e-10,2.501197879515336e-10,3.2579083740361813e-08,1.590008209481675e-08,2.9719706181876066e-09,1.4504575140651707e-09,5.103760053857623e-13,2.4908682053585995e-13,1.9614684431650504e-08,6.948149992455303e-09,9.362145620734612e-12,3.3163720910598896e-12,1.3836529063638071e-12,4.90134213701621e-13,-5.889971792528639e-20,0.0,-6.966472374879195e-17,0.0,-3.922771946297314e-18,0.0,2.280377612529203e-16,1.6662838249883274e-16
0.0036171874999999997,0.36171875,1188.2332498583455,99997.6425,0.7207033119481424,478274903.00219893,0.12463639079982314,0.1520999736402504,0.09282969845759965,0.11982993720676283,0.0005094991196158364,0.00037329646210062156,0.0007289991746555511,0.0003641368288646177,0.7029261810712805,0.5516366798763815,0.06576449572535491,0.04518426282711443,0.011881226682706691,0.12956547605542182,2.7073703515449474e-06,1.2937822083101365e-06,8.127349845968305e-18,4.472503734784519e-18,-4.3196818933699967e-19,0.0,9.64568751657136e-06,0.00021037357982327452,8.328703925681236e-06,1.1444666093352602e-05,7.273107455804773e-06,9.401796209387467e-06,3.62902571881947e-05,2.4172172880213825e-05,2.2407240668403545e-05,1.4482689253469757e-05,3.3150435757284324e-16,4.285288552881577e-16,0.00032714046424043414,0.00044885800402883104,9.69224697150392e-06,1.4191152806560115e-05,5.54002581935668e-07,8.695312628025292e-07,0.00010629366552011612,7.292091282110875e-05,0.0001180866339291358,8.364222080260051e-05,5.968149588790936e-05,4.369209897145203e-05,3.5979466140133376e-06,2.6340130590680847e-06,2.090715120335629e-08,1.583747941165231e-08,1.7557516323604765e-10,6.225323352226311e-11,9.190941309305533e-06,6.515094977150263e-06,7.808161744854709e-09,5.534897205052825e-09,1.9572161283706715e-06,1.3437202858668166e-06,1.8759258873236145e-08,1.2879107386458532e-08,4.1179187686350534e-07,2.7408656153962786e-07,1.494594997768965e-07,6.989145794738771e-08,2.555230041430299e-10,1.1948973016309652e-10,5.736608222064725e-10,2.0014763727537967e-10,3.1828646597660717e-08,1.5542525045079255e-08,2.962649173880491e-09,1.446717152849508e-09,5.665955615002737e-13,2.7667923856039723e-13,1.7106850193872684e-08,6.063184935155641e-09,8.658776086237015e-12,3.0689320434782616e-12,1.2769907835612752e-12,4.526041435725304e-13,-5.88078655720649e-20,0.0,-6.941101754461246e-17,0.0,-3.907912447091843e-18,0.0,2.2721545028716677e-16,1.6612040155417138e-16
0.0036249999999999998,0.3625,1197.1837045977502,99997.6425,0.7189432529146819,495061188.8409314,0.1259604738982082,0.15380181871573848,0.09170936601646688,0.11844998058058838,0.0005191876693652583,0.0003806078279450282,0.0007378164802345274,0.0003687472850189681,0.7039199442827901,0.5527256226676881,0.06460549700029035,0.04441279337852891,0.0118125050513586,0.12888813248851974,2.587385559270864e-06,1.2371363466257355e-06,8.09646911204096e-18,4.458002742811893e-18,-4.303436081698477e-19,0.0,1.0024935077168695e-05,0.0002187673410165135,8.664282490407094e-06,1.1912453456334428e-05,7.710213124043408e-06,9.972409936942199e-06,3.538873317095956e-05,2.3584874657864226e-05,2.1183276597651823e-05,1.3699252837814867e-05,3.7109121876316906e-16,4.799703585320741e-16,0.000339185261006801,0.000465644621607918,1.0352637956099921e-05,1.51665618863254e-05,6.034154691792567e-07,9.476168238683447e-07,0.00010476349668972838,7.191137761943141e-05,0.00011822748103356448,8.378883641741546e-05,6.097587213296141e-05,4.466467108184352e-05,3.602297305957063e-06,2.638673604515922e-06,2.2404201612714856e-08,1.6981012669855346e-08,1.648410061121816e-10,5.847995107390649e-11,9.396843922662963e-06,6.664777917915598e-06,7.664000464380473e-09,5.435746456819162e-09,1.8861990174288877e-06,1.295688227133191e-06,1.9214037822684808e-08,1.3198714649146587e-08,4.13411881296387e-07,2.753187770925857e-07,1.4447469038203204e-07,6.75982197620488e-08,2.55537076771018e-10,1.1956316658123198e-10,4.576419874399064e-10,1.5975852797152072e-10,3.108033316480809e-08,1.518560083427999e-08,2.9509039369816593e-09,1.4417879322493257e-09,6.271021062379621e-13,3.0639704591225663e-13,1.4836167885490314e-08,5.261328427049311e-09,7.955308098146678e-12,2.8211792267226314e-12,1.1728262433531478e-12,4.159176481265222e-13,-5.871562068900092e-20,0.0,-6.915588733836818e-17,0.0,-3.893015546117755e-18,0.0,2.263877486123145e-16,1.6560785954504164e-16
0.0036328124999999998,0.36328124999999994,1206.1123129653108,99997.6425,0.7171807520541146,512054180.7365728,0.12727751615673769,0.15549693854486105,0.09058986712854829,0.11706953457343815,0.0005288543945771476,0.00038791129972357344,0.0007464557168515956,0.0003732737886201617,0.7049151924721341,0.553816849081395,0.06345128526744835,0.0436437447909841,0.011744088470387928,0.12821333723174994,2.471175328845095e-06,1.1822326318026734e-06,8.06546384886269e-18,4.4434160901427455e-18,-4.2872232543517583e-19,0.0,1.0407874727878406e-05,0.0002272510728637594,8.999625872440234e-06,1.2380438729824155e-05,8.167800368131695e-06,1.0570166317206459e-05,3.450229846277353e-05,2.300697658172888e-05,1.998688316467311e-05,1.2932776861042044e-05,4.148111128511662e-16,5.368180238794529e-16,0.0003512796562300969,0.00048251807266337096,1.1040145188577984e-05,1.61828074347735e-05,6.559716969896448e-07,1.030728752034215e-06,0.000103111979771913,7.08173571478592e-05,0.00011817954249228922,8.380173180038294e-05,6.227437669963579e-05,4.564134932271472e-05,3.5932336703630774e-06,2.633507420526952e-06,2.396965903107031e-08,1.817770020231833e-08,1.546284494787465e-10,5.4887583589629486e-11,9.599067545839816e-06,6.812016373618486e-06,7.521297299397576e-09,5.337518473505673e-09,1.8180402431022976e-06,1.2495667404832712e-06,1.966159087266258e-08,1.3513710773280276e-08,4.148399369359725e-07,2.764244180260533e-07,1.3953595217118438e-07,6.532397034674454e-08,2.553505237338362e-10,1.1954273992376495e-10,3.6477126986383495e-10,1.2740949043418843e-10,3.033541113231142e-08,1.4829932218255467e-08,2.9368382463213626e-09,1.435718538277398e-09,6.919889218313363e-13,3.382894255753728e-13,1.2793511943010742e-08,4.5394832579151394e-09,7.26001689111897e-12,2.5760498974967043e-12,1.071769381845999e-12,3.8029269733819527e-13,-5.862298865313063e-20,0.0,-6.889935628228617e-17,0.0,-3.878082206968176e-18,0.0,2.2555473673863585e-16,1.650908265248655e-16
0.0036406249999999998,0.36406249999999996,1215.0177217961302,99997.6425,0.7154155895056149,529229998.7223465,0.1285871707689361,0.15718491436189294,0.08947144101929091,0.11568892126387688,0.0005384870093202382,0.0003951978871974159,0.0007549045156063885,0.00037771004929352067,0.705911661430832,0.5549102161065766,0.06230228459773526,0.042877418157414304,0.011675974901103732,0.12754108679368723,2.3585066520469603e-06,1.128962610031783e-06,8.034336392002245e-18,4.428745418825502e-18,-4.2710430568836764e-19,0.0,1.0794058963594392e-05,0.00023581517137414052,9.333938872712519e-06,1.2847528872659902e-05,8.646302174783246e-06,1.1195672505189307e-05,3.3631198678508036e-05,2.243866112044947e-05,1.882054149458064e-05,1.218489793001788e-05,4.630789425351194e-16,5.996182043918151e-16,0.00036340177634904236,0.0004994484866521992,1.175455255287197e-05,1.7239642430093988e-05,7.117602334933385e-07,1.1190154421965334e-06,0.00010134224319809722,6.964086762004921e-05,0.00011794005619207148,8.367873186731332e-05,6.357243113156252e-05,4.66187877501189e-05,3.570437379704893e-06,2.618264858159782e-06,2.560245842886479e-08,1.9426824652885312e-08,1.4491306003853514e-10,5.146776484960202e-11,9.797009754421725e-06,6.9563791746971725e-06,7.38005907780151e-09,5.24022028799986e-09,1.7526129110398731e-06,1.205271929005566e-06,2.0101062956674704e-08,1.3823501340338156e-08,4.1607174665526773e-07,2.7740043688084034e-07,1.346516810005399e-07,6.307268257555894e-08,2.549478432107769e-10,1.1942104449548035e-10,2.910229945927975e-10,1.0170716040537537e-10,2.9595038714063025e-08,1.4476089633791606e-08,2.920556268468361e-09,1.4285581692038837e-09,7.613243390248858e-13,3.7239347711596045e-13,1.0968109184608582e-08,3.893959903590985e-09,6.580566400246883e-12,2.3362697502535744e-12,9.744144740119578e-13,3.4594211521944027e-13,-5.852997483417801e-20,0.0,-6.86414475124721e-17,0.0,-3.863113382390137e-18,0.0,2.2471649541189245e-16,1.6456937259376294e-16
0.0036484374999999998,0.36484374999999997,1223.898591317269,99997.6425,0.7136475548655056,546562410.3724403,0.12988909375845567,0.15886533059352717,0.0883543295253996,0.11430846615873472,0.0005480732320302001,0.0004024585862163775,0.0007631505105404079,0.0003820497658657898,0.7069090821158406,0.5560055768003104,0.061158917484730874,0.042114113795784454,0.011608162145304409,0.1268713755654179,2.2492036750249276e-06,1.0772449329968004e-06,8.003089065297671e-18,4.413992359353279e-18,-4.2548951330178115e-19,0.0,1.1183032162024904e-05,0.00024444983721429614,9.666419631993867e-06,1.3312619422383681e-05,9.146124881277626e-06,1.184950274269732e-05,3.27756053761043e-05,2.1880061443534038e-05,1.7686523050605486e-05,1.1457120152926077e-05,5.163554839943324e-16,6.689779336298478e-16,0.0003755294379335288,0.0005164055071725036,1.2495543770243344e-05,1.8336672744230154e-05,7.708642448455526e-07,1.212616529999121e-06,9.945801755934894e-05,6.83843432924139e-05,0.00011750722667210136,8.341834287796695e-05,6.486549062522106e-05,4.759365802155261e-05,3.5337668057446907e-06,2.5928253568952935e-06,2.730113064397781e-08,2.072736074311405e-08,1.3567282307268663e-10,4.82129677002699e-11,9.990089335088288e-06,7.0974493169011e-06,7.240294421080137e-09,5.1438601767622646e-09,1.689797580104885e-06,1.1627248147638222e-06,2.0531630816059043e-08,1.4127512619540897e-08,4.1710326102707315e-07,2.782439449781811e-07,1.2983009187744405e-07,6.084825242129814e-08,2.5431686184698396e-10,1.1919221792791615e-10,2.328478789216909e-10,8.14216187592148e-11,2.8860268020832568e-08,1.4124592702314683e-08,2.90216234083749e-09,1.4203562139733434e-09,8.351494234235011e-13,4.087330527531809e-13,9.347816626793368e-09,3.3205736458894734e-09,5.923844590366988e-12,2.104294833163115e-12,8.813136032502013e-13,3.1306419900540895e-13,-5.843658460281442e-20,0.0,-6.83821841531326e-17,0.0,-3.84811001490979e-18,0.0,2.238731056167106e-16,1.6404356786962213e-16
0.0036562499999999998,0.365625,1232.753596923895,99997.6425,0.7118764477713738,564022881.8115755,0.13118294461555258,0.1605377756060053,0.08723877668231977,0.1129284976524129,0.0005576008585287227,0.0004096844322159253,0.0007711813841961465,0.0003862866489740676,0.7079071809417293,0.5571027804079909,0.060021604024246215,0.041354130679492354,0.011540647842428349,0.12620419576581007,2.1431420911392367e-06,1.0270227485556712e-06,7.971724181856397e-18,4.399158530355708e-18,-4.2387791256798464e-19,0.0,1.1574331874293934e-05,0.0002531451034059947,9.996263154919433e-06,1.3774599314211655e-05,9.667646784165779e-06,1.2532196489518147e-05,3.193562681419077e-05,2.133126847704217e-05,1.6586882142129868e-05,1.0750809933091088e-05,5.751522953659806e-16,7.455714650983516e-16,0.00038764023441590246,0.0005333584098497142,1.3262700593108739e-05,1.9473354117023087e-05,8.333604933653256e-07,1.311661925277782e-06,9.74636387264415e-05,6.705063968350718e-05,0.00011688026767587867,8.30197844055469e-05,6.614908276588485e-05,4.8562677871415596e-05,3.4832729249104014e-06,2.5572094716615937e-06,2.9063810991308142e-08,2.2077980999679128e-08,1.2688799865573638e-10,4.5116455470555945e-11,1.0177749390860946e-05,7.234826203376602e-06,7.102014005962813e-09,5.048447849700979e-09,1.6294817150372255e-06,1.121850977664412e-06,2.0952508215389326e-08,1.4425195207188414e-08,4.1793070628601026e-07,2.7895223133261733e-07,1.2507916891440135e-07,5.8654475293766815e-08,2.5344900213079123e-10,1.1885207075435499e-10,1.8718407366568315e-10,6.549071964309938e-11,2.8132049375514924e-08,1.3775912201290684e-08,2.8817604260328354e-09,1.41116198412245e-09,9.134759196657947e-13,4.4731771579577337e-13,7.919416983936439e-09,2.8147482960376935e-09,5.295831191982623e-12,1.8822637896163592e-12,7.929548083804469e-13,2.818349128794495e-13,-5.834282333792126e-20,0.0,-6.812158932079071e-17,0.0,-3.8330730375696525e-18,0.0,2.2302464857978253e-16,1.6351348245824111e-16
0.0036640625,0.36640625,1241.5814310642968,99997.6425,0.7101020784432569,581580665.6357102,0.13246838694776775,0.1622018424681838,0.08612502828777542,0.1115493464545955,0.0005670578336603142,0.0004168665528473825,0.0007789849147473674,0.00039041444451752875,0.7089056801190138,0.5582016725141967,0.05889076107745374,0.04059776585562239,0.011473429467734836,0.1255395373974835,2.040243196577135e-06,9.782609208369701e-07,7.940244045032634e-18,4.384245538260341e-18,-4.2226946780276004e-19,0.0,1.1967490145918775e-05,0.00026189086374785517,1.0322664903705208e-05,1.4232355809275425e-05,1.0211216871679189e-05,1.3244256708882478e-05,3.111131750348765e-05,2.0792337177422572e-05,1.5523449438443165e-05,1.0067191401071936e-05,6.400368543722428e-16,8.301471322151677e-16,0.0003997116226227092,0.0005502762202547211,1.4055501555475927e-05,2.0648989935040146e-05,8.993187531064273e-07,1.4162708698373295e-06,9.536404592785819e-05,6.564303334120516e-05,0.00011605943737239664,8.248301620272853e-05,6.741884202797419e-05,4.952263656238349e-05,3.4192107818137076e-06,2.5115876776359306e-06,3.088825257265275e-08,2.3477065068746504e-08,1.185409223720768e-10,4.2172213466487924e-11,1.0359460199882483e-05,7.368127717930702e-06,6.96523070713426e-09,4.953994556164247e-09,1.5715591730795706e-06,1.0825802163565916e-06,2.1362950899162724e-08,1.4716027498418518e-08,4.18550611987714e-07,2.795227814183157e-07,1.2040661345104181e-07,5.649502144882333e-08,2.5233945902760277e-10,1.1839817383407645e-10,1.5144506422261705e-10,5.3016330011610297e-11,2.7411236266725575e-08,1.3430472356324098e-08,2.859453660918245e-09,1.4010244913240384e-09,9.962845035678788e-13,4.88141846431243e-13,6.66892177996981e-09,2.3716229643058387e-09,4.7015021587871705e-12,1.6719630030753798e-12,7.097451216348363e-13,2.524017951940709e-13,-5.824869643452886e-20,0.0,-6.7859686128316e-17,0.0,-3.81800337456026e-18,0.0,2.2217120577237386e-16,1.6297918642224318e-16
0.003671875,0.36718749999999994,1250.380805220576,99997.6425,0.7083242681767392,599202929.5558615,0.1337450891406045,0.16385712972543567,0.08501333144391492,0.11017134498965137,0.0005764323208406078,0.0004239962192188775,0.0007865490243912279,0.0003944269578006554,0.7099042980392146,0.5593020952246943,0.057766801422668476,0.039845313854529864,0.011406504331572566,0.12487738821419238,1.9404676265655613e-06,9.309430877148921e-07,7.908650949401598e-18,4.369254976936135e-18,-4.206641434491567e-19,0.0,1.2362034869834621e-05,0.00027067690199963175,1.0644824450287037e-05,1.46847795170331e-05,1.0777153689286843e-05,1.3986148319764925e-05,3.0302686609555753e-05,2.0263292058777216e-05,1.4497826580733605e-05,9.407342546944248e-06,7.116378730134644e-16,9.235344627053356e-16,0.0004117210089032834,0.0005671278315725081,1.4873321317002998e-05,2.186272987187452e-05,9.688012489107131e-07,1.5265510291138728e-06,9.316477432745359e-05,6.416521783041014e-05,0.00011504606539208827,8.180875933993731e-05,6.86705393859003e-05,5.047041682053764e-05,3.342045490415261e-06,2.4562851907507985e-06,3.277184333104612e-08,2.4922711903153153e-08,1.1061576445259394e-10,3.9374865423036346e-11,1.0534721810776974e-05,7.496992116834994e-06,6.8299596382121636e-09,4.8605131189697065e-09,1.5159297220193543e-06,1.0448462295103323e-06,2.1762261221710673e-08,1.499951894394812e-08,4.1895983804320623e-07,2.799532955744377e-07,1.1581979118237118e-07,5.4373410857567196e-08,2.50987277278642e-10,1.1782989943406966e-10,1.2348953541748542e-10,4.325423719082414e-11,2.6698590698641303e-08,1.3088653336350006e-08,2.835343985841581e-09,1.3899922635944193e-09,1.0835233875285577e-12,5.311839175807372e-13,5.581872076285384e-09,1.9861583297948765e-09,4.144773203232661e-12,1.474805533019216e-12,6.319986890330694e-13,2.2487965390239006e-13,-5.815420931087691e-20,0.0,-6.759649768884522e-17,0.0,-3.802901941931375e-18,0.0,2.2131285891232235e-16,1.6244074974897169e-16
0.0036796875,0.36796874999999996,1259.1504519692637,99997.6425,0.7065428497832102,616854929.1659971,0.13501272502387393,0.16550324217917686,0.08390393408080693,0.108794826771295,0.0005857127688866826,0.00043106489527920856,0.0007938618286705486,0.0003983180782051438,0.7109027497064548,0.560403887379753,0.05665013290091245,0.039097066094291845,0.01133986957976539,0.12421773370007248,1.8438088200199413e-06,8.850685780501905e-07,7.876947181707545e-18,4.354188427309476e-18,-4.1906190418123405e-19,0.0,1.2757491173552151e-05,0.00027949292187716895,1.0961949174016797e-05,1.5130769494519565e-05,1.1365744349845738e-05,1.4758296831226357e-05,2.9509705273887016e-05,1.974413201533823e-05,1.3511381999681248e-05,8.772192124578758e-06,7.906507269070557e-16,1.0266514676337576e-15,0.00042364583472548654,0.000583882121841784,1.5715430636744642e-05,2.311356944556731e-05,1.0418621253463463e-06,1.6425976278722012e-06,9.08719416514499e-05,6.26212956179684e-05,0.00011384257086084438,8.099851101584752e-05,6.990010655561011e-05,5.14030128881126e-05,3.2524519198650734e-06,2.3917821616163585e-06,3.47116257199771e-08,2.6412753972918948e-08,1.030982606618297e-10,3.6719579603768564e-11,1.0703066360360889e-05,7.6210797284307365e-06,6.6962181076670305e-09,4.7680179080727765e-09,1.4624985876978764e-06,1.0085863162207513e-06,2.214979238427879e-08,1.527521304555899e-08,4.1915560082279365e-07,2.8024170684538157e-07,1.1132567924466674e-07,5.229298797968276e-08,2.4939532400575676e-10,1.1714841327632779e-10,1.0157864379869738e-10,3.5599607957710086e-11,2.59947887516216e-08,1.2750793861582725e-08,2.809531841707055e-09,1.3781131942810954e-09,1.1751073182355834e-12,5.764059605648658e-13,4.643627388675054e-09,1.6532390516274415e-09,3.6284827124903552e-12,1.2918240023034487e-12,5.599299591735871e-13,1.993480521153655e-13,-5.80593674158199e-20,0.0,-6.7332047119472e-17,0.0,-3.787769648222039e-18,0.0,2.204496899651937e-16,1.6189824231724023e-16
0.0036875,0.36874999999999997,1267.88912710342,99997.6425,0.7047576679733961,634500227.3281533,0.136270974539378,0.1671397916667888,0.08279708446424085,0.10742012575634398,0.0005948879755894843,0.0004380642849410384,0.0008009116863746932,0.0004020818042171895,0.7119007472145946,0.5615068847982664,0.05554115756041297,0.03835331028357538,0.01127352219512994,0.1235605570610272,1.7502862925580893e-06,8.406492265768991e-07,7.845135021798518e-18,4.3390474569625675e-18,-4.174627150083275e-19,0.0,1.3153382842767395e-05,0.00028832857791177027,1.1273257989951537e-05,1.556923840217463e-05,1.1977243702014055e-05,1.5561087176942425e-05,2.8732312927921746e-05,1.9234834486234046e-05,1.2565248056357052e-05,8.162517406738537e-06,8.778429268647586e-16,1.140512011983838e-15,0.0004354636616715054,0.0006005080706727158,1.658099701109212e-05,2.440035054677777e-05,1.118546952233552e-06,1.7644926406010126e-06,8.849222843962113e-05,6.10157655472672e-05,0.00011245247067367634,8.005455247887777e-05,7.110365459432902e-05,5.231754447871888e-05,3.1513074669927014e-06,2.3187087852395557e-06,3.6704317764340026e-08,2.7944772574692082e-08,9.59754276279116e-11,3.420196903198482e-11,1.0864060102231031e-05,7.740074451723578e-06,6.564025505617158e-09,4.676524764996083e-09,1.4111760296111916e-06,9.737410946762892e-07,2.2524952218253652e-08,1.554269004737598e-08,4.1913549804489085e-07,2.8038619806501207e-07,1.0693081430354897e-07,5.025689693054797e-08,2.475701551641617e-10,1.1635661667968892e-10,8.432594636187797e-11,2.956982271100066e-11,2.5300426217382193e-08,1.2417193857654527e-08,2.7821159250844765e-09,1.3654344191445895e-09,1.2709169982431624e-12,6.237532367471156e-13,3.839634378929595e-09,1.3677693091098333e-09,3.1544123482555244e-12,1.1236768849391788e-12,4.936517166532244e-13,1.7585051095825824e-13,-5.796417623557227e-20,0.0,-6.706635754475614e-17,0.0,-3.772607395142497e-18,0.0,2.1958178114473227e-16,1.6135173386314364e-16
0.0036953125,0.36953125,1276.5956117950918,99997.6425,0.7029685796810511,652100961.1832919,0.13751952440553736,0.16876639783668682,0.08169303069092705,0.10604757568164033,0.0006039471475866373,0.00044498637661093024,0.000807687249652453,0.00040571226862891444,0.712898000267882,0.5626109205515915,0.0544402708051409,0.03761432982646362,0.01120745900011365,0.1229058392282892,1.659938829030969e-06,7.977061394685083e-07,7.813216743531484e-18,4.323833619709538e-18,-4.158665413786093e-19,0.0,1.3549233783778693e-05,0.00029717350722919823,1.1577985090235105e-05,1.5999117692443828e-05,1.2611873672954458e-05,1.639486277120598e-05,2.797042268060346e-05,1.8735359013895275e-05,1.1660319628777303e-05,7.5789428731813484e-06,9.740595509858876e-16,1.2662331611869936e-15,0.00044715225581392135,0.0006169748754160847,1.746908600808936e-05,2.5721762988187418e-05,1.1988922736874463e-06,1.8923040476702913e-06,8.603285154142203e-05,5.935350562510435e-05,0.00011088037733013575,7.897994955327239e-05,7.227748681866898e-05,5.3211266590328584e-05,3.039677652160004e-06,2.237835113214976e-06,3.8746334293722845e-08,2.951611331457363e-08,8.92352745572447e-11,3.181799008902531e-11,1.1017305137533059e-05,7.853685047111017e-06,6.4334031365054846e-09,4.586050888531871e-09,1.3618769437332025e-06,9.402542385718593e-07,2.2887206461294545e-08,1.5801569285188856e-08,4.1889753218917233e-07,2.803852180094362e-07,1.0264124275627624e-07,4.826805756550648e-08,2.4552177874556443e-10,1.154590399710627e-10,7.064462056975714e-11,2.4786300930357858e-11,2.4616024213143163e-08,1.2088117109059247e-08,2.753192993765761e-09,1.352002217917561e-09,1.370798954523183e-12,6.731541272373644e-13,3.155668284460525e-09,1.1247589365061158e-09,2.723341820496736e-12,9.706669946420523e-13,4.3317753968466803e-13,1.5439528649233655e-13,-5.786864130062558e-20,0.0,-6.679945209998717e-17,0.0,-3.757416078185856e-18,0.0,2.1870921491243664e-16,1.6080129394497285e-16
0.003703125,0.3703125,1285.2687147744039,99997.6425,0.701175454324633,669618155.731939,0.1387580687746567,0.1703826889133972,0.08059202017434797,0.10467750938841115,0.0006128799561963003,0.00045182348486809274,0.0008141775139583406,0.00040920376372613156,0.7138942167421203,0.5637158252652832,0.05334786055242891,0.03688040323274081,0.01114167666051529,0.12225355887390536,1.5728177339810887e-06,7.562664769419381e-07,7.781194615662102e-18,4.308548455162627e-18,-4.1427334928265713e-19,0.0,1.394456952684844e-05,0.000306017362299399,1.1875383678203743e-05,1.641936280332135e-05,1.326982280364531e-05,1.725992481076244e-05,2.722392586470545e-05,1.8245650250794174e-05,1.0797254264517691e-05,7.0219399130584155e-06,1.0802285472522561e-15,1.4050423867673098e-15,0.0004586896714807398,0.0006332520667975741,1.837866332707676e-05,2.7076347121142407e-05,1.282925207742536e-06,2.026085168574665e-06,8.350153054778844e-05,5.7639750890235714e-05,0.00010913198575777534,7.777854533516598e-05,7.341810624805074e-05,5.408157531294533e-05,2.9187946721924777e-06,2.15005564640796e-06,4.083380723944965e-08,3.112390091920683e-08,8.286652235316818e-11,2.95638434046671e-11,1.1162440842014517e-05,7.961646214361065e-06,6.304374011544047e-09,4.49661469147526e-09,1.314520492105674e-06,9.080722310305889e-07,2.3236081483357664e-08,1.605151116298073e-08,4.1844013219974475e-07,2.8023749645982925e-07,9.846247419659702e-08,4.6329143023967505e-08,2.4326332218806586e-10,1.1446169048762238e-10,5.96957222406967e-11,2.095662944106222e-11,2.3942034710750128e-08,1.1763793880332658e-08,2.722857717204283e-09,1.3378619377024839e-09,1.4745658678921197e-12,7.245202482756425e-13,2.5780416912078845e-09,9.193981926432305e-10,2.335132821252414e-12,8.327704329853047e-13,3.784280934088019e-13,1.349575169059671e-13,-5.777276819190844e-20,0.0,-6.65313539342631e-17,0.0,-3.74219658729386e-18,0.0,2.1783207397645096e-16,1.6024699190754472e-16
0.0037109375,0.37109375,1293.9072744992518,99997.6425,0.6993781740058925,687012080.354271,0.13998630987852692,0.1719883024475736,0.0794942991246073,0.10331025813850875,0.0006216765889747243,0.0004585682891082766,0.0008203718674466686,0.00041255076627066836,0.714889103282223,0.5648214274462197,0.052264306404601314,0.03615180353707875,0.01107617169022954,0.1216036924377078,1.4889802987505012e-06,7.163603293090757e-07,7.74907090270027e-18,4.2931934882840155e-18,-4.1268310535560594e-19,0.0,1.4338918772185511e-05,0.00031484984469864,1.2164729671818685e-05,1.6828958324740878e-05,1.3951245997197738e-05,1.815653184966122e-05,2.6492695830399776e-05,1.776564047164318e-05,9.976474010592712e-06,6.491827617297681e-06,1.1973658096916131e-15,1.5582845047480267e-15,0.00047005433442537,0.0006493096240424414,1.9308597608353146e-05,2.8462497559541135e-05,1.3706631036499993e-06,2.1658740836782023e-06,8.090644694544473e-05,5.588006619806747e-05,0.00010721404867848599,7.645494471350649e-05,7.452221802684274e-05,5.492600995017355e-05,2.7900294761581107e-06,2.056369104762009e-06,4.2962604104206366e-08,3.276505269215957e-08,7.685834001623161e-11,2.743588057419236e-11,1.129914498629793e-05,8.063719454968163e-06,6.176962613544903e-09,4.408235637285386e-09,1.269029759041552e-06,8.771441360041914e-07,2.3571166431710723e-08,1.6292218734073773e-08,4.177621732711309e-07,2.7994205803444333e-07,9.439943929067975e-08,4.444255927840907e-08,2.408106158889411e-10,1.1337186059505668e-10,5.084021568897135e-11,1.7857955278408853e-11,2.327884593990766e-08,1.1444423484652316e-08,2.6912025677010525e-09,1.3230579362593914e-09,1.5819973675747264e-12,7.777467952177255e-13,2.093777047294985e-09,7.471198365501346e-10,1.9888359942713243e-12,7.096738522779656e-13,3.2924054276972875e-13,1.174824897510407e-13,-5.767656254724005e-20,0.0,-6.62620862133107e-17,0.0,-3.7269498074362874e-18,0.0,2.1695044128962613e-16,1.5968889684606758e-16
0.00371875,0.37187499999999996,1302.5101612877072,99997.6425,0.6975766336452842,704242641.73501,0.1412039586582118,0.1735828860460816,0.07840011202569676,0.10194615092707023,0.0006303277968569117,0.00046521386904017117,0.000826260139424531,0.0004157479620832312,0.7158823659311159,0.5659275538319359,0.051189978839404716,0.035428797730473284,0.011010940456932222,0.12095621416505921,1.4084836547643906e-06,6.780177684140248e-07,7.71684786575004e-18,4.277770228939736e-18,-4.110957769785463e-19,0.0,1.4731814979480838e-05,0.0003236607399100533,1.2445325350019937e-05,1.7226923101455827e-05,1.4656264502225312e-05,1.9084899676585505e-05,2.577659107626455e-05,1.7295251649598125e-05,9.198169015094984e-06,5.988774726149057e-06,1.32657992598386e-15,1.727428213139175e-15,0.0004812251244016117,0.0006651180894951334,2.0257664012145482e-05,2.9878468043276344e-05,1.462113263840954e-06,2.311693155772909e-06,7.825619590384191e-05,5.4080313840058e-05,0.00010513434022547223,7.501449047791162e-05,7.558672750821366e-05,5.5742251944645874e-05,2.654858361680953e-06,1.957854090959135e-06,4.5128344025219926e-08,3.443629016785886e-08,7.120010682094638e-11,2.5430519758339823e-11,1.1427134549170222e-05,8.159693718045977e-06,6.051194645324648e-09,4.3209340645870314e-09,1.2253314339675665e-06,8.474213872449211e-07,2.3892114777406157e-08,1.6523438873453658e-08,4.1686299453681904e-07,2.794982346664541e-07,9.045645317308893e-08,4.261042721708554e-08,2.3818170871956315e-10,1.1219790305525022e-10,4.3596508072943155e-11,1.532225690509845e-11,2.2626787640017555e-08,1.1130176787012544e-08,2.6583177492689714e-09,1.3076335437509758e-09,1.6928412853792725e-12,8.327131132526171e-13,1.6907411401250267e-09,6.036478261701163e-10,1.6828141572615776e-12,6.008176436779253e-13,2.8538028932357495e-13,1.0188974952678796e-13,-5.758003006698016e-20,0.0,-6.599167212215808e-17,0.0,-3.7116766192517964e-18,0.0,2.1606440004707276e-16,1.591270775700132e-16
0.0037265625,0.37265624999999997,1311.0762793840581,99997.6425,0.6957707410551977,721269803.6818156,0.1424107353739482,0.17516609807745373,0.07730970111364134,0.10058551379623047,0.000638824936827013,0.00047175373698602233,0.0008318326474763096,0.0004187902700330716,0.7168737107838904,0.5670340297583938,0.050125238423884465,0.03471164620719521,0.01094597918860258,0.12031109615448135,1.3313791819736811e-06,6.412661564898726e-07,7.684527763315796e-18,4.262280171453454e-18,-4.095113323776563e-19,0.0,1.512279800089806e-05,0.0003324399531666064,1.2716502912846384e-05,1.761231523212708e-05,1.5384966154378717e-05,2.0045201525666887e-05,2.5075457808034293e-05,1.6834397155357296e-05,8.46230297095434e-06,5.512802781686697e-06,1.4690764912451614e-15,1.9140720901259625e-15,0.000492181457104302,0.0006806486826853645,2.122454857956899e-05,3.132237746405164e-05,1.5572727373134617e-06,2.463548662444772e-06,7.555973075488317e-05,5.224661601937717e-05,0.00010290160769492372,7.346323089988051e-05,7.660873487808596e-05,5.6528121243641434e-05,2.5148254812807123e-06,1.8556416567727399e-06,4.7326411234808066e-08,3.613414880574281e-08,6.58812071464223e-11,2.354417265786281e-11,1.1546166226581903e-05,8.249385830986669e-06,5.927096771346363e-09,4.234731006371995e-09,1.1833555209848772e-06,8.188575949782963e-07,2.41986452595817e-08,1.674496303739918e-08,4.15742414506527e-07,2.7890567662159024e-07,8.663718539024332e-08,4.083456775315618e-08,2.3539633469966964e-10,1.1094898264343642e-10,3.760432929099157e-11,1.3223797071060876e-11,2.19861361441101e-08,1.0821198633514885e-08,2.6242911615512495e-09,1.2916310417249531e-09,1.8068153543416118e-12,8.892834882518889e-13,1.3577415066338547e-09,4.850325782241743e-10,1.4148747966107197e-12,5.054425802786974e-13,2.465542080032042e-13,8.807775456190922e-14,-5.74831765197999e-20,0.0,-6.572013486758534e-17,0.0,-3.69637789961088e-18,0.0,2.151740336830768e-16,1.5856160256719578e-16
0.003734375,0.3734375,1319.6045689290768,99997.6425,0.6939604169528799,738054021.6150222,0.14360637019127295,0.17673760834825875,0.07622330585896646,0.0992286691544962,0.0006471600101393407,0.00047818186699306723,0.0008370802428781294,0.00042167286524297666,0.7178628446605229,0.5681406795419573,0.04907043505617088,0.034000602230395194,0.01088128398076392,0.1196683084140994,1.2577076287018604e-06,6.061277886921746e-07,7.652112852087204e-18,4.24672479417473e-18,-4.0792974072134204e-19,0.0,1.551141575612117e-05,0.00034117754631241833,1.2977627923884216e-05,1.798423692102837e-05,1.6137405899440884e-05,2.10375686523252e-05,2.4389132013702392e-05,1.6382983137173024e-05,7.768620441169447e-06,5.063790515135448e-06,1.6261618819441862e-15,2.1199499129150904e-15,0.0005029033653746076,0.0006958734137077615,2.2207853380423753e-05,3.279221706504642e-05,1.6561281908176925e-06,2.6214305496886778e-06,7.282630040010958e-05,5.038531232474625e-05,0.00010052551151414264,7.180787881393051e-05,7.758552734241272e-05,5.728157085099472e-05,2.3715029596302466e-06,1.7508860151955662e-06,4.9551966141259084e-08,3.7854985886888795e-08,6.089086302349751e-11,2.1773184716647617e-11,1.1656036641983062e-05,8.332640718216739e-06,5.804696360657065e-09,4.1496480096399705e-09,1.14303507515662e-06,7.914083703570753e-07,2.4490542237591445e-08,1.6956627615961497e-08,4.144007441227464e-07,2.7816436196539753e-07,8.294463729503503e-08,3.9116490396800295e-08,2.3247535223677307e-10,1.0963481401354966e-10,3.259508347695887e-11,1.146881027510007e-11,2.1357119282158572e-08,1.0517610200158147e-08,2.5892083962680674e-09,1.275091658156051e-09,1.923609327520252e-12,9.47308146616369e-13,1.084586318353304e-09,3.876732887995608e-10,1.1824050991082858e-12,4.226375215212333e-13,2.1242458120053402e-13,7.592879849426095e-14,-5.738600774795076e-20,0.0,-6.544749768043568e-17,0.0,-3.681054522208274e-18,0.0,2.1427942586766176e-16,1.5799253996855925e-16
0.0037421875,0.37421875,1328.0940078057838,99997.6425,0.6921455949158332,754556677.4143957,0.1447906037396413,0.17829709874618263,0.07514116245688748,0.09787593510636276,0.0006553256961694892,0.00048449272080608956,0.000841994353930517,0.00042439120132250547,0.7188494757897842,0.5692473268710043,0.048025907239449606,0.03329591141938144,0.010816850804312514,0.11902781892573848,1.1874950745114112e-06,5.726179340321343e-07,7.619605387692611e-18,4.231105559065032e-18,-4.0635097221420324e-19,0.0,1.5897225946489627e-05,0.00034986377562421823,1.3228102602006062e-05,1.8341839136402355e-05,1.691360662081955e-05,2.2062091305126843e-05,2.37174411400153e-05,1.5940909637658495e-05,7.116656067915631e-06,4.641479475000696e-06,1.799246385726879e-15,2.3469351589071337e-15,0.0005133715794871185,0.0007107651956696108,2.320610244363241e-05,3.4285858812744e-05,1.7586558636756414e-06,2.7853123164163913e-06,7.00653800751414e-05,4.850291247961761e-05,9.80165537236805e-05,7.005576237895626e-05,7.851456998177086e-05,5.8000680374419205e-05,2.2264505182302096e-06,1.6447347913554453e-06,5.179995466658793e-08,3.9594987092366214e-08,5.621800751429566e-11,2.0113789719330208e-11,1.1756582266560255e-05,8.409331413493257e-06,5.684021237552608e-09,4.065706960080581e-09,1.1043059653485476e-06,7.650311676503449e-07,2.4767655473517427e-08,1.7158313892550603e-08,4.1283879733002835e-07,2.772746044050041e-07,7.938112763202464e-08,3.7457385651402055e-08,2.2944017838414154e-10,1.0826539634836467e-10,2.8368283842137656e-11,9.987296957170177e-12,2.0739921091276205e-08,1.021951125459752e-08,2.5531527633031087e-09,1.2580555771862552e-09,2.0428874841575442e-12,1.006624448778931e-12,8.621106037958802e-10,3.083282886994792e-10,9.825034120174555e-13,3.5138599889030736e-13,1.8262299302756098e-13,6.531393381480396e-14,-5.728852967237712e-20,0.0,-6.517378381776107e-17,0.0,-3.6657073581076405e-18,0.0,2.133806605027733e-16,1.5741995751399482e-16
0.00375,0.375,1336.5436133337496,99997.6425,0.6903262212830846,770740499.1672976,0.14596318764001961,0.17984426384588467,0.07406350332854075,0.09652762479663192,0.0006633153820171666,0.0004906812707828881,0.0008465670268522873,0.00042694103144910506,0.7198333144968433,0.5703537952024572,0.04699198139219801,0.03259781126145153,0.010752675513801806,0.11838959371545356,1.1207498326982229e-06,5.407433228382063e-07,7.587007625426249e-18,4.2154239113128695e-18,-4.047749981875632e-19,0.0,1.6279797803448323e-05,0.0003584891304952114,1.3467368928602415e-05,1.8684326028261733e-05,1.771356029271477e-05,2.3118820122799375e-05,2.3060205449917434e-05,1.5508071499834734e-05,6.50574562639061e-06,4.245480874984569e-06,1.989846587547019e-15,2.5970445562197762e-15,0.0005235676062381413,0.0007252979558256305,2.421774845595723e-05,3.5801064924350704e-05,1.8648216113766235e-06,2.9551510384530374e-06,6.728659611102196e-05,4.6606044789936246e-05,9.53859955006927e-05,6.821476786443189e-05,7.93934963851488e-05,5.868364938683494e-05,2.081176558528843e-06,1.5383002517023802e-06,5.4065116841100565e-08,4.135017252277987e-08,5.185120004903095e-11,1.856207924206455e-11,1.184767906087537e-05,8.47935887330251e-06,5.56509944479718e-09,3.98292991526775e-09,1.0671066631761113e-06,7.396851439316153e-07,2.5029899378458428e-08,1.7349947632454573e-08,4.1105789907116006e-07,2.762370594437121e-07,7.594828685226245e-08,3.5858121502011736e-08,2.2631224032063355e-10,1.0685075525924139e-10,2.4773363471498757e-11,8.726683556308225e-12,2.0134686318208153e-08,9.926982323290512e-09,2.516205342988659e-09,1.2405619619228543e-09,2.164291482892691e-12,1.06705825725702e-12,6.821726894206274e-10,2.441147762967869e-10,8.121019514670308e-13,2.906098254694565e-13,1.5676354764832015e-13,5.609766992894689e-14,-5.719074829741886e-20,0.0,-6.489901656484323e-17,0.0,-3.650337276289237e-18,0.0,2.1247782171826335e-16,1.5684392251963828e-16
0.0037578125,0.37578124999999996,1344.9524437878395,99997.6425,0.6885022550062018,786569950.4109054,0.14712388499813794,0.18137881147400955,0.07299055663643096,0.09518404577372491,0.0006711231880076953,0.0004967430198538244,0.0008507909638964377,0.0004293184281251012,0.7208140738869506,0.5714599081586125,0.04596897119853848,0.03190653065100833,0.010688753856045986,0.11775359692926261,1.0574603462476608e-06,5.105011084518175e-07,7.554321820939845e-18,4.199681278982286e-18,-4.0320179118566675e-19,0.0,1.665871386454294e-05,0.0003670443728397273,1.369491153668945e-05,1.9010959058493005e-05,1.8537229477741746e-05,2.4207767982466975e-05,2.2417239133259905e-05,1.5084359110226041e-05,5.935038839777445e-06,3.875283611630757e-06,2.1995869200222625e-15,2.8724405597451105e-15,0.0005334738064460671,0.0007394467448676555,2.5241180203489986e-05,3.733549851784513e-05,1.974581042237918e-06,3.130887539318469e-06,6.449964554920268e-05,4.4701400865589866e-05,9.26457644884831e-05,6.629327497701904e-05,8.02201001069498e-05,5.9328791373834e-05,1.9371025570419293e-06,1.4326328853147926e-06,5.6341995926329264e-08,4.311640312995334e-08,4.777858290979771e-11,1.7113986724411234e-11,1.1929241852275964e-05,8.542651601003908e-06,5.447959022694278e-09,3.901338948756719e-09,1.031378057269058e-06,7.15331035791233e-07,2.5277251764471123e-08,1.7531498328083892e-08,4.090598906427416e-07,2.7505272879876135e-07,7.264706046666564e-08,3.4319244156951754e-08,2.231124647179537e-10,1.0540070172045299e-10,2.1696003032266626e-11,7.647053036544108e-12,1.9541524696467995e-08,9.640086754911773e-09,2.478445060382508e-09,1.2226489882689823e-09,2.287443515281604e-12,1.1284254569071888e-12,5.376254325490514e-10,1.9249952423545377e-10,6.680767095952648e-13,2.392082683665498e-13,1.3445490141163385e-13,4.8142262225481514e-14,-5.70926697153873e-20,0.0,-6.462321923705739e-17,0.0,-3.6349451441614895e-18,0.0,2.1157099386764098e-16,1.5626450184698127e-16
0.003765625,0.37656249999999997,1353.3195997211901,99997.6425,0.6866736674542964,802011574.8055362,0.1482724708603432,0.18290046323001596,0.07192254581711686,0.09384549937605127,0.0006787439892497699,0.0005026740186348759,0.0008546595583717006,0.0004315198014492748,0.7217914705179569,0.5725654899197932,0.0449571770023354,0.03122228945852472,0.010625081478920377,0.11711979091295728,9.97594084009663e-07,4.818783082619619e-07,7.521550230899709e-18,4.183879072703495e-18,-4.0163132504697365e-19,0.0,1.703357176806756e-05,0.0003755205770298968,1.3910260349454215e-05,1.9321060797546854e-05,1.9384549184367368e-05,2.5328912320869975e-05,2.1788351234266215e-05,1.4669659021083701e-05,5.403513826198426e-06,3.53026337178796e-06,2.4302002963913967e-15,3.1754326419461068e-15,0.0005430734703619012,0.0007531878436788501,2.627473071849524e-05,3.8886735334078486e-05,2.0878797504206315e-06,3.3124467135510815e-06,6.171421168219071e-05,4.279567734203045e-05,8.980835293655402e-05,6.4300085416024e-05,8.099232785166399e-05,5.993452893965464e-05,1.795532382484767e-06,1.3286985371900183e-06,5.862494948442795e-08,4.488938864850604e-08,4.39878762750861e-11,1.5765285293196892e-11,1.2001223465218132e-05,8.59916509337718e-06,5.3326278059157874e-09,3.820956006485802e-09,9.970632916885792e-07,6.919310523348732e-07,2.5509752149887137e-08,1.7702978132892967e-08,4.0684713235969116e-07,2.73722963043608e-07,6.947772149591876e-08,3.284098308572364e-08,2.198608229540932e-10,1.0392461658767543e-10,1.904809296197395e-11,6.717640903894514e-12,1.896051497759844e-08,9.35887266946366e-09,2.4399487766234363e-09,1.204353887402941e-09,2.411949707704077e-12,1.190533602395418e-12,4.222671860368115e-10,1.5128229454147397e-10,5.473417409137575e-13,1.960917570718833e-13,1.153107376195766e-13,4.1311457648614625e-14,-5.699430011065401e-20,0.0,-6.434641518159466e-17,0.0,-3.619531828052406e-18,0.0,2.1066026152364856e-16,1.5568176187414995e-16
0.0037734375,0.37734375,1361.6442250769,99997.6425,0.6848404421773109,817034284.7447275,0.1494087326292381,0.1844089549598299,0.07085968913395257,0.09251228014523782,0.0006861734334051877,0.0005084708798028076,0.0008581669262788788,0.0004335419157539481,0.7227652250548756,0.5736703656088254,0.04395688524840252,0.030545298131747018,0.010561653940242338,0.11648813629494068,9.410973964083162e-07,4.548517062937337e-07,7.488695113602528e-18,4.1680186854105406e-18,-4.0006357497993106e-19,0.0,1.7403986055278525e-05,0.0003839091701268171,1.4112992937934536e-05,1.9614018344765095e-05,2.0255429095253387e-05,2.6482197944921794e-05,2.1173346449268734e-05,1.4263854487287397e-05,4.909993004036831e-06,3.209692720643348e-06,2.6835277577523003e-15,3.5084773043954883e-15,0.0005523508903779575,0.000766498866706857,2.731668608175008e-05,4.045227646187752e-05,2.204653647452717e-06,3.4997380065677773e-06,5.8939876795168296e-05,4.089551547244248e-05,8.688670788883172e-05,6.224434551565355e-05,8.170827509006783e-05,6.049939079862952e-05,1.6576277781568823e-06,1.2273600273513489e-06,6.090816381391089e-08,4.6664698121673614e-08,4.0466407716628684e-11,1.451159791990799e-11,1.20636136242331e-05,8.648881123128e-06,5.219133238765458e-09,3.741802776008425e-09,9.641076269524902e-07,6.694487834630465e-07,2.5727499668831343e-08,1.7864440518209706e-08,4.044225034932843e-07,2.7224946244588124e-07,6.643989181345827e-08,3.14232602731746e-08,2.1657594647226061e-10,1.024312675585728e-10,1.6760510809923505e-11,5.9143126290611785e-12,1.8391708694217877e-08,9.083374781569569e-09,2.4007913917743836e-09,1.1857129941770273e-09,2.5374037158815105e-12,1.2531836658953333e-12,3.3077749858521913e-10,1.1857372726702646e-10,4.469262377048645e-13,1.6020953675735573e-13,9.895845385854467e-14,3.547361222809014e-14,-5.689564576347989e-20,0.0,-6.406862777900363e-17,0.0,-3.6040981936825456e-18,0.0,2.097457094736151e-16,1.5509576846964442e-16
0.00378125,0.378125,1369.9255080781788,99997.6425,0.6830025746319343,831609585.9708983,0.15053247043659987,0.18590403717965664,0.06980219925247116,0.09118467526968035,0.0006934079548156045,0.0005141307898334397,0.0008613079343006693,0.00043538190447257944,0.7237350629004837,0.5747743616637673,0.042968367973903514,0.029875757331319044,0.010498466716637834,0.11585859207122585,8.878962461606543e-07,4.2938817830178483e-07,7.455758729542166e-18,4.1521014921286924e-18,-3.9849851763236954e-19,0.0,1.7769589966933866e-05,0.0003922019721202226,1.4302736570559922e-05,1.9889286333395337e-05,2.1149756172736806e-05,2.766754034173132e-05,2.0572025837499866e-05,1.3866825946396643e-05,4.453160240587512e-06,2.912752033601947e-06,2.9615170822389093e-15,3.87417673642942e-15,0.000561291430323458,0.0007793588609687375,2.8365294817913528e-05,4.202956197826266e-05,2.324829393154688e-06,3.692656053093255e-06,5.6186033564294e-05,3.900743958961291e-05,8.389411487684212e-05,6.013546399217556e-05,8.236618456572993e-05,6.102201089995597e-05,1.5243908000350966e-06,1.1293638585541284e-06,6.318567302527152e-08,4.843777400883092e-08,3.7201170848613646e-11,1.3348418059681802e-11,1.2116437651629183e-05,8.691806872643487e-06,5.1075022085467935e-09,3.663900568358856e-09,9.324583217726656e-07,6.47849122177713e-07,2.5930650636234144e-08,1.8015978687653233e-08,4.0178939946160584e-07,2.706342759813411e-07,6.35325719179639e-08,3.0065703486665666e-08,2.132748222637728e-10,1.0092866342061057e-10,1.4778006283666413e-11,5.217776605082715e-12,1.783513363239185e-08,8.813616086323605e-09,2.3610459531601697e-09,1.166761798494638e-09,2.663390453749708e-12,1.3161718566939085e-12,2.5864235720832e-10,9.276940477788496e-11,3.6403394762302116e-13,1.3057108280501348e-13,8.504596493050355e-14,3.0504143368168694e-14,-5.679671305348015e-20,0.0,-6.378988044451494e-17,0.0,-3.5886451065902915e-18,0.0,2.0882742271447097e-16,1.5450658696871908e-16
0.0037890625,0.37890625,1378.1626818921775,99997.6425,0.6811600718742973,845711734.4404023,0.15164349747132203,0.18738547544762954,0.06875028284073652,0.08986296406154866,0.0007004447851154794,0.000519651518192618,0.000864078223916147,0.0004370372831186358,0.724700714796661,0.5758773061959763,0.041991882352720736,0.02921385760280158,0.01043551521231173,0.11523111569187676,8.378976927685936e-07,4.054453823966537e-07,7.422743341922449e-18,4.136128849816142e-18,-3.969361311541691e-19,0.0,1.8130037218859082e-05,0.00040039123584423086,1.4479169931098759e-05,2.014638948646602e-05,2.2067397642399098e-05,2.888482949143291e-05,1.9984187476773706e-05,1.3478451463073386e-05,4.031578992608208e-06,2.6385411109597134e-06,3.2662203221614386e-15,4.2752760708774455e-15,0.000569881590554107,0.0007917483995828403,2.9418777808991262e-05,4.361598539718169e-05,2.4483249255097356e-06,3.8910814740692376e-06,5.346179671402317e-05,3.7137795542749834e-05,8.084407677110411e-05,5.7983025958945324e-05,8.296444788163078e-05,6.15011298359326e-05,1.3966535089238936e-06,1.0353322535297372e-06,6.545138374927184e-08,5.0203950651727526e-08,3.4178907019421795e-11,1.227113862123005e-11,1.2159754984074293e-05,8.727973935817002e-06,4.997760895908597e-09,3.587270211781856e-09,9.020645333170683e-07,6.270981994537075e-07,2.6119415818074767e-08,1.815772378287279e-08,3.989517262649858e-07,2.688797985130743e-07,6.075417842503478e-08,2.8767663235510114e-08,2.0997257380841765e-10,9.942394825513425e-11,1.3055617270356753e-11,4.612331832306186e-12,1.729079699271874e-08,8.549609396935309e-09,2.3207837630288162e-09,1.1475349966228598e-09,2.7894898972973643e-12,1.3792914837085087e-12,2.0207337237747344e-10,7.252165563957287e-11,2.960854760091785e-13,1.0626144691100511e-13,7.32466415694726e-14,2.6287321551370704e-14,-5.669750846268883e-20,0.0,-6.351019662909905e-17,0.0,-3.5731734325272155e-18,0.0,2.0790548644730095e-16,1.5391428215259255e-16
0.003796875,0.37968749999999996,1386.3550250681292,99997.6425,0.6793129522235186,859317826.0170202,0.1527416402605088,0.18885305068136699,0.06770414019674338,0.08854741747000444,0.0007072819604435188,0.0005250314240569868,0.0008664742314463325,0.0004385059602734418,0.7256619173921757,0.5769790293311298,0.04102767029522563,0.02855977908681204,0.010372794767664902,0.11460566314838361,7.909919826619912e-07,3.8297274497147823e-07,7.389651217108478e-18,4.1201020972609474e-18,-3.95376395252499e-19,0.0,1.848500373942432e-05,0.00040846968619508964,1.4642024486086156e-05,2.038492469580832e-05,2.3008204350371484e-05,3.013393417929788e-05,1.94096270852251e-05,1.3098607151988205e-05,3.6437111577150784e-06,2.3860912942818734e-06,3.5997902555092444e-15,4.7146592131620244e-15,0.0005781090679868267,0.0008036496686395327,3.047533863907787e-05,4.520890880218059e-05,2.575050087600049e-06,4.094881829714541e-06,5.0775916638103977e-05,3.5292690290416475e-05,7.775018960942382e-05,5.579670449560568e-05,8.350161008627642e-05,6.193559848396715e-05,1.2750747333253475e-06,9.457604067597425e-07,6.769910608459227e-08,5.1958477584067854e-08,3.138620352883015e-11,1.1275086961322933e-11,1.219365753389991e-05,8.757437206034577e-06,4.889934640487016e-09,3.5119319561521336e-09,8.728772335969089e-07,6.071633300585167e-07,2.6294057453712707e-08,1.8289842912455475e-08,3.959138921726434e-07,2.6698876613390385e-07,5.810258834596496e-08,2.752823299569284e-08,2.0668232818460226e-10,9.792333609098343e-11,1.1556168772823131e-11,4.084994090772787e-12,1.6758688223394945e-08,8.291358725272667e-09,2.2800744795472548e-09,1.128066539472619e-09,2.9152809041857114e-12,1.4423348318991723e-12,1.5792475054110353e-10,5.671046945091863e-11,2.4074480639958705e-13,8.645098974044388e-14,6.326250079738015e-14,2.271744046810937e-14,-5.659803857804942e-20,0.0,-6.32295998202096e-17,0.0,-3.5576840378263296e-18,0.0,2.0697998607129304e-16,1.533189182305776e-16
0.0038046875,0.38046874999999997,1394.5018617553792,99997.6425,0.6774612448998354,872407823.6042641,0.15382673890212759,0.1903065594198531,0.06666396490462739,0.08723829763297476,0.0007139183253498819,0.0005302694606306303,0.0008684932038752073,0.0004397862464992541,0.7266184137734212,0.5780793635314614,0.04007595810550725,0.027913691268752067,0.010310300667714265,0.113982189061602,7.470550813866796e-07,3.6191266388848495e-07,7.356484625007091e-18,4.1040225550329556e-18,-3.9381929123922465e-19,0.0,1.8834189350270285e-05,0.00041643055824102233,1.4791085487992061e-05,2.0604562603572146e-05,2.3972014485267966e-05,3.1414706797431036e-05,1.8848138620326734e-05,1.2727167586673851e-05,3.287936334096891e-06,2.1543778885948614e-06,3.964475760127226e-15,5.195343248539137e-15,0.0005859628102058149,0.0008150465461821135,3.1533174272608407e-05,4.680567852175147e-05,2.704907348278347e-06,4.303912724105303e-06,4.813669673783204e-05,3.3477933870073846e-05,7.462601734736248e-05,5.358617115402493e-05,8.39763769284794e-05,6.23243836468148e-05,1.1601432943449131e-06,8.61018519810786e-07,6.992259093996082e-08,5.3696547824944524e-08,2.8809601839006372e-11,1.0355563581962711e-11,1.2218267922246237e-05,8.780273669399355e-06,4.7840478197829e-09,3.4379053866306805e-09,8.448491394628854e-07,5.88012967615633e-07,2.645488607423785e-08,1.8412537033932145e-08,3.9268079668062414e-07,2.6496424967902785e-07,5.5575189035200026e-08,2.6346272182878517e-08,2.0341516578843708e-10,9.643208447915687e-11,1.0248520883468386e-11,3.6248840313427483e-12,1.6238781514094958e-08,8.038860499123233e-09,2.238986205602014e-09,1.1083896750918864e-09,3.04034499139484e-12,1.5050950241443237e-12,1.236112522728357e-10,4.441466787598192e-11,1.959319428427001e-13,7.040016185942941e-14,5.482583499754574e-14,1.9699430332318548e-14,-5.649831009349815e-20,0.0,-6.294811354212925e-17,0.0,-3.542177789712157e-18,0.0,2.0605100717681752e-16,1.52720558825123e-16
0.0038125,0.38125,1402.6025617111727,99997.6425,0.675604989640947,884964529.67282,0.15489864724803268,0.19174581402851157,0.06562994352119296,0.08593585746946429,0.0007203535334864003,0.000535365177116106,0.0008701332103300959,0.00044087686111309715,0.7275699539553798,0.5791781438979389,0.039136956197710425,0.027275752769305706,0.010248028150291143,0.11336064677005978,7.059514804866474e-07,3.422018487223473e-07,7.323245839367553e-18,4.087891525489322e-18,-3.922648020699358e-19,0.0,1.9177319370478725e-05,0.00042426763378703293,1.4926192606327198e-05,2.0805048673715552e-05,2.4958657652391807e-05,3.272698862212411e-05,1.8299514857540118e-05,1.2364006195833567e-05,2.9625711736990725e-06,1.9423326856000016e-06,4.362616141792198e-15,5.720471462192036e-15,0.0005934330627777746,0.0008259246720790261,3.259048595877364e-05,4.840364119133616e-05,2.8377926118013234e-06,4.518019054346964e-06,4.5551916219223034e-05,3.169898496203412e-05,7.148496755712918e-05,5.1361006847640956e-05,8.438762423862815e-05,6.266657529750999e-05,1.052186750964595e-06,7.813579402343545e-07,7.21155734541644e-08,5.5413330935224536e-08,2.643570958700806e-11,9.507882319983517e-12,1.223373761199059e-05,8.796581122929224e-06,4.68012373891734e-09,3.365209344884295e-09,8.17934653679873e-07,5.696166671887612e-07,2.6602257159834427e-08,1.852603871826408e-08,3.892578167755811e-07,2.6280964642530164e-07,5.316893254523215e-08,2.5220431286853728e-08,2.0018014544733997e-10,9.495450372173686e-11,9.106325969002124e-12,3.2227933662118863e-12,1.5731037946210777e-08,7.792104613284304e-09,2.1975855606258346e-09,1.0885369829753826e-09,3.1642700157229883e-12,1.5673678413020036e-12,9.702965215610001e-11,3.488423708238491e-11,1.598239265209521e-13,5.746012296555524e-14,4.769951303055959e-14,1.7148996047057764e-14,-5.639832981144442e-20,0.0,-6.266576135585691e-17,0.0,-3.5266555565676386e-18,0.0,2.0511863553744913e-16,1.5211926695976678e-16
0.0038203125,0.38203125,1410.6565401114253,99997.6425,0.6737442362999617,896973514.5556523,0.1559572330364904,0.19317064284668642,0.06460225529394521,0.08464034031394958,0.0007265880451630301,0.0005403187183952417,0.0008713931491467772,0.0004417769367772219,0.7285162953308549,0.5802752084515918,0.03821085887269162,0.026646111176581708,0.010185972414005292,0.11274098841853648,6.675371188754856e-07,3.237727209614549e-07,7.289937137998321e-18,4.0717102928337455e-18,-3.907129123744236e-19,0.0,1.951414612364735e-05,0.00043197527593905207,1.5047240185832137e-05,2.0986203750523952e-05,2.5967959288084627e-05,3.407061555323592e-05,1.7763547943374033e-05,1.2008995643492573e-05,2.6658885113755758e-06,1.7488563804962176e-06,4.796634470750969e-15,6.293305037540727e-15,0.0006005114089650351,0.0008362715076326457,3.364549024686651e-05,5.000016003361687e-05,2.973596110268508e-06,4.737036395193508e-06,4.302876001311311e-05,2.996090121730273e-05,6.834017013120448e-05,4.913061459887382e-05,8.473440873545887e-05,6.296139491564437e-05,9.513845052684386e-07,7.069205585636487e-07,7.427182172982014e-08,5.710401027126157e-08,2.4251310838289416e-11,8.727410036089694e-12,1.2240244968694311e-05,8.806476837745582e-06,4.578184528437395e-09,3.2938618558473065e-09,7.920898146334817e-07,5.519450537148327e-07,2.673656768358895e-08,1.8630609829388127e-08,3.8565079055385687e-07,2.605286700033263e-07,5.0880393033918084e-08,2.4149178533571035e-08,1.969843948766003e-10,9.349399712835039e-11,8.10712827411951e-12,2.87087081584723e-12,1.5235407301826825e-08,7.551075314962117e-09,2.155937731535031e-09,1.0685403982102637e-09,3.2866537055535853e-12,1.62895347483481e-12,7.648554578078938e-11,2.7514489663547224e-11,1.308466234118849e-13,4.707004481205661e-14,4.1676209490377295e-14,1.4992370434608672e-14,-5.629810464361189e-20,0.0,-6.238256685847404e-17,0.0,-3.511118208157726e-18,0.0,2.0418295710071564e-16,1.5151510504993523e-16
0.003828125,0.3828125,1418.663257180095,99997.6425,0.6718790444282166,908423012.3279537,0.15700237797376104,0.19458089027722167,0.06358107191156233,0.08335197959405348,0.0007326231218572695,0.0005451308224774774,0.000872272750487018,0.0004424860218828969,0.7294572030765013,0.581370398393455,0.03729784415575188,0.02602490292046154,0.010124128625972333,0.11212316504690562,6.316622746964949e-07,3.065548045794309e-07,7.256560802889496e-18,4.055480123224983e-18,-3.8916360847823746e-19,0.0,1.9844450327018563e-05,0.00043954846120255184,1.515417713943065e-05,2.1147924113053057e-05,2.6999745409920028e-05,3.544542431225457e-05,1.7240029911392205e-05,1.1662008185149059e-05,2.3961359595513498e-06,1.5728306787097299e-06,5.2690300044374455e-15,6.917213528712272e-15,0.0006071908011167461,0.0008460763838907308,3.469642999144778e-05,5.159263117927098e-05,3.1122033714412814e-06,4.960792507923231e-06,4.057375733664159e-05,2.8268295423043885e-05,6.520436102293099e-05,4.690413560864963e-05,8.5015979458524e-05,6.320820432576563e-05,8.577840086268263e-07,6.377505408981388e-07,7.638518973088563e-08,5.876382357112157e-08,2.224346986791202e-11,8.009604106181631e-12,1.2237993277498544e-05,8.810096187126073e-06,4.478251046117554e-09,3.2238800571116177e-09,7.672722523963769e-07,5.34969794727747e-07,2.685825260588526e-08,1.8726539163172614e-08,3.818659982603927e-07,2.5812533855841957e-07,4.870582582660395e-08,2.313082741799937e-08,1.9383325451825926e-10,9.205312674694501e-11,7.2316931437104034e-12,2.562388329923815e-12,1.475182953913553e-08,7.315751926601152e-09,2.1141064996564086e-09,1.0484312238607744e-09,3.4071069967532215e-12,1.6896581884645542e-12,6.062672700944048e-11,2.182250326309138e-11,1.0765964931530498e-13,3.87519360581791e-14,3.657682055929632e-14,1.3165773997406471e-14,-5.619764161127379e-20,0.0,-6.209855368191999e-17,0.0,-3.4955666157795345e-18,0.0,2.03244057977351e-16,1.5090813489647627e-16
0.0038359375,0.38359375,1426.6222176541005,99997.6425,0.6700094828460652,919303796.7503419,0.1580339777646017,0.1959764168181696,0.06256655728742844,0.08207099855227043,0.0007384608177727091,0.000549802815780352,0.0008727725745185625,0.0004430040807251906,0.7303924505146997,0.5824635583429036,0.036398073695707425,0.0254122531893695,0.01006249192930904,0.11150712667928062,5.981743064369697e-07,2.904760481215107e-07,7.223119120240609e-18,4.0392022649348735e-18,-3.8761687841534e-19,0.0,2.0168042341827334e-05,0.0004469828086486048,1.524700649481087e-05,2.1290181049981764e-05,2.805384772307893e-05,3.685125912810683e-05,1.672875314469377e-05,1.13229159886481e-05,2.1515536742176296e-06,1.413129898602058e-06,5.782369796492014e-15,7.595664232887589e-15,0.0006134655831477195,0.000855330537800759,3.574158522251387e-05,5.31784998440711e-05,3.253496253429982e-06,5.189108960512164e-06,3.819273020191961e-05,2.6625298436522917e-05,6.208977297687047e-05,4.469037006173723e-05,8.523178898889277e-05,6.340651441784237e-05,7.713188220652616e-07,5.738074794887576e-07,7.844967289632727e-08,6.038810577566056e-08,2.039962473479914e-11,7.35004636243885e-12,1.2227208742784647e-05,8.807591258566923e-06,4.380342775203218e-09,3.1552801254965974e-09,7.434411491288668e-07,5.186635759795836e-07,2.696778142686231e-08,1.8814140120548644e-08,3.7791014082576634e-07,2.556039612056384e-07,4.664122674253223e-08,2.2163564451462588e-08,1.9073046184503683e-10,9.06336985365963e-11,6.463491314046712e-12,2.2915614778012342e-12,1.428023594208345e-08,7.08610940931729e-09,2.072154240625998e-09,1.0282401300376778e-09,3.5252571307011027e-12,1.749295867759968e-12,4.8383811144592646e-11,1.742608804093321e-11,8.913663096402796e-14,3.210377070564688e-14,3.224831089761152e-14,1.1614668038319027e-14,-5.609694784466439e-20,0.0,-6.181374549114448e-17,0.0,-3.480001652389674e-18,0.0,2.0230202442892302e-16,1.5029841768184788e-16
0.00384375,0.38437499999999997,1434.5329701010662,99997.6425,0.6681356292046929,929609050.1234968,0.1590519420919184,0.19735709903702425,0.06155886737664464,0.08079761001222216,0.0007441039685585253,0.00055433660631809,0.0008728940052104363,0.0004433314914875987,0.7313218194306838,0.5835545365542167,0.03551169272508845,0.02480827588935127,0.010001057450408983,0.11089282241355064,5.669201486058166e-07,2.7546403207022345e-07,7.18961438038407e-18,4.022877948549166e-18,-3.8607271193158245e-19,0.0,2.0484763264136477e-05,0.00045427460567994577,1.5325784629213733e-05,2.141302000136443e-05,2.9130109165431622e-05,3.82879790217114e-05,1.6229510764359806e-05,1.0991591405717315e-05,1.930391022685036e-06,1.2686318914996336e-06,6.339279613326031e-15,8.332210616492329e-15,0.0006193315036750878,0.0008640271355655722,3.677928375438446e-05,5.4755276175174343e-05,3.397354036911171e-06,5.4218028447822214e-06,3.589075290174826e-05,2.503552963071776e-05,5.900803506875158e-05,4.249770399260986e-05,8.53815036393563e-05,6.355599314066699e-05,6.918273847455927e-07,5.149801144887401e-07,8.045946482557895e-08,6.197233283021105e-08,1.8707667941938794e-11,6.7444724955902695e-12,1.2208138495154837e-05,8.799129467444015e-06,4.284477701977548e-09,3.0880771884296444e-09,7.205572020812021e-07,5.030000787639191e-07,2.7065655006417398e-08,1.889374856111812e-08,3.7379031599032084e-07,2.529691228310244e-07,4.468239034665091e-08,2.1245476488751228e-08,1.8767836315496488e-10,8.923686089580442e-11,5.788289814712743e-12,2.053407038282595e-12,1.3820549937513062e-08,6.862118762906265e-09,2.030141892233436e-09,1.0079971370924998e-09,3.640750478058018e-12,1.8076894392407582e-12,3.891832225926862e-11,1.4025371531905675e-11,7.434273762941819e-14,2.6791610106040818e-14,2.856121005386804e-14,1.0292879013069433e-14,-5.599603058187641e-20,0.0,-6.152816598157915e-17,0.0,-3.46442419262823e-18,0.0,2.0135694285366053e-16,1.4968601396878717e-16
0.0038515625,0.38515625,1442.3951061065343,99997.6425,0.6662575695417324,939334238.9121563,0.16005619454596803,0.19872282948806255,0.060558150026669394,0.07953201618957467,0.0007495561773200861,0.0005587346748878382,0.0008726392398373667,0.00044346904207584866,0.7322451003445801,0.5846431851113615,0.034638830080740216,0.024213073644993373,0.009939820306012658,0.11028020051140157,5.377484949063852e-07,2.614470284624083e-07,7.156048877613113e-18,4.0065083872144825e-18,-3.845311004795466e-19,0.0,2.079448583503647e-05,0.0004614208299182509,1.5390620250413842e-05,2.151655934665062e-05,3.0228390121099104e-05,3.975546599452424e-05,1.5742096919896428e-05,1.0667907177691162e-05,1.7309219151039057e-06,1.1382281203102994e-06,6.9424342988291075e-15,9.130479975302239e-15,0.0006247857195578998,0.000872161282798259,3.780791140763069e-05,5.632055057945647e-05,3.543654565061725e-06,5.658688575388671e-06,3.367212316909497e-05,2.3502075366318702e-05,5.59700826923945e-05,4.033404341163548e-05,8.546501186114531e-05,6.365647220502104e-05,6.190715009228163e-07,4.610998926138312e-07,8.240901329269781e-08,6.351216513068173e-08,1.7156012477691243e-11,6.1887962864670505e-12,1.2181048626104564e-05,8.784892186914169e-06,4.190672130005801e-09,3.0222851892990143e-09,6.985825877465286e-07,4.87953957936919e-07,2.7152403094473218e-08,1.8965721147138182e-08,3.6951399210611524e-07,2.5022566729234997e-07,4.2824965874467365e-08,2.0374577038550147e-08,1.846781406030369e-10,8.786321077481932e-11,5.1938181849603765e-12,1.8436268308909526e-12,1.3372687517050124e-08,6.643747230546531e-09,1.988128876758841e-09,9.877315761768298e-10,3.753255057661486e-12,1.8646721433578976e-12,3.157810156588832e-11,1.1386959622230353e-11,6.251109548035094e-14,2.2541295545931866e-14,2.5406943382185984e-14,9.161660266802237e-15,-5.589489716665211e-20,0.0,-6.124183887595198e-17,0.0,-3.4488351128517783e-18,0.0,2.004088997705128e-16,1.4907098370142152e-16
0.003859375,0.3859375,1450.2082593456867,99997.6425,0.6643753978333498,948477013.3665329,0.16104667250354687,0.20007351657327155,0.059564544861661635,0.07827440854760116,0.0007548217980717067,0.0005630000643582945,0.0008720112743276454,0.00044341792386031414,0.7331620927384935,0.5857293601009713,0.033779598283632035,0.023626737841380585,0.009878775610104454,0.10966920848904757,5.105116282893982e-07,2.483548924352589e-07,7.122424909903567e-18,3.990094776920969e-18,-3.829920372042883e-19,0.0,2.1097115147039454e-05,0.00046841916668530323,1.5441673218463388e-05,2.160098896982349e-05,3.1348575873545714e-05,4.1253634876951066e-05,1.5266306954370253e-05,1.035173655660501e-05,1.5514585986624906e-06,1.0208327614961823e-06,7.594547744930383e-15,9.994160531844717e-15,0.0006298267897397264,0.0008797300212864109,3.882592172067605e-05,5.787200834923748e-05,3.6922754213882196e-06,5.899579755435215e-06,3.1540345324744575e-05,2.202747574089746e-05,5.2986079406592864e-05,3.8206756735707544e-05,8.548243021505753e-05,6.37079520057403e-05,5.527537242850087e-07,4.1195375060289913e-07,8.429307382472713e-08,6.500348925494575e-08,1.573364244945385e-11,5.679128362326241e-12,1.2146222263202951e-05,8.76507340329894e-06,4.098940321079518e-09,2.957916627200731e-09,6.774809258512408e-07,4.735008197231433e-07,2.72285835464517e-08,1.9030434861240544e-08,3.650889796902123e-07,2.4737867906076197e-07,4.1064509684003e-08,1.9548831008582023e-08,1.8173004353446973e-10,8.651290220132714e-11,4.669489482887233e-12,1.6585106064545454e-12,1.2936557023514395e-08,6.430958187929001e-09,1.9461729367961475e-09,9.674720066757713e-10,3.862462725249335e-12,1.9200886482673137e-12,2.5859626131695195e-11,9.33053571367816e-12,5.301935112857216e-14,1.9130166333489665e-14,2.2695145320667355e-14,8.18874421707353e-15,-5.579355504590856e-20,0.0,-6.095478792039635e-17,0.0,-3.4332352910341065e-18,0.0,1.9945798180131956e-16,1.4845338620856844e-16
0.0038671875,0.38671875,1457.9721045518515,99997.6425,0.6624892155449968,957037157.2768325,0.1620233269569582,0.20140908434650903,0.05857818320061813,0.0770249676974103,0.0007599059168020392,0.0005671363671800357,0.0008710138846262816,0.0004431797234054315,0.7340726052389263,0.5868129217635746,0.032934093676186695,0.02304934870595223,0.009817918480686347,0.1090597932090918,4.850668811124234e-07,2.361197768795574e-07,7.088744778545554e-18,3.9736382968250735e-18,-3.814555169212472e-19,0.0,2.1392589117130463e-05,0.0004752680214061457,1.5479153361722504e-05,2.16665688155998e-05,3.2490586654375546e-05,4.278244663006465e-05,1.4801937413230278e-05,1.0042953320239066e-05,1.3903637536325597e-06,9.153907209944249e-07,8.298362639763968e-15,1.0926988192895951e-14,0.0006344546593515062,0.0008867323122529868,3.9831845030886863e-05,5.9407443404551576e-05,3.843095136200422e-06,6.14429109435336e-06,2.949812530459991e-05,2.061371957234261e-05,5.006535179854699e-05,3.612262638801457e-05,8.54341063788662e-05,6.37106043617273e-05,4.925329348894822e-07,3.6729559516556897e-07,8.610675908952728e-08,6.644245662126835e-08,1.4430148305734622e-11,5.211789455115371e-12,1.210395768471793e-05,8.739878396205674e-06,4.0092936757451204e-09,2.8949819632077964e-09,6.572172415025092e-07,4.596171981320296e-07,2.7294785421123045e-08,1.9088289239325514e-08,3.605234007428325e-07,2.444334633039679e-07,3.9396533190976666e-08,1.876617738286643e-08,1.788336148453276e-10,8.51857528158161e-11,4.20616157214964e-12,1.4948529156326347e-12,1.2512057518134257e-08,6.223710325611379e-09,1.9043297575006816e-09,9.47246027118114e-10,3.968091008836438e-12,1.973795992295247e-12,2.1376645254209986e-11,7.71769386952282e-12,4.536730824252062e-14,1.637913678859865e-14,2.0351065284216033e-14,7.347424720505208e-15,-5.569201176612991e-20,0.0,-6.06670368799421e-17,0.0,-3.4176256066780378e-18,0.0,1.9850427565130564e-16,1.4783328020920964e-16
0.003875,0.3875,1465.6863563895668,99997.6425,0.6605991311824241,965016634.1938674,0.16298612229086432,0.20272947225819446,0.057599188009903546,0.07578386334345887,0.0007648143303399338,0.0005711477112493376,0.0008696516042817933,0.00044275641228259607,0.7349764557557299,0.5878937346232013,0.03210239661498743,0.022480975428783176,0.009757244046543278,0.10845190097454391,4.612777297605604e-07,2.2467667161736705e-07,7.055010787684553e-18,3.957140109603159e-18,-3.7992153608617315e-19,0.0,2.1680878680608755e-05,0.0004819665258948797,1.550331953781995e-05,2.1713627787626846e-05,3.365439344586672e-05,4.4341929276952515e-05,1.4348785861424108e-05,9.741431656599987e-06,1.2460607719043874e-06,8.208844814190983e-07,9.056640175941106e-15,1.1932733205081985e-14,0.0006386706338234701,0.0008931690057061988,4.0824296807813605e-05,6.0924770974339046e-05,3.995994413741351e-06,6.392640365635381e-06,2.7547377002644532e-05,1.9262247255653956e-05,4.721633824551509e-05,3.4087810237975604e-05,8.532061880240778e-05,6.366477277485742e-05,4.3803734714260523e-07,3.268559061593246e-07,8.784558228148993e-08,6.782551766477262e-08,1.3235747266391994e-11,4.783318363797621e-12,1.2054566446665683e-05,8.709522423865067e-06,3.921738700022667e-09,2.833488147376267e-09,6.377579219867521e-07,4.462805275270443e-07,2.7351640992606988e-08,1.9139714851185393e-08,3.558256556905608e-07,2.413955243070618e-07,3.781654529959923e-08,1.8024549352824602e-08,1.7598790470730504e-10,8.388134475971367e-11,3.7959256208570015e-12,1.3498793656322722e-12,1.2099073275665906e-08,6.0219549006817074e-09,1.8626519804026923e-09,9.270797825656718e-10,4.069884546398855e-12,2.0256643323822196e-12,1.7834432948693258e-11,6.442761519910422e-12,3.915624097795181e-14,1.414535148736377e-14,1.831314058580045e-14,6.615696602988991e-15,-5.559027496938885e-20,0.0,-6.037860953339713e-17,0.0,-3.4020069406418058e-18,0.0,1.9754786808796383e-16,1.4721072381985245e-16
0.0038828125,0.38828124999999997,1473.350768232377,99997.6425,0.6587052598432623,972419817.0271146,0.16393503600052428,0.20403463483191817,0.0566276738921574,0.07455125427677481,0.0007695535232210457,0.0005750387442664188,0.0008679296985006838,0.000442150335081023,0.7358734715795551,0.58897166759571,0.03128457171624818,0.02192167631948296,0.009696747454240892,0.10784547762736484,4.390145488875955e-07,2.1396377865787163e-07,7.021225243787373e-18,3.940601361833343e-18,-3.7839009275864404e-19,0.0,2.19619876208026e-05,0.0004885145366090484,1.5514479352303765e-05,2.1742563568473992e-05,3.484004682405436e-05,4.5932216103926e-05,1.3906650468428471e-05,9.447045889815042e-06,1.1170421390596423e-06,7.363397240478862e-07,9.872150101901247e-15,1.3015187212028981e-14,0.0006424773419006168,0.0008990427942708022,4.1801985121501445e-05,6.242203903830298e-05,4.150857373938172e-06,6.644450395073156e-06,2.5689238883848013e-05,1.7973960794089358e-05,4.444655217944171e-05,3.210781335635817e-05,8.514277278169064e-05,6.357097002642487e-05,3.888736729903314e-07,2.9034850289783133e-07,8.950549231572193e-08,6.914944982380842e-08,1.2141290025057798e-11,4.390474984133951e-12,1.1998371445667064e-05,8.674229358200774e-06,3.836271774738999e-09,2.7734348286487763e-09,6.190706588992317e-07,4.334691048065762e-07,2.7399858350793416e-08,1.918519622988411e-08,3.5100438745571864e-07,2.3827054188247792e-07,3.6320088273111777e-08,1.7321891388999424e-08,1.7319166483107387e-10,8.259911664104617e-11,3.4319028820216713e-12,1.2211755664088734e-12,1.1697456763684426e-08,5.825627242615463e-09,1.8211863720092175e-09,9.069965512157325e-10,4.167615861146907e-12,2.0755773659133758e-12,1.5008904251426018e-11,5.425347868320886e-12,3.4070220593920216e-14,1.2315542532352766e-14,1.6530777849213878e-14,5.975467553362365e-15,-5.548835238857818e-20,0.0,-6.008952966772295e-17,0.0,-3.3863801749527115e-18,0.0,1.9658884591858885e-16,1.4658577456355087e-16
0.003890625,0.3890625,1480.9651308321058,99997.6425,0.6568077227666359,979254057.0083251,0.16487005835932256,0.20532454125037505,0.05566374712554967,0.07332728842278399,0.0007741306428797654,0.0005788146167325113,0.0008658541350868269,0.00044136419575111456,0.7367634895552149,0.590046594077129,0.030480668155563162,0.021371498998501277,0.009636423877368185,0.10724046865702427,4.1815507889434256e-07,2.0392274897758357e-07,6.987390469065075e-18,3.924023191666277e-18,-3.7686118728600055e-19,0.0,2.2235951863021244e-05,0.0004949126209414295,1.5512990223119945e-05,2.175384432684478e-05,3.604773557913559e-05,4.7553623278557994e-05,1.3475329318529317e-05,9.159670016303427e-06,1.0018758782155752e-06,6.608296931709847e-07,1.0747683178421088e-14,1.4178179815537446e-14,0.0006458786842033318,0.0009043581465886293,4.2763717129404156e-05,6.38974383411723e-05,4.307572805704933e-06,6.8995510737913116e-06,2.3924099321317518e-05,1.6749239950313713e-05,4.1762560207694874e-05,3.0187470377218926e-05,8.490159295480801e-05,6.342987309172605e-05,3.446294326580513e-07,2.5747221478882524e-07,9.108289568703965e-08,7.041137532459191e-08,1.1138255038313827e-11,4.0302388607728216e-12,1.1935704746196793e-05,8.634230143953529e-06,3.752865490651282e-09,2.7148044488876298e-09,6.011243500347488e-07,4.211620231727857e-07,2.7440301996762713e-08,1.9225328511082204e-08,3.460684413919982e-07,2.3506434486532073e-07,3.490276564023416e-08,1.6656172568893846e-08,1.704435150011995e-10,8.133844258565692e-11,3.1080067958228118e-12,1.1066034793259605e-12,1.1306976086159907e-08,5.634620517710078e-09,1.779965230031477e-09,8.870124540390807e-10,4.261083185229722e-12,2.1234312835023406e-12,1.2729833349137149e-11,4.604349435907731e-12,2.986026055740932e-14,1.0800382855199325e-14,1.496235398984844e-14,5.4118466647232325e-15,-5.538625115120024e-20,0.0,-5.979982114843017e-17,0.0,-3.37074629878213e-18,0.0,1.9562729618173373e-16,1.4595848951815608e-16
0.00390625,0.390625,1496.0437591702057,99997.6425,0.6530118879219804,991129118.0774896,0.16669374636708467,0.20785200232718726,0.05376391740622995,0.07091203163046374,0.0007827999514431727,0.0005860192157616711,0.0008606779463010902,0.00043926730023199277,0.7385174186392732,0.5921814383357733,0.028918798978464888,0.02030142813593524,0.009516588190129105,0.10603760756979161,3.8039778811846615e-07,1.8573857947817977e-07,6.9197613108110146e-18,3.890841167862237e-18,-3.7381859214241107e-19,0.0,2.2761353674305867e-05,0.0005072320963045762,1.547347559141553e-05,2.172522122832265e-05,3.8523936705032e-05,5.088293109135597e-05,1.2646668281779941e-05,8.60701190671478e-06,8.09477703742886e-07,5.345844913891973e-07,1.2688847721064815e-14,1.6759599860294544e-14,0.0006514683611151058,0.0009133109570515684,4.463127552324841e-05,6.677027025169654e-05,4.625400959055422e-06,7.417771128160754e-06,2.0680039472178593e-05,1.449595081629951e-05,3.6681889809250645e-05,2.654771489351371e-05,8.423506706782372e-05,6.30096062329501e-05,2.6974028288075777e-07,2.017714189720563e-07,9.397328012985191e-08,7.273546508684274e-08,9.387007281792783e-12,3.400764973793199e-12,1.1792390079967037e-05,8.54108858053254e-06,3.5923888699243345e-09,2.601924745168258e-09,5.674497876672902e-07,3.9805964966864215e-07,2.7501388788275927e-08,1.929191520445303e-08,3.3590717968304936e-07,2.2844406770061346e-07,3.229917250556843e-08,1.5432724467295806e-08,1.6510150364105898e-10,7.888641773684528e-11,2.5648119642364433e-12,9.143267762415999e-13,1.055978991656146e-08,5.268770875246921e-09,1.6985864462440755e-09,8.475038677638892e-10,4.434179953924917e-12,2.2124188436933243e-12,9.428131393083767e-12,3.4143419964552767e-12,2.356836160909217e-14,8.535142699495966e-15,1.236993077465259e-14,4.4796972354589296e-15,-5.518206313746827e-20,0.0,-5.922015319683496e-17,0.0,-3.3395324239965368e-18,0.0,1.9370211044800331e-16,1.4470052146738955e-16
0.003921875,0.39218749999999997,1510.920915220813,99997.6425,0.6492029163300627,1000818890.0243878,0.16846237183530122,0.2103187853382294,0.05189530642437805,0.06853262266877239,0.0007909238988244033,0.0005928379734181792,0.0008541816290112799,0.000436494399046288,0.7402418307102441,0.5943029955626713,0.027412523387078596,0.01926795403201021,0.009397379128487513,0.10483966898020823,3.469981433291404e-07,1.6964127831903438e-07,6.851962351618303e-18,3.857514833917162e-18,-3.7078554567877996e-19,0.0,2.325956449498167e-05,0.0005189798153158384,1.5388333037718425e-05,2.1632572048422526e-05,4.108896322014417e-05,5.433840566820463e-05,1.1858952772484949e-05,8.080958279357974e-06,6.573326743667287e-07,4.346472473317841e-07,1.4902779501028914e-14,1.9708291829415308e-14,0.0006555128363157248,0.0009201249099059829,4.6423501736606966e-05,6.953796549307803e-05,4.9494405214114635e-06,7.947314529393282e-06,1.7796947082984042e-05,1.2490536740187564e-05,3.199786920038993e-05,2.3186582940342862e-05,8.333414918707694e-05,6.241329255432331e-05,2.1004692495599502e-07,1.5731510197559563e-07,9.650550319754641e-08,7.478838622853937e-08,7.913965706814493e-12,2.870674006378947e-12,1.1627300761690213e-05,8.431998959756506e-06,3.4403782193132908e-09,2.4949269104656455e-09,5.36389119304305e-07,3.7673930024292405e-07,2.7537787667499513e-08,1.9341493857197868e-08,3.2539983356141224e-07,2.2157368124844636e-07,2.9962792614501024e-08,1.4334209363268064e-08,1.5993481796256732e-10,7.651286696294426e-11,2.129962140562466e-12,7.602528206528306e-13,9.856146009204374e-09,4.923811424359118e-09,1.618829207615802e-09,8.087146577476827e-10,4.588667825532351e-12,2.2923498739614505e-12,7.145380275776853e-12,2.5908781533770526e-12,1.8992822403153017e-14,6.886699760699504e-15,1.0302922284270638e-14,3.735786652636375e-15,-5.497718868212883e-20,0.0,-5.863824695687712e-17,0.0,-3.3082817002859338e-18,0.0,1.9176787250971383e-16,1.4343391166863796e-16
0.0039375,0.39375,1525.5961559434684,99997.6425,0.6453819522665272,1008405972.1457494,0.1701762680263371,0.2127251196441918,0.05005847946454041,0.06618987371303953,0.0007985797322601296,0.000599327528786819,0.0008464344455121048,0.0004330782812207962,0.7419357521867592,0.596410420224185,0.025961733291126558,0.0182711085456144,0.009278759609124896,0.10364621412031975,3.173001465434022e-07,1.5531710441074533e-07,6.784011878896028e-18,3.824052656308666e-18,-3.6776210212963553e-19,0.0,2.3732073775384438e-05,0.0005301871594181122,1.5261290335995427e-05,2.1480899533808336e-05,4.374461913579461e-05,5.792299047100078e-05,1.1110894188739042e-05,7.580714906765897e-06,5.373340863153722e-07,3.557465783937023e-07,1.74107232663776e-14,2.3053833311956267e-14,0.0006580770541071524,0.0009248833539354061,4.813474397773311e-05,7.219171803767198e-05,5.279082605583642e-06,8.48725746377508e-06,1.5258671195934895e-05,1.0722521704879221e-05,2.7729253519560673e-05,2.011863433986497e-05,8.221437642561615e-05,6.165190246266502e-05,1.629162055515559e-07,1.2216955781863105e-07,9.867036991859898e-08,7.656203464379593e-08,6.673789560598006e-12,2.4238561860756487e-12,1.1443131865830947e-05,8.30885476504395e-06,3.2969290907127774e-09,2.3938992669636318e-09,5.077420871760739e-07,3.5706621380401456e-07,2.7553601702497133e-08,1.9376885401195304e-08,3.14622285437848e-07,2.145037828429078e-07,2.786564765390963e-08,1.3347662713241514e-08,1.549382792923425e-10,7.421553301216899e-11,1.779610335025374e-12,6.359979307058232e-13,9.195179785634892e-09,4.599378338618128e-09,1.5410686169296549e-09,7.708340435174055e-10,4.724040188009318e-12,2.3629389112582046e-12,5.5114919908404674e-12,2.0009463767230223e-12,1.5543727069673666e-14,5.643147883100198e-15,8.631157329714044e-15,3.133540430525788e-15,-5.477169283391878e-20,0.0,-5.805429027760339e-17,0.0,-3.277001276790701e-18,0.0,1.8982526765864272e-16,1.4215909189009815e-16
0.003953125,0.3953125,1540.0695018916479,99997.6425,0.6415502024580131,1014001481.8384513,0.17183593340609615,0.21507142561593817,0.048253881435154675,0.06388444082901254,0.0008058525954553585,0.0006055506826883203,0.0008375132773861989,0.00042905574646653585,0.7435983495588886,0.598502938275775,0.024566117066661477,0.017310781594446597,0.009160693296806627,0.10245680512282278,2.9075286124257e-07,1.425023269864749e-07,6.715928136966962e-18,3.7904629042429884e-18,-3.647483344333662e-19,0.0,2.4180848367146087e-05,0.0005408962812281589,1.5096473251273494e-05,2.1275788158955918e-05,4.649425843769756e-05,6.164170001367181e-05,1.0401197216746703e-05,7.10548013753698e-06,4.427034681797578e-07,2.9346628269290573e-07,2.0233261722273616e-14,2.6825089619479953e-14,0.0006592393138028693,0.0009276886859095222,4.976126793015119e-05,7.472554569612399e-05,5.613901828339623e-06,9.03696664051545e-06,1.3042666059524739e-05,9.17689030689038e-06,2.3881640670284576e-05,1.7348959162972856e-05,8.089357650806671e-05,6.0738169457030514e-05,1.2598565413274776e-07,9.45951253509801e-08,1.0046699199356912e-07,7.805469944863443e-08,5.628550781203727e-12,2.0468210517980222e-12,1.1242605514388615e-05,8.173577477522648e-06,3.1620268571369767e-09,2.2988506952182252e-09,4.813240543603496e-07,3.389160273148651e-07,2.7553383156172793e-08,1.9401239297679426e-08,3.0365046783953755e-07,2.0728523817511293e-07,2.598242420563009e-08,1.2461338625555216e-08,1.501122128249275e-10,7.199478774723019e-11,1.4953565268990556e-12,5.350870991348536e-13,8.57565414826095e-09,4.29492035392189e-09,1.4655981044754876e-09,7.340113093130738e-10,4.8402237911882545e-12,2.424115445761892e-12,4.307668994756005e-12,1.5658766213534186e-12,1.2863639473234941e-14,4.676049237111482e-15,7.26354362805273e-15,2.6403637719598266e-15,-5.456564138784932e-20,0.0,-5.746847042208656e-17,0.0,-3.2456982926443947e-18,0.0,1.878749791908089e-16,1.4087648641347279e-16
0.00396875,0.396875,1554.3413889910962,99997.6425,0.6377089261838084,1017741016.2340397,0.1734420161949768,0.21735829733108603,0.04648184407542681,0.06161683363229445,0.0008128346145246864,0.0006115757566097833,0.0008275012632616666,0.00042446693962774846,0.7452289221310635,0.6005798450429386,0.02322517702208146,0.016386732914843702,0.009043144662542732,0.10127100665110952,2.668994167065301e-07,1.3097812410529048e-07,6.647729296666257e-18,3.756753666708983e-18,-3.617443317830344e-19,0.0,2.460830657421674e-05,0.0005511595958588415,1.4898264911381411e-05,2.1023210093536266e-05,4.9342688024899975e-05,6.550150360599247e-05,9.728574819245705e-06,6.654455181561263e-06,3.678956384638047e-07,2.441873198852208e-07,2.3390225699903294e-14,3.105009099330071e-14,0.0006590884370770073,0.0009286584959798321,5.1301251721191325e-05,7.713629973272295e-05,5.953685545454281e-06,9.59614807245622e-06,1.1122183413881233e-05,7.835602583891168e-06,2.0449220810306153e-05,1.4874391637652821e-05,7.939130970053173e-05,5.968618362877091e-05,9.72301002575519e-08,7.309734075563665e-08,1.019023099928013e-07,7.927073184185918e-08,4.746703083875506e-12,1.7283374300118247e-12,1.1028436939690567e-05,8.028092321693511e-06,3.0356206558212436e-09,2.209763995735965e-09,4.56965686811129e-07,3.2217461168755007e-07,2.7541613170863584e-08,1.9417669170068614e-08,2.925593209806591e-07,1.9996847846197444e-07,2.4290595845540745e-08,1.1664775351485804e-08,1.4546209413156782e-10,6.985347996364258e-11,1.2631680631274357e-12,4.5257863571238136e-13,7.99620184063676e-09,4.009819165421938e-09,1.3926648235975146e-09,6.983733292337179e-10,4.937545422833259e-12,2.476008567717888e-12,3.400407402379629e-12,1.2376542889512873e-12,1.0731299823906352e-14,3.905896465166294e-15,6.134783077367795e-15,2.2328914418244637e-15,-5.43591006333252e-20,0.0,-5.68809738053495e-17,0.0,-3.2143798626899165e-18,0.0,1.8591768749790429e-16,1.3958651264742756e-16
0.003984375,0.3984375,1568.4126175486656,99997.6425,0.6338594262225492,1019783303.248062,0.1749952979010231,0.21958648404795317,0.04474259447353142,0.059387426626566014,0.0008196240039624991,0.0006174759628261426,0.00081648641026921,0.0004193546672225226,0.7468268932736519,0.6026405020572017,0.02193824792172395,0.015498604576670141,0.008926079019975401,0.10008838726074391,2.453638316565154e-07,1.205643758122935e-07,6.5794334264730195e-18,3.7229328696746554e-18,-3.5875019719361864e-19,0.0,2.5017285489839395e-05,0.0005610391198007869,1.4671193943133314e-05,2.072937040401475e-05,5.229627552776419e-05,6.951148080528219e-05,9.091752461839656e-06,6.226847067642139e-06,3.084639821688289e-07,2.0500301368752324e-07,2.690072866548736e-14,3.5756073743461724e-14,0.0006577209880193727,0.0009279217614708138,5.2754733326276626e-05,7.942360352285356e-05,6.298460235118793e-06,1.0164891683643451e-05,9.46825319605899e-06,6.678970523805103e-06,1.7416828796831523e-05,1.2684952522751123e-05,7.772827780198903e-05,5.851095749530076e-05,7.495778003108376e-08,5.642542978391596e-08,1.0299027943893211e-07,8.021995070085605e-08,4.0020772383512955e-12,1.459080490499668e-12,1.0803305151689067e-05,7.874307181571071e-06,2.9176390832693175e-09,2.126607187711257e-09,4.345121752570054e-07,3.0673758145047845e-07,2.7522577156262844e-08,1.9429165010630258e-08,2.8142178768525755e-07,1.926028174528237e-07,2.2770363681036497e-08,1.0948774061510156e-08,1.409977762113109e-10,6.779658052623356e-11,1.0723092190277803e-12,3.8468944239385367e-13,7.45536625632974e-09,3.743409502561217e-09,1.3224744034697665e-09,6.64026833643429e-10,5.016685306305327e-12,2.5189248658358606e-12,2.7049024079715865e-12,9.857738977783788e-13,9.004980956452168e-15,3.2817728102503777e-15,5.196776427295048e-15,1.893911787545442e-15,-5.4152137114822575e-20,0.0,-5.629198574952142e-17,0.0,-3.183053063753704e-18,0.0,1.8395406922637468e-16,1.382895817654304e-16
0.004,0.4,1582.284298827937,99997.6425,0.630003040699268,1020308977.039217,0.17649667642907468,0.22175687113833495,0.04303626462273925,0.057196471867016305,0.0008263242150762532,0.0006233288023231083,0.0008045602157443572,0.0004137637143362833,0.7483918004940114,0.6046843329749282,0.020704516093296727,0.014645933929998039,0.008809462531390774,0.0989085203753443,2.2583765646998405e-07,1.1111332493030885e-07,6.511058465881472e-18,3.689008293080183e-18,-3.55766045147631e-19,0.0,2.541100660351198e-05,0.0005706057674791386,1.441983988769912e-05,2.040057553866395e-05,5.5363103458021235e-05,7.368303998651533e-05,8.489467074881192e-06,5.821867982400159e-06,2.609057638233656e-07,1.736204134860874e-07,3.0783310761943134e-14,4.096966709081689e-14,0.0006552386738055298,0.0009256152687845652,5.41235189943518e-05,8.158973250703767e-05,6.6485149105816415e-06,1.0743711519354344e-05,8.051345290212495e-06,5.68681950013318e-06,1.4762106549543442e-05,1.0765381552737318e-05,7.592574647308352e-05,5.7227998661566284e-05,5.778144529613469e-08,4.3551978448349234e-08,1.0375084567357981e-07,8.091687977616122e-08,3.372963501444803e-12,1.2313081505233463e-12,1.0569829965858664e-05,7.714095987069724e-06,2.8079963900282396e-09,2.049337950940578e-09,4.13822376604749e-07,2.925097438060678e-07,2.750034116332275e-08,1.9438576072811346e-08,2.703078881731257e-07,1.85235817324922e-07,2.140448293226782e-08,1.0305322700619349e-08,1.3673250156635133e-10,6.583072138500375e-11,9.145105747236195e-13,3.2850371663748996e-13,6.951617028373825e-09,3.494986650212447e-09,1.2551921768326699e-09,6.310589152963589e-10,5.078624666605629e-12,2.5533232539679286e-12,2.164915485854808e-12,7.900016327472201e-13,7.589835967239134e-15,2.7696151861720386e-15,4.4131540798345865e-15,1.6104087902802305e-15,-5.3944817411387656e-20,0.0,-5.570169026117576e-17,0.0,-3.151724921904764e-18,0.0,1.8198479651799787e-16,1.369860993501996e-16
0.004015625,0.4015625,1595.9577994487297,99997.6425,0.6261411358473832,1019518939.9433163,0.17794714916516638,0.22387046092331359,0.041362901779686,0.05504411264694478,0.0008330431449903843,0.0006292155040610657,0.0007918163307834138,0.00040774017780457523,0.7499232846518125,0.6067108187265136,0.0195230386836177,0.013828166685863418,0.008693262180570786,0.09773098482733275,2.0806765535542834e-07,1.0250370503781332e-07,6.4426222014183434e-18,3.6549875872276515e-18,-3.5279199936850367e-19,0.0,2.5793042829423597e-05,0.0005799386755059608,1.4148753147211323e-05,2.004312136931317e-05,5.85531408353916e-05,7.803016214922983e-05,7.920464084728048e-06,5.438733250940083e-06,2.2250382960787069e-07,1.4825857038084402e-07,3.5056194458396036e-14,4.671722983423935e-14,0.0006517459909959259,0.0009218803561343895,5.54110616069139e-05,8.363944829110212e-05,7.0044218471381565e-06,1.133358198247218e-05,6.842659919023933e-06,4.839395907458469e-06,1.2457612196217051e-05,9.096642006313584e-06,7.400501418686626e-05,5.585291436279175e-05,4.4580335168039694e-08,3.364558023214279e-08,1.0420880749478174e-07,8.13798928169945e-08,2.8413125033931797e-12,1.0385784813660322e-12,1.0330554922185047e-05,7.549286259652297e-06,2.7065975731957203e-09,1.9779072880058685e-09,3.94767979663954e-07,2.794045608465496e-07,2.747876369374748e-08,1.944861867721201e-08,2.5928389834580817e-07,1.7791271992114825e-07,2.017802802572417e-08,9.727489725318967e-09,1.3268187455294745e-10,6.396371190507036e-11,7.833522193907989e-13,2.817564320316649e-13,6.483364432354653e-09,3.2638134069889855e-09,1.1909446894420268e-09,5.995376759920183e-10,5.124591001079205e-12,2.5797884708114278e-12,1.7416257348853333e-12,6.363661646864223e-13,6.419376374088983e-15,2.3455521131964636e-15,3.755780680482647e-15,1.3723107664112815e-15,-5.373720793995536e-20,0.0,-5.5110269833163614e-17,0.0,-3.120402400851811e-18,0.0,1.8001053633696629e-16,1.356764660247062e-16
0.00403125,0.403125,1609.4346839392724,99997.6425,0.6222750996894556,1017632249.1010472,0.17934779635446996,0.2259283537658698,0.039722479394787895,0.05293039791559993,0.000839892420429501,0.0006352205163628386,0.0007783492914649824,0.00040133082884817746,0.7514210786204599,0.6087194920487414,0.018392762678578634,0.013044669868308278,0.008577445711994536,0.09655536494468205,1.918450889424273e-07,9.463561537878768e-08,6.374142245440948e-18,3.620878288210354e-18,-3.498281907551356e-19,0.0,2.6167289251891243e-05,0.0005891246061275041,1.3862389238867163e-05,1.9663200615056886e-05,6.187843089113678e-05,8.256966832319957e-05,7.38349442834756e-06,5.0766592668222186e-06,1.9117671876996285e-07,1.275517012359671e-07,3.9737650228923355e-14,5.302533616468112e-14,0.0006473481478775783,0.0009168600219714336,5.662231742499567e-05,8.557979916808608e-05,7.3670551582800066e-06,1.1935970926118657e-05,5.815043954336835e-06,4.11801697835891e-06,1.047275226130558e-05,7.657307025515437e-06,7.198694803950565e-05,5.440106336255992e-05,3.446014766906401e-08,2.6041785738702595e-08,1.0439265177832883e-07,8.163032983418107e-08,2.392063389484851e-12,8.755116634351969e-13,1.0087935192682555e-05,7.381650188678321e-06,2.6133437212936878e-09,1.912263392350274e-09,3.772327264446541e-07,2.6734364729328564e-07,2.7461526504120452e-08,1.9461897500374827e-08,2.484116462304656e-07,1.7067595384664707e-07,1.9078135821667117e-08,9.209306567640708e-09,1.2886293096394751e-10,6.22040983220137e-11,6.738093320919575e-13,2.426737027104287e-13,6.048975109085523e-09,3.049127743778318e-09,1.1298219014625454e-09,5.695132221826297e-10,5.156003895500844e-12,2.599004664639368e-12,1.407318546396097e-12,5.148889745579747e-13,5.4449712366337155e-15,1.9921258507588272e-15,3.20247946311458e-15,1.1716760011645167e-15,-5.3529374784483097e-20,0.0,-5.451790527094538e-17,0.0,-3.089092391631054e-18,0.0,1.780319498809888e-16,1.3436107805140734e-16
0.004046875,0.4046875,1622.7166558568485,99997.6425,0.6184063366377307,1014883635.3747135,0.18069976503125237,0.22793172971139183,0.03811490839314799,0.05085529714782572,0.0008469867670538039,0.0006414310587808524,0.0007642533374316058,0.00039458251536058866,0.7528849956582782,0.6107099315490745,0.017312543361865638,0.012294744414684524,0.008461981537226037,0.09538125018480922,1.7699674407016342e-07,8.742622116884027e-08,6.305636017591218e-18,3.586687832074346e-18,-3.4687475549349297e-19,0.0,2.653793925071718e-05,0.0005982574676927731,1.3565057495200566e-05,1.9266829995800125e-05,6.535329964762966e-05,8.73215171970494e-05,6.877312537821338e-06,4.734862054057827e-06,1.6534481866495456e-07,1.1046236765658478e-07,4.484646751692001e-14,5.992140573804495e-14,0.0006421492672346485,0.0009106964077508488,5.776358857473448e-05,8.741989778873437e-05,7.737607881177228e-06,1.2552870642177385e-05,4.943568007910073e-06,3.505485294457721e-06,8.77545539618497e-06,6.424767251710857e-06,6.989159575326429e-05,5.2887262614725725e-05,2.671475258066328e-08,2.021516493068442e-08,1.0433342279083287e-07,8.169163388353479e-08,2.0125932506356195e-12,7.375946690571804e-13,9.844329646544486e-06,7.212898658138022e-06,2.5281377416652504e-09,1.8523558209823065e-09,3.6111169307569863e-07,2.562563070311177e-07,2.7452177810265765e-08,1.9480935789430723e-08,2.3774793457319875e-07,1.635647235260794e-07,1.8093754401434742e-08,8.745651966711366e-09,1.2529339359071778e-10,6.056080953468194e-11,5.819170945909605e-13,2.098549974606221e-13,5.646788651135285e-09,2.8501509437872797e-09,1.0718799913854921e-09,5.410189680925726e-10,5.174423602166392e-12,2.611730175221745e-12,1.141681496198128e-12,4.182525995987467e-13,4.629791243774476e-15,1.6961142225363194e-15,2.73550864589731e-15,1.0021478023261612e-15,-5.332138355121283e-20,0.0,-5.392477554138516e-17,0.0,-3.057801703526065e-18,0.0,1.7604969206755387e-16,1.3304032788395037e-16
0.0040625,0.40625,1635.805497951324,99997.6425,0.6145362630121213,1011520836.1911695,0.18200425370418058,0.22988183090939532,0.03654004860080012,0.04881871540808438,0.0008544434721078073,0.0006479367406654589,0.0007496213314843592,0.00038754161108923405,0.7543149177115818,0.6126817554408144,0.016281161948188815,0.01157763724259822,0.008346838610237052,0.09420823433124038,1.633776295112367e-07,8.080624597073e-08,6.237120728618712e-18,3.552423567473051e-18,-3.439318333488951e-19,0.0,2.6909467129048865e-05,0.0006074379782335934,1.3260884065993516e-05,1.8859797073550165e-05,6.89945918413935e-05,9.230914189366106e-05,6.400675669095494e-06,4.4125567289774545e-06,1.4381634403630193e-07,9.620727475852577e-08,5.0402523781903006e-14,6.743446979551463e-14,0.00063625085450139,0.0009035286364054937,5.884235710624313e-05,8.917068452260115e-05,8.117608260067426e-06,1.3186827840678148e-05,4.205821808040366e-06,2.986306750158477e-06,7.33354558884447e-06,5.376227562126257e-06,6.773787498159143e-05,5.132554997167186e-05,2.0791583506746432e-08,1.575395535445584e-08,1.0406367125520574e-07,8.158854367566998e-08,1.692273727406374e-12,6.210238512772642e-13,9.601996437545616e-06,7.04467778272685e-06,2.450890403374285e-09,1.7981399269257173e-09,3.4631062210932497e-07,2.4607910299521164e-07,2.7454183104305908e-08,1.9508211185163006e-08,2.2734409187271246e-07,1.5661468251513387e-07,1.7215414143722805e-08,8.332146266801447e-09,1.2199115712396255e-10,5.904291095917881e-11,5.045225912948102e-13,1.8218588600996653e-13,5.275134256615584e-09,2.6660958306262224e-09,1.0171445952635281e-09,5.140731652801432e-10,5.181503977622803e-12,2.618774324802941e-12,9.295300689523626e-13,3.409832459175059e-13,3.945195274953031e-15,1.447231816984754e-15,2.3405078808556986e-15,8.585778997006063e-16,-5.3113299248682044e-20,0.0,-5.333105764072398e-17,0.0,-3.026537056125722e-18,0.0,1.7406441108274882e-16,1.3171460465875941e-16
0.004078125,0.4078125,1648.703011860138,99997.6425,0.6106663034669403,1007801952.2857555,0.18326249794777477,0.23177994499360474,0.0349977201351031,0.046820508382272634,0.0008623819454746629,0.0006548292507540416,0.0007345437881794934,0.00038025351615007775,0.7557107838308221,0.6146346150742857,0.015297342186896897,0.010892552642451177,0.008231986274037867,0.09303591427890938,1.50865146264873e-07,7.47171681103335e-08,6.168613366179656e-18,3.518092766634932e-18,-3.409995661325335e-19,0.0,2.7286617908937446e-05,0.000616773488251222,1.2953788728987686e-05,1.8447626251120885e-05,7.282194171431566e-05,9.755983632634977e-05,5.952344538180374e-06,4.108957848739937e-06,1.2569392457652152e-07,8.419631789694053e-08,5.642744268515529e-14,7.559606271245615e-14,0.0006297505033312718,0.0008954909695371324,5.986711474881057e-05,9.084468254898913e-05,8.508935871192065e-06,1.3840973652303233e-05,3.581993861254852e-06,2.546757119464997e-06,6.1158056323201285e-06,4.4894843893894446e-06,6.554333545010116e-05,4.972900002905722e-05,1.626154315563746e-08,1.2337948236931878e-08,1.0361651103405824e-07,8.134636422655671e-08,1.4221173543638609e-12,5.225793551883537e-13,9.36309169598239e-06,6.878567668999858e-06,2.381526620900095e-09,1.7495815003515358e-09,3.327452942781905e-07,2.3675545225760295e-07,2.7470979426929618e-08,1.954619425134368e-08,2.1724564920357607e-07,1.49857690022384e-07,1.643502923761348e-08,7.96505970782869e-09,1.1897401056385431e-10,5.765947137180428e-11,4.391000316932499e-13,1.587730268091558e-13,4.932346724419102e-09,2.4961747222154713e-09,9.656143088921641e-10,4.886805741642293e-10,5.178950802665956e-12,2.6209767486965966e-12,7.593438428280578e-13,2.7892485604794464e-13,3.368471541427776e-15,1.2373188360823885e-15,2.005746174666726e-15,7.367577525275489e-16,-5.2905186190197283e-20,0.0,-5.2736926477739065e-17,0.0,-2.995305072333917e-18,0.0,1.7207674797803435e-16,1.30384294616887e-16
0.00409375,0.409375,1661.4109577893869,99997.6425,0.6067978883081734,1003993067.757914,0.18447575700048924,0.23362738954187726,0.03348771460773392,0.044860497188381886,0.0008709233817979182,0.000662202120349815,0.0007191080143484894,0.00037276221078290595,0.7570725788439402,0.61656818837305,0.014359765788237742,0.010238662892545698,0.008117394081410082,0.09186388844083788,1.3935450042277207e-07,6.910901217961428e-08,6.10013068219845e-18,3.483702634529169e-18,-3.3807809633101374e-19,0.0,2.767440458040015e-05,0.0006263779704530175,1.2647474853166573e-05,1.8035563166300512e-05,7.685808879310383e-05,0.00010310520516281847,5.531084936012916e-06,3.823280431053755e-06,1.103005338652938e-07,7.398413981099372e-08,6.294533132734797e-14,8.444122671353909e-14,0.0006227408032657789,0.0008867112356584299,6.084719073329737e-05,9.245574812594223e-05,8.913838136036952e-06,1.4519054538679387e-05,3.054798744400419e-06,2.174840925092765e-06,5.092746066060138e-06,3.743492909348685e-06,6.332398624689386e-05,4.810958774116093e-05,1.2793572907836534e-08,9.719753205882423e-09,1.030247967367484e-07,8.099032659273244e-08,1.1944959390627408e-12,4.3952511040791715e-13,9.129671135958928e-06,6.716083283613676e-06,2.3199919261732686e-09,1.7066615830356978e-09,3.2034093398444357e-07,2.2823524248052776e-07,2.7506030331438885e-08,1.9597387771484647e-08,2.0749213589270851e-07,1.4332164666413765e-07,1.5745731236119673e-08,7.641235603094135e-09,1.162595820131378e-10,5.6419536441837375e-11,3.836121519567649e-13,1.3889538423235714e-13,4.61678121607453e-09,2.3396068203912877e-09,9.172642947778737e-10,4.6483419935337775e-10,5.168486004029778e-12,2.619189547908993e-12,6.222828448430543e-13,2.288857588456295e-13,2.8813503429335675e-15,1.0598075540854684e-15,1.7215694806608775e-15,6.332212759069754e-16,-5.269710791558167e-20,0.0,-5.214255476803265e-17,0.0,-2.9641122722020927e-18,0.0,1.7008733630052369e-16,1.2904978144950685e-16
0.004109375,0.4109375,1673.9309945493906,99997.6425,0.6029324516699412,1000366522.4212774,0.18564530141683908,0.23542549767595064,0.0320098060230205,0.04293848282053285,0.0008801905240008055,0.0006701505609543382,0.0007033973601282327,0.00036510986206512286,0.7584003223990394,0.6184821732669774,0.013467086575378628,0.009615118027998928,0.008003031592937724,0.09069175481472821,1.2875512372271947e-07,6.393862420839484e-08,6.0316891813804745e-18,3.449260316156394e-18,-3.351675658845142e-19,0.0,2.8078112734508623e-05,0.0006363721762701704,1.2345432074302617e-05,1.762857702542481e-05,8.112925817923997e-05,0.00010898170420505818,5.135669745930223e-06,3.5547412559001536e-06,9.712229840895338e-08,6.523265363486594e-08,6.998358558370764e-14,9.400961619102594e-14,0.0006153084101929698,0.0008773094757666314,6.179257834079135e-05,9.401881692649915e-05,9.334947640721586e-06,1.5225464793853683e-05,2.6093049616476908e-06,1.8601793264133097e-06,4.237110728227173e-06,3.1187451417288113e-06,6.109417934248418e-05,4.6478093462916075e-05,1.0133637423597956e-08,7.70928020250478e-09,1.0232042420077495e-07,8.05450389539671e-08,1.002914511977176e-12,3.695285599745804e-13,8.903694637666656e-06,6.558677493585536e-06,2.266259042952822e-09,1.6693813955354394e-09,3.090316693669902e-07,2.2047448479785917e-07,2.7562883132363244e-08,1.9664367961377963e-08,1.981169831651953e-07,1.370304027310095e-07,1.5141730804890604e-08,7.358026662875633e-09,1.1386547623959311e-10,5.533219556917167e-11,3.364054404871503e-13,1.2196733881487395e-13,4.326826344596022e-09,2.1956248109557183e-09,8.720498520722065e-10,4.425170180428786e-10,5.1518178706202e-12,2.614262333958973e-12,5.115021459872801e-13,1.883924454582736e-13,2.4689729456327132e-15,9.09352687270311e-16,1.4799847485631713e-15,5.450963367604279e-16,-5.2489127129419584e-20,0.0,-5.1548112935606387e-17,0.0,-2.932965067377166e-18,0.0,1.6809680174331024e-16,1.2771144656271908e-16
0.004125,0.41250000000000003,1686.2646201409652,99997.6425,0.5990714304984994,997200895.5111036,0.18677240174379783,0.23717560476556243,0.030563761296885955,0.04105426013526975,0.000890307526094637,0.0006787713753992403,0.0006874905755534745,0.00035733648149321995,0.7596940584632499,0.6203762811953637,0.012617943309571491,0.00902105472455537,0.007888868156610931,0.0895191087604226,1.1898788150101112e-07,5.916832525320932e-08,5.963305110531323e-18,3.4147729019278426e-18,-3.3226811510025807e-19,0.0,2.85033119593349e-05,0.0006468839465092853,1.205095220498764e-05,1.7231381796069682e-05,8.566566053435825e-05,0.00011523134625427647,4.7648804988007884e-06,3.3025598551941418e-06,8.576518733593452e-08,5.7682611310200604e-08,7.757375108302337e-14,1.0434668588944985e-13,0.0006075332349194239,0.0008673967444067425,6.271375917848979e-05,9.554964482347369e-05,9.775300536655045e-06,1.5965281094245818e-05,2.2326996063086587e-06,1.5938522030051566e-06,3.524158651469643e-06,2.597486518589636e-06,5.8866540874958525e-05,4.4844043366786344e-05,8.087664642248298e-09,6.161115950797963e-09,1.0153374764688308e-07,8.003402494124257e-08,8.418258265028722e-13,3.1059475490772746e-13,8.687034080530165e-06,6.407746504303879e-06,2.2203340486214448e-09,1.6377669992486842e-09,2.9876014449931163e-07,2.134350731322574e-07,2.7645244168945865e-08,1.974983885767825e-08,1.8914752023587107e-07,1.310037289793895e-07,1.4618196939748362e-08,7.113239357603787e-09,1.1180955768356091e-10,5.440671989500965e-11,2.961303175121588e-13,1.0751057572826226e-13,4.060914987269989e-09,2.0634803627753266e-09,8.299097674139113e-10,4.217036094826748e-10,5.130616969056962e-12,2.6070300407071873e-12,4.216586435222661e-13,1.55512322962731e-13,2.1191344621149047e-15,7.815599844485675e-16,1.2743389237149187e-15,4.699901432431294e-16,-5.2281305653043906e-20,0.0,-5.095376901851199e-17,0.0,-2.9018697560227177e-18,0.0,1.661057618046975e-16,1.2636966925906255e-16
0.004140625,0.4140625,1698.4131126731947,99997.6425,0.5952162642443019,994786408.969956,0.1878583180069751,0.2388790359625209,0.02914935039176681,0.03920763138015938,0.0009013999102597883,0.0006881629393023098,0.0006714612650179898,0.00034947962990833576,0.7609538453516574,0.6222502307300328,0.011810971172799138,0.008455604283205638,0.00777487267745438,0.08834554058496015,1.0998286646705277e-07,5.476484641175526e-08,5.894994448458807e-18,3.3802474310856423e-18,-3.2937988169505553e-19,0.0,2.8955871805897774e-05,0.000658048627656348,1.1767161540938274e-05,1.684848097095977e-05,9.05023028840466e-05,0.00012190283144766111,4.417507154975609e-06,3.065958279896604e-06,7.592243487483905e-08,5.113217833529293e-08,8.575242246050552e-14,1.1550494040825486e-13,0.0005994876851752597,0.0008570739751873483,6.362152255531397e-05,9.706453900879995e-05,1.023835615126995e-05,1.6744299319441243e-05,1.9139981131205566e-06,1.3681998912402503e-06,2.9317656225721047e-06,2.1638013822720586e-06,5.665194380708072e-05,4.3215680706209666e-05,6.50787977586158e-09,4.964391962008582e-09,1.0069310145227423e-07,7.947934047206386e-08,7.064706419625681e-13,2.6100948279602573e-13,8.48148448460317e-06,6.264637762403673e-06,2.182258770608369e-09,1.6118712150576364e-09,2.8947756791808576e-07,2.070848542262839e-07,2.775713824058473e-08,1.9856747338421915e-08,1.806050385138669e-07,1.252573337541774e-07,1.4171127621193829e-08,6.905073702784585e-09,1.1011026557678326e-10,5.36527169583715e-11,2.6167956983601913e-13,9.51323943524546e-14,3.8175286723525106e-09,1.9424464057019703e-09,7.907685201091252e-10,4.023612136177297e-10,5.106496890637146e-12,2.598303086177969e-12,3.4854006668423747e-13,1.287202297796179e-13,1.8216635458539146e-15,6.727632562712016e-16,1.0990599153482554e-15,4.0589664824205637e-16,-5.2073704388551746e-20,0.0,-5.0359688576436525e-17,0.0,-2.8708325181329375e-18,0.0,1.6411482544870663e-16,1.2502482683287192e-16
0.00415625,0.415625,1710.3774701137534,99997.6425,0.5913683950084554,993449340.8493934,0.1889042891888473,0.2405370934932285,0.027766356236880323,0.03739841949399892,0.0009135946090868793,0.0006984252464464295,0.0006553774298307863,0.0003415741651049313,0.7621797463926218,0.6241037413250846,0.01104481192050424,0.007917899719879003,0.007661013402136385,0.08717063321092448,1.0167758853588288e-07,5.069845316290704e-08,5.826772905468711e-18,3.345690898042369e-18,-3.2650300047123417e-19,0.0,2.9441974465827483e-05,0.000670009415843171,1.1497079374973874e-05,1.6484250201406106e-05,9.568081717463474e-05,0.00012905405959787273,4.092344048942163e-06,2.8441581998857325e-06,6.734944549910034e-08,4.542038629049656e-08,9.456225954501735e-14,1.275453517161996e-13,0.0005912358170062266,0.0008464307050763166,6.45267757864931e-05,9.858007292828396e-05,1.0728017755217648e-05,1.7569073567547332e-05,1.6436427319760491e-06,1.1765438057902693e-06,2.4403917639750127e-06,1.8036004219998772e-06,5.445951963050153e-05,4.159996645871407e-05,5.281528465688769e-09,4.034398549860529e-09,9.982440369749874e-08,7.890125175051492e-08,5.927259473378055e-13,2.1928490563645318e-13,8.288776003372076e-06,6.130658531384533e-06,2.152088425977927e-09,1.5917572466245872e-09,2.8114478791927574e-07,2.0139843424909712e-07,2.7903432675073077e-08,1.998866026478991e-08,1.725048744197641e-07,1.1980289258933846e-07,1.3797140293053807e-08,6.732023470336679e-09,1.0878655279572147e-10,5.3080102914262736e-11,2.321316349292476e-13,8.450561607838001e-14,3.5951444080783172e-09,1.8317901052122333e-09,7.545264695454997e-10,3.8444467430251196e-10,5.08099523862348e-12,2.5888575662850562e-12,2.887494527266167e-13,1.0678442119022621e-13,1.567742870496316e-15,5.797777741921971e-16,9.49395984559817e-16,3.5110265918852013e-16,-5.186638286074146e-20,0.0,-4.9766034647347724e-17,0.0,-2.8398594846979014e-18,0.0,1.6212459289545192e-16,1.236772946666238e-16
0.0041875,0.41875,1733.757903496204,99997.6425,0.5837259328872443,994308639.6336614,0.1908733515693871,0.2437098545162187,0.025103467596668646,0.033904365732724914,0.0009415634818968928,0.0007217778642192101,0.0006233531651285262,0.0003257731255944875,0.7645216192529899,0.6277355207549595,0.009635763622056592,0.006926683773200291,0.007434390334652078,0.08482363687883646,8.704636244245976e-08,4.352188024990928e-08,5.691147752009786e-18,3.276763781131169e-18,-3.208033204958452e-19,0.0,3.053011398300887e-05,0.0006966745585831352,1.1008713872260157e-05,1.5827262422303847e-05,0.00010717964233543702,0.00014495948894160753,3.5070016754747483e-06,2.44402213846062e-06,5.344330953364416e-08,3.614079441084193e-08,1.1424694252667747e-13,1.5451794800711623e-13,0.000574338025994196,0.0008244907658114187,6.635564189647998e-05,0.00010165168351832246,1.179614935138775e-05,1.9371229719394777e-05,1.2225461728415701e-06,8.775128797550238e-07,1.711553399323279e-06,1.2684074438121564e-06,5.017916168380688e-05,3.843528686418793e-05,3.59330429749284e-09,2.752331382790427e-09,9.807720258860092e-08,7.773252762707322e-08,4.1961346846606955e-13,1.5566528435739973e-13,7.948012392267396e-06,5.894714973001702e-06,2.115206877026338e-09,1.5687622305589186e-09,2.672903814758778e-07,1.9199810183142834e-07,2.832139021747651e-08,2.0343617054074226e-08,1.5771053859184547e-07,1.098282841544871e-07,1.3260060978025966e-08,6.487682881703209e-09,1.0732033352877552e-10,5.250807608254066e-11,1.8500184347559987e-13,6.753281440524983e-14,3.2075223610049734e-09,1.638764747260242e-09,6.902806686004248e-10,3.5267334038574826e-10,5.030093069018276e-12,2.5699397445081287e-12,2.0048207257321605e-13,7.434466736397558e-14,1.1706433857415403e-15,4.3410910510718715e-16,7.135492081385149e-16,2.646050983312372e-16,-5.145428426261281e-20,0.0,-4.858494617216818e-17,0.0,-2.778340531518475e-18,0.0,1.5816311811049235e-16,1.2098564598658294e-16
0.00421875,0.421875,1756.4069097088059,99997.6425,0.5761288248348803,1002642779.4101562,0.1926977174320909,0.246717115026686,0.02256328498362986,0.03055759382743928,0.0009754687125044088,0.0007498289663284103,0.0005917771010162405,0.0003101231298364671,0.7667295114207612,0.6312829057344654,0.00837324754463603,0.0060357059133123656,0.007207872383084206,0.08246573519330655,7.462847487529067e-08,3.7415926645993607e-08,5.556041357085684e-18,3.2077880139072022e-18,-3.15149120675815e-19,0.0,3.18346237300123e-05,0.0007284439876207718,1.0608235663723564e-05,1.5293514346500938e-05,0.00012064554076089472,0.00016362156293890718,2.9970472153933923e-06,2.094390521123499e-06,4.276488049876102e-08,2.8999234211111917e-08,1.3714589964613215e-13,1.8599963421139745e-13,0.0005571771433216116,0.0008020592167395664,6.830084215474993e-05,0.0001049198584979867,1.3027006377842088e-05,2.1451441001630106e-05,9.173055789704311e-07,6.602329286102655e-07,1.2142506520850234e-06,9.023428693263323e-07,4.605703095682411e-05,3.537509215390634e-05,2.5393419592520084e-09,1.9503961491358608e-09,9.646163173957174e-08,7.66627229151693e-08,2.982331403012667e-13,1.1094127891805945e-13,7.676241677426492e-06,5.708839471313786e-06,2.1126859097794553e-09,1.5712096126031495e-09,2.5680983179409747e-07,1.8497803741246723e-07,2.892235500928338e-08,2.08325375613086e-08,1.4474837112512642e-07,1.0107926742348183e-07,1.3001004925581773e-08,6.3784613991715355e-09,1.0764458914100584e-10,5.281182959284671e-11,1.4999150600153268e-13,5.490354357519173e-14,2.8885453267568163e-09,1.4798613363239286e-09,6.365308577044714e-10,3.2610788446639454e-10,4.990130475661745e-12,2.556546745428746e-12,1.4064683489702188e-13,5.229969536633055e-14,8.796353254777984e-16,3.270934578061096e-16,5.408724680161131e-16,2.011240802538462e-16,-5.1043888438014616e-20,0.0,-4.7407290258461885e-17,0.0,-2.7171232246768136e-18,0.0,1.542109322382489e-16,1.1828746064623496e-16
0.00425,0.42500000000000004,1778.3173640019536,99997.6425,0.5685887496983144,1020601272.0745027,0.19438579670930684,0.24956759087414046,0.020145350322998048,0.027358519968035552,0.0010163860749458225,0.0007834450224579991,0.0005609642324081574,0.0002947895767489005,0.7688032469652891,0.6347431295754544,0.007247544966757492,0.005238729914618365,0.006981158047268216,0.08009305634615399,6.414435162545422e-08,3.2248632921516076e-08,5.421567819992698e-18,3.138817284378663e-18,-3.0954131109996817e-19,0.0,3.341970146304135e-05,0.0007668315240043663,1.0318614255819942e-05,1.4917170828829218e-05,0.0001366348880735902,0.00018581972709118185,2.5546317185325124e-06,1.7901661012083288e-06,3.45821810829122e-08,2.3515412284685184e-08,1.6390504235682749e-13,2.2290639432595398e-13,0.0005399323215603693,0.0007793874667081358,7.04346156557959e-05,0.00010849725155708613,1.4467637183974682e-05,2.388968397302547e-05,6.947764550199076e-07,5.014517927372128e-07,8.750213142536911e-07,6.520528949154283e-07,4.21098403816932e-05,3.243293018910195e-05,1.8624009576614078e-09,1.434418171535237e-09,9.507439699443029e-08,7.576945545891614e-08,2.1369104608390468e-13,7.971215341831361e-14,7.484117178787548e-06,5.58136879980835e-06,2.147897698111312e-09,1.6018200825873197e-09,2.4951195556213973e-07,1.802191060371017e-07,2.973758689359053e-08,2.1479056238364555e-08,1.3358026991450106e-07,9.353877267569525e-08,1.3028421399339759e-08,6.409612227649886e-09,1.1003463576300735e-10,5.413390657499879e-11,1.239320006299356e-13,4.5490228724053395e-14,2.6291864616853603e-09,1.3507164041638747e-09,5.924679334412136e-10,3.0437405954355093e-10,4.970226262834932e-12,2.5534005455489273e-12,9.983525382601601e-14,3.72266599729899e-14,6.661705959922233e-16,2.484022958886301e-16,4.143316130722805e-16,1.5449634758060607e-16,-5.063563842404543e-20,0.0,-4.6234261413459564e-17,0.0,-2.6562514284169542e-18,0.0,1.5027244922936955e-16,1.1558563439891717e-16
0.00428125,0.42812500000000003,1799.4725706897495,99997.6425,0.5611176407617499,1050406820.936533,0.1959451336304009,0.2522689811327643,0.017850108057904497,0.02430884576451901,0.0010654420902609179,0.0008235412973174584,0.000531116512973057,0.000279880389757418,0.7707420313941036,0.6381129472924483,0.006249609481694906,0.004529952873968859,0.006753907439589337,0.07770128735025739,5.5372777980003674e-08,2.791611087480147e-08,5.287835731472908e-18,3.06990410139628e-18,-3.039806782023243e-19,0.0,3.5358973543479125e-05,0.0008135846658505805,1.01667745873023e-05,1.4738524029585736e-05,0.0001558705002657547,0.00021256896360249698,2.1724928304312715e-06,1.5266134842490638e-06,2.8371560657699957e-08,1.9345909695901806e-08,1.9534534991871891e-13,2.664029338841626e-13,0.0005226150337871712,0.0007564874081879502,7.281026607744196e-05,0.0001124685041903563,1.6171996284615667e-05,2.6778246916449594e-05,5.31027621862364e-07,3.8433233199187366e-07,6.424715061081202e-07,4.800912381840829e-07,3.833303011139227e-05,2.9606117309931714e-05,1.413269484124753e-09,1.0915239942148268e-09,9.395186864712189e-08,7.508301820169374e-08,1.5517067809084608e-13,5.804349941174116e-14,7.381410785125453e-06,5.520078198147844e-06,2.2259057688642593e-09,1.6646105010981696e-09,2.4522346424257005e-07,1.7761400519470975e-07,3.0794511481867334e-08,2.2304295142403583e-08,1.2410631321948102e-07,8.714629706689069e-08,1.3365418547534143e-08,6.593685607239052e-09,1.1486262622711662e-10,5.666624226318364e-11,1.0461663105752687e-13,3.850712578903219e-14,2.4214650218683968e-09,1.2474602054270716e-09,5.572747755776097e-10,2.870898814325934e-10,4.978019527670163e-12,2.5645141294735142e-12,7.1800573930124e-14,2.6847495302989275e-14,5.092571478444196e-16,1.904201893716417e-16,3.215777562200746e-16,1.202435694743391e-16,-5.022996059192522e-20,0.0,-4.5067002700835446e-17,0.0,-2.5957666000801066e-18,0.0,1.4635190280709944e-16,1.128830103903245e-16
0.0043125,0.43125,1819.8446048554827,99997.6425,0.5537277654457524,1094085752.2012954,0.1973823047582969,0.2548278337134353,0.015679058307966773,0.02141177836198758,0.001123824679438245,0.0008710906920358925,0.0005023178901683539,0.0002654425783236294,0.7725442985741654,0.6413885171684204,0.005371151264288394,0.0039040687979656394,0.006525733430062664,0.07528556508951396,4.8146621197935476e-08,2.4340735263130707e-08,5.154947700048865e-18,3.00109948857992e-18,-2.9846786589753973e-19,0.0,3.7737365198098285e-05,0.000870730897722528,1.0186966650283785e-05,1.4808973603002241e-05,0.0001792743581591029,0.00024516777045086903,1.8441352433771811e-06,1.2994895320666051e-06,2.3765143271215338e-08,1.6250085204819046e-08,2.3246880887015147e-13,3.179141744269037e-13,0.0005050688225403891,0.0007331277204909748,7.545194622086671e-05,0.0001168740309551493,1.8198637896381046e-05,3.021806619086528e-05,4.092442757430311e-07,2.9701726736010894e-07,4.815875985896788e-07,3.608730740105988e-07,3.4704700356991095e-05,2.6878552687951905e-05,1.104867072424086e-09,8.557119788919775e-10,9.30613696405534e-08,7.457873545493412e-08,1.1504347723558343e-13,4.315341853037631e-14,7.376529512400385e-06,5.531809486643711e-06,2.3539971672063914e-09,1.7653103453587778e-09,2.437291383304099e-07,1.7702390346699987e-07,3.210758291590079e-08,2.3320189361018843e-08,1.1617623512791435e-07,8.180533692975314e-08,1.40536743258102e-08,6.952561398488745e-09,1.2263438608733976e-10,6.066905202665206e-11,9.053542030219914e-14,3.341705479416647e-14,2.2584492130772374e-09,1.16672392740564e-09,5.301667146649136e-10,2.738862525364386e-10,5.019605066508277e-12,2.5931481227519184e-12,5.2449847213950004e-14,1.9666603509373544e-14,3.9398770015769974e-16,1.4772969413933011e-16,2.5374346308410686e-16,9.514369148139744e-17,-4.982726500840931e-20,0.0,-4.3906601000644307e-17,0.0,-2.5357074086657303e-18,0.0,1.4245332890205244e-16,1.101823643267417e-16
0.004328125,0.43281250000000004,1829.7208566439833,99997.6425,0.5500576308996495,1122476751.2711546,0.19805901360814276,0.2560592785539458,0.014638123965802597,0.020018219361828973,0.0011570923088864485,0.0008981318009762891,0.0004882546164115172,0.0002583720663786914,0.773395792745144,0.6429939003187896,0.004972816180151632,0.003619593036070229,0.00641081488208839,0.0740632696554185,4.50606289387811e-08,2.281247397208276e-08,5.0886550148170574e-18,2.9666505831389545e-18,-2.9572197677729133e-19,0.0,3.9132654579232686e-05,0.0009041884383627402,1.0278852677073231e-05,1.4963458217991734e-05,0.0001929918706869904,0.00026429653915091154,1.6976389909840954e-06,1.1979332469169558e-06,2.1971957580455684e-08,1.5044966210787993e-08,2.5356563166845247e-13,3.472504756756282e-13,0.0004960727859273372,0.0007210771643825788,7.687031901595994e-05,0.00011923768045772074,1.9358302850429833e-05,3.218861744558766e-05,3.599544993080023e-07,2.616097647672451e-07,4.19165610528503e-07,3.145372519671272e-07,3.292741638253616e-05,2.553774202565755e-05,9.854111961104168e-10,7.64262115894687e-10,9.267288635434917e-08,7.437132586759655e-08,9.994892037029325e-14,3.7543829757791475e-14,7.413348351784618e-06,5.56719966877909e-06,2.440917821722738e-09,1.833055219284347e-09,2.4391399098894277e-07,1.774060520443682e-07,3.285742109716881e-08,2.3898200072796557e-08,1.1270997310658893e-07,7.947562367139904e-08,1.4556633069939734e-08,7.211459049563997e-09,1.2790308515416306e-10,6.336409363830742e-11,8.514723879136042e-14,3.14722271286748e-14,2.1921184133870873e-09,1.1340417539205508e-09,5.194845846961227e-10,2.687433333736852e-10,5.055436718811187e-12,2.6153132460470965e-12,4.5083043660875755e-14,1.6927998916708176e-14,3.4806449673459845e-16,1.3069293785905413e-16,2.269626632950231e-16,8.522103670044715e-17,-4.962657100304854e-20,0.0,-4.3327562281774956e-17,0.0,-2.5057637482510967e-18,0.0,1.4050761181292668e-16,1.0882949058051069e-16
0.00434375,0.434375,1839.3842568785587,99997.6425,0.546412944155279,1155013441.551662,0.19870698892706085,0.2572567274639909,0.013629555503646572,0.01866506077652136,0.0011931752585168844,0.0009274361055304275,0.0004744289047645823,0.0002514073866879502,0.7742119702527028,0.6445737606139531,0.004601743857904311,0.0033541885496949668,0.006295500878663159,0.07283290389383044,4.23228357317263e-08,2.1456436146122547e-08,5.022613985897406e-18,2.9322492426131002e-18,-2.9298854191573606e-19,0.0,4.067638601640809e-05,0.0009411735048825849,1.0433336190761702e-05,1.5209615253165488e-05,0.00020823305344058678,0.0002855681845212333,1.5625528883920078e-06,1.1041541153397608e-06,2.0497232909747137e-08,1.4054823413074164e-08,2.765314397884761e-13,3.7923173059539866e-13,0.0004868719000592432,0.0007086939771968958,7.834118858916284e-05,0.00012168938173862211,2.0620031648721406e-05,3.433460564929489e-05,3.1705512880178706e-07,2.3075377752738591e-07,3.6660631013224353e-07,2.7548253573558217e-07,3.117377948844846e-05,2.421151644953598e-05,8.836495118002523e-10,6.862977489946011e-10,9.229027588971665e-08,7.416798346889995e-08,8.763009694893675e-14,3.2962599166970575e-14,7.476785964126699e-06,5.622701532269709e-06,2.544469387364872e-09,1.9134949150334403e-09,2.446724316966255e-07,1.7820687307132962e-07,3.3666423800340777e-08,2.452089952002412e-08,1.0955206150711343e-07,7.735704034873737e-08,1.5174848106246505e-08,7.528253801502968e-09,1.3419364816111172e-10,6.65735719285776e-11,8.073545199170791e-14,2.988332247931222e-14,2.134696985807833e-09,1.1058824459009169e-09,5.105295065846987e-10,2.6448045001235564e-10,5.101129386000893e-12,2.6426464644643195e-12,3.896148039275506e-14,1.4649929565653128e-14,3.0888641329756464e-16,1.1614456517001352e-16,2.0418650700629203e-16,7.677629072983471e-17,-4.9426794725333034e-20,0.0,-4.275066340470338e-17,0.0,-2.475945698514338e-18,0.0,1.385689495416722e-16,1.0747819429355762e-16
0.004359375,0.43593750000000003,1848.8273302213304,99997.6425,0.5427953656262661,1191999138.3049963,0.1993267254381837,0.2584205970424767,0.012653899228759488,0.017353220388512176,0.0012322388650869162,0.0009591414445577981,0.0004608159282958549,0.00024453575578788463,0.7749923836562495,0.6461274172375133,0.004257121671197978,0.0031073422384713164,0.006179726360377215,0.07159366197277807,3.992559284110016e-08,2.0269460911374905e-08,4.956835583773096e-18,2.897901301522277e-18,-2.902675936394e-19,0.0,4.238329384238332e-05,0.0009820419337982782,1.0660053828621205e-05,1.5561892792568992e-05,0.00022521178560068315,0.0003092852879431366,1.4382504816362133e-06,1.0177415203525957e-06,1.9324028028279972e-08,1.3268927194478235e-08,3.015236428024881e-13,4.1408501973863e-13,0.0004773884324856761,0.0006958632780409559,7.985048390304738e-05,0.00012420757294705903,2.1989470756721083e-05,3.6666166651676485e-05,2.795131931647283e-07,2.0371562611871497e-07,3.220465993354731e-07,2.4233762569643557e-07,2.943873376161417e-05,2.2896001955381992e-05,7.960455286968379e-10,6.191251338867544e-10,9.188452113274597e-08,7.394535160516957e-08,7.764450188724612e-14,2.924737276781595e-14,7.5670576345918975e-06,5.6985599177050644e-06,2.6664553272320804e-09,2.0080401371140556e-09,2.459425523001646e-07,1.7938291714558093e-07,3.452910385336499e-08,2.5184464086067737e-08,1.0666891428224953e-07,7.542670929642549e-08,1.5921284585596895e-08,7.909626928217435e-09,1.4163606107039716e-10,7.036419684769188e-11,7.724621663723048e-14,2.863187657322264e-14,2.085467217875604e-09,1.0818924497245634e-09,5.031919817570182e-10,2.6104443223011667e-10,5.156842439112009e-12,2.675251306504725e-12,3.3866536188720075e-14,1.2752016371219069e-14,2.754675536313207e-16,1.0372382738144521e-16,1.8485690031952325e-16,6.960553054706898e-17,-4.9227981643891405e-20,0.0,-4.2176022618174775e-17,0.0,-2.4462572619543723e-18,0.0,1.3663778439630656e-16,1.0612879737641817e-16
0.004375,0.43750000000000006,1858.0416185606882,99997.6425,0.5392065664025943,1233609631.0287938,0.1999186411944929,0.25955120906266665,0.011711772471062814,0.0160837201915707,0.0012744492003655301,0.0009933869619201089,0.0004473831595724147,0.00023774023734221967,0.7757365333118966,0.6476541491319054,0.0039381924477261965,0.002878578864664727,0.006063422690527578,0.07034469456470228,3.7864138523346836e-08,1.924983789801687e-08,4.89133030032165e-18,2.863612427481578e-18,-2.875591522156933e-19,0.0,4.426905716678117e-05,0.0010271734180529672,1.097055575649192e-05,1.6037616420953112e-05,0.0002441641637883109,0.0003357826422176373,1.3241684633349594e-06,9.38327352934397e-07,1.8442445088312016e-08,1.2681330553643605e-08,3.2869473802313973e-13,4.5203188667823577e-13,0.0004675386623908144,0.0006824608280362434,8.137913177235097e-05,0.000126762777653673,2.3470640565966742e-05,3.919077442552326e-05,2.465099297559065e-07,1.799138598721343e-07,2.8398621698447434e-07,2.139969408867212e-07,2.771747865266577e-05,2.158750349780732e-05,7.198381543779382e-10,5.606393305184118e-10,9.142043509658793e-08,7.367497167368332e-08,6.96458209508421e-14,2.6271168251246385e-14,7.68397822846392e-06,5.794718916386804e-06,2.8089239301045426e-09,2.1182939550991186e-09,2.4764590111592205e-07,1.8087840613577266e-07,3.543658355613918e-08,2.5882571541255698e-08,1.040248905674749e-07,7.366017144196751e-08,1.6811254069415722e-08,8.363463729670528e-09,1.5037901457888823e-10,7.481235063969493e-11,7.464963525316298e-14,2.7708209148664804e-14,2.043757883304947e-09,1.0617403913609164e-09,4.973649957223179e-10,2.5838310375272627e-10,5.222545842263917e-12,2.713133444896543e-12,2.9627177181159104e-14,1.1171372363787031e-14,2.470288223753745e-16,9.314592957907803e-17,1.6851023641394626e-16,6.353931684342564e-17,-4.903017578983671e-20,0.0,-4.160375357446066e-17,0.0,-2.4167022361224156e-18,0.0,1.3471454231562237e-16,1.047816138744651e-16
0.004390625,0.4390625,1867.0176460220916,99997.6425,0.5356482175211901,1279930953.3738914,0.20048306948384292,0.2606487794788897,0.01080386058288223,0.014857682772328852,0.0013199706291066122,0.0010303112026506824,0.0004340906503781348,0.00023099986137115262,0.7764438727292331,0.6491531994496422,0.003644256208842757,0.0026674625292521644,0.0059465180176508994,0.06908511271333186,3.613663712985207e-08,1.839733679063833e-08,4.826108124903922e-18,2.8293881036812767e-18,-2.848632251553262e-19,0.0,4.6350242400541305e-05,0.0010769703248277064,1.1378810860051772e-05,1.6657748444242468e-05,0.00026535479584287764,0.00036543613469423175,1.2197997136836315e-06,8.655813508647545e-07,1.784919939396026e-08,1.229060589087246e-08,3.5818443602497645e-13,4.932774453645288e-13,0.00045723304936610867,0.0006683532137092565,8.290239679509045e-05,0.00012931652009828964,2.5065269531911223e-05,4.1912108481232136e-05,2.1737133797308278e-07,1.588695660823325e-07,2.512177206442805e-07,1.8956964691913727e-07,2.600593110440603e-05,2.028286661391687e-05,6.52844110086541e-10,5.091742322705429e-10,9.085699760549502e-08,7.332351949249855e-08,6.336332004822384e-14,2.3934837123847327e-14,7.82685956906906e-06,5.910742206885745e-06,2.974168935320654e-09,2.2460535673695715e-09,2.4968698776797246e-07,1.826247843033648e-07,3.637653670438407e-08,2.6606341118244323e-08,1.0158220859681931e-07,7.203131386540544e-08,1.786252456463413e-08,8.898916523070061e-09,1.605917685618508e-10,8.00050820113942e-11,7.293997383241837e-14,2.7111565641333547e-14,2.0088973935198575e-09,1.0450928515530995e-09,4.929332696608723e-10,2.564396957639747e-10,5.297965051167313e-12,2.7561713309069407e-12,2.6104409699504862e-14,9.856854772664162e-15,2.229202832553411e-16,8.417324441436165e-17,1.5475043384158273e-16,5.843275408032638e-17,-4.8833419621020066e-20,0.0,-4.103396509139012e-17,0.0,-2.3872842053008177e-18,0.0,1.3279963201754293e-16,1.0343694915623666e-16
0.0044062500000000004,0.44062500000000004,1875.7439809899397,99997.6425,0.5321219726312566,1330958128.9489663,0.20102025426311493,0.26171341226639167,0.009930908388693743,0.013676320035354426,0.0013689623009087023,0.0010700493608866493,0.0004208914618653095,0.00022428982515248442,0.777113818530601,0.6506237847323494,0.003374671260686976,0.0024735976935784058,0.005828937725607418,0.06781399284206475,3.4744198221088676e-08,1.7713226965263858e-08,4.7611784758034276e-18,2.7952335885652233e-18,-2.8217980498585997e-19,0.0,4.8644225795922836e-05,0.0011318560380017572,1.1901774425255931e-05,1.7447744976386492e-05,0.00028908063004265487,0.0003986683046069228,1.124688997013798e-06,7.992082888403106e-07,1.7547797687548473e-08,1.2099999146687868e-08,3.9010680747418925e-13,5.379925300716492e-13,0.0004463777673213281,0.0006534000318526097,8.438931681430096e-05,0.00013182038109261582,2.677198645735077e-05,4.4828674354601916e-05,1.9153774191516837e-07,1.4018481186839365e-07,2.2276864081039445e-07,1.6833745408119e-07,2.4301123632926918e-05,1.8979792106388638e-05,5.933279485203341e-10,4.634041324149938e-10,9.014788474587328e-08,7.285319982068953e-08,5.858988150878008e-14,2.2162734329436033e-14,7.994396828460957e-06,6.045724432917414e-06,3.1647283093155025e-09,2.3933106741784745e-09,2.5195229296940356e-07,1.8453990399275867e-07,3.733292175426105e-08,2.7344120250325078e-08,9.930095422138461e-08,7.051236422965076e-08,1.909551988955888e-08,9.526512681182748e-09,1.7246621976579995e-10,8.604120962283464e-11,7.213788688285715e-14,2.6851007169307337e-14,1.980203330858006e-09,1.0316088941655692e-09,4.897705227763718e-10,2.551513874978204e-10,5.382534005976893e-12,2.804090805820667e-12,2.318371895972542e-14,8.766288387243224e-15,2.0258842376900942e-16,7.660326411656993e-17,1.4323567912825602e-16,5.416064923674345e-17,-4.863775375000211e-20,0.0,-4.046676050542639e-17,0.0,-2.3580065054172896e-18,0.0,1.3089344274121218e-16,1.0209509812746025e-16
0.0044218750000000005,0.4421875,1884.2090840361902,99997.6425,0.528629445733095,1386560826.576504,0.20153034695731134,0.26274509482895586,0.009093705552697652,0.012540913428368983,0.0014215730664305184,0.0011127292708264702,0.0004077323070729824,0.000217581809193578,0.7777457669782497,0.6520651092785984,0.0031288539370472965,0.002296629221892857,0.005710605255129418,0.06653038608382272,3.369087004729992e-08,1.720028418116503e-08,4.696550150885978e-18,2.7611538844563942e-18,-2.795088687554403e-19,0.0,5.1169054415605225e-05,0.0011922718499082106,1.2560035132048651e-05,1.843853646903416e-05,0.0003156742542798608,0.0004359532125434655,1.0384288526303962e-06,7.389452842913349e-07,1.7548987639072717e-08,1.2117772410031163e-08,4.2454160016847024e-13,5.86301454561148e-13,0.0004348773026819174,0.0006374576531392613,8.580231120873438e-05,0.0001342153167476678,2.858537087242645e-05,4.793217468509676e-05,1.6854220299755564e-07,1.2352739096195902e-07,1.9785479753083708e-07,1.4972050642545105e-07,2.2601554007185067e-05,1.7677115495666667e-05,5.398964139268979e-10,4.222634984146683e-10,8.924253904749066e-08,7.222258205871012e-08,5.5174595290563737e-14,2.0900076680983612e-14,8.184536369353227e-06,6.198187804563234e-06,3.3833562633169124e-09,2.562231577137057e-09,2.543101114783522e-07,1.8652781628939938e-07,3.8285912199799516e-08,2.8081414284953346e-08,9.713911007621942e-08,6.907390001123778e-08,2.0533391865770674e-08,1.0258199973444778e-08,1.862175748403543e-10,9.303173746304852e-11,7.229208516367225e-14,2.694610005469658e-14,1.956955194196345e-09,1.0209257924781895e-09,4.877336916709142e-10,2.544462474992576e-10,5.4753355286215904e-12,2.8564329322509455e-12,2.0769825064128437e-14,7.864542999493435e-15,1.8555561553527282e-16,7.026106925161346e-17,1.3366750806571088e-16,5.0613515596407434e-17,-4.844321669933259e-20,0.0,-3.990223713553522e-17,0.0,-2.3288721887845232e-18,0.0,1.2899634224716753e-16,1.0075634355689798e-16
0.0044375000000000005,0.44375000000000003,1892.4004057461484,99997.6425,0.5251721879482443,1446462109.577497,0.20201339744154972,0.2637436857838003,0.00829307691197783,0.011452800855323592,0.0014779361570539215,0.001158467178905899,0.00039455452052408345,0.00021084447088512943,0.7783391011830525,0.6534763718390848,0.002906287648678426,0.002136249268840861,0.00559144306875242,0.06523332936194101,3.298380988791331e-08,1.686288772780738e-08,4.632231363218734e-18,2.7271537558848125e-18,-2.768503780323526e-19,0.0,5.39432641513958e-05,0.0012586728234474666,1.3378601202448495e-05,1.966772081204022e-05,0.0003455067770603783,0.0004778207698041063,9.606601804938036e-07,6.845624276413961e-07,1.787162434037568e-08,1.2357837627126806e-08,4.615167293501775e-13,6.382574627676213e-13,0.00042263784669965794,0.000620384183731432,8.70970193714992e-05,0.0001364313326379618,3.0494921417961936e-05,5.120572916724403e-05,1.479973397069769e-07,1.0862161245793919e-07,1.7584529101207575e-07,1.3325182902976066e-07,2.0907517830690344e-05,1.6375075406578363e-05,4.914313209622366e-10,3.8489623699368277e-10,8.808759258020231e-08,7.138772929509422e-08,5.3019489198659884e-14,2.0111848861412674e-14,8.394344488971318e-06,6.3659785405754e-06,3.632992715953436e-09,2.755135162514693e-09,2.566103288455817e-07,1.8847851222329446e-07,3.921175217936678e-08,2.880076084888593e-08,9.50528146643888e-08,6.768502174677856e-08,2.2202146593199066e-08,1.1107419270223395e-08,2.0208523353292476e-10,1.0110037818860182e-10,7.348365609697821e-14,2.7428600980835712e-14,1.938385522791112e-09,1.0126542394433741e-09,4.866602260182449e-10,2.5424175699384567e-10,5.575042943538912e-12,2.9125222023554794e-12,1.8783059724307904e-14,7.122209202182932e-15,1.7140620150416039e-16,6.499424713452192e-17,1.257830174690627e-16,4.769473012627096e-17,-4.8249844861009515e-20,0.0,-3.9340486660395667e-17,0.0,-2.2998840575599968e-18,0.0,1.2710867822318434e-16,9.942095704920882e-17
0.0044531250000000005,0.44531250000000006,1900.3044404546947,99997.6425,0.5217516541873032,1510202320.2305827,0.20246934874218675,0.26470890772966466,0.007529863075800701,0.010413350024315652,0.0015381616224900794,0.0012073617222183993,0.0003812953294474246,0.00020404410411591715,0.7788932093422636,0.654856782194324,0.0027065282693883954,0.0019922015336111295,0.005471373977407128,0.06392186083921021,3.263340215267527e-08,1.6707091628234938e-08,4.568229715873557e-18,2.6932377143167137e-18,-2.7420427800939227e-19,0.0,5.6985613202346624e-05,0.001331521644105817,1.4387791107509738e-05,2.1180920098894546e-05,0.0003789898599977872,0.0005248599264734404,8.910712260904853e-07,6.358622773438861e-07,1.8543725970617472e-08,1.2840526458331551e-08,5.009901713131889e-13,6.938171498332223e-13,0.00040957150494527793,0.0006020456707467467,8.822247622778092e-05,0.00013838768469571157,3.248394495914637e-05,5.462194666426106e-05,1.2958355954974423e-07,9.524004976530315e-08,1.5623429540610873e-07,1.1855672145243323e-07,1.9221380426514388e-05,1.507553657308913e-05,4.4703629725070993e-10,3.506154032207316e-10,8.662893831915403e-08,7.030386328637169e-08,5.2078528668967494e-14,1.9782561973272965e-14,8.619872696195909e-06,6.546159847462191e-06,3.91670215108868e-09,2.9744474494664617e-09,2.5868516525354574e-07,1.902683742764101e-07,4.008280978067129e-08,2.9481748773355224e-08,9.299673994031633e-08,6.631361250369853e-08,2.4130596224810912e-08,1.2089090364978876e-08,2.2033196039126002e-10,1.1038322280342914e-10,7.583109662183686e-14,2.8344422225813382e-14,1.923664577180203e-09,1.0063701511202492e-09,4.863641628070701e-10,2.5444268290322285e-10,5.679855479030436e-12,2.971431238366861e-12,1.7156322904015348e-14,6.5144832228163055e-15,1.5977417496861792e-16,6.066837212703509e-17,1.1934761066155684e-16,4.5317869784087455e-17,-4.8057672163122964e-20,0.0,-3.878159487038469e-17,0.0,-2.2710446700876036e-18,0.0,1.2523077742303244e-16,9.808919832604149e-17
0.0044687500000000005,0.446875,1907.9068159966644,99997.6425,0.5183691626039668,1577094656.6943865,0.20289803221622374,0.2656403407191134,0.006804896312087321,0.00942392504385749,0.0016023269462776526,0.001259486426037506,0.00036788951844187064,0.00019714551554584928,0.7794075068228363,0.6562055814447443,0.0025292111314515944,0.0018642867393133303,0.005350322813656692,0.06259503957154143,3.265341250922015e-08,1.6740714878115373e-08,4.5045521744880676e-18,2.659410002428858e-18,-2.7157049642425536e-19,0.0,6.0314732387726406e-05,0.0014112804748603036,1.5624223455929414e-05,2.3033294641748633e-05,0.0004165764707561477,0.0005777201090632321,8.293970025202258e-07,5.926796641433463e-07,1.960374608756723e-08,1.3593516584361853e-08,5.428300128610608e-13,7.528121155370359e-13,0.0003956012238437647,0.0005823234156446179,8.912173325395648e-05,0.0001399937823882822,3.452845592197578e-05,5.8140998890377845e-05,1.1303931452185902e-07,8.319670891676986e-08,1.3861913570640601e-07,1.0533675075315841e-07,1.754774826159301e-05,1.37821357476166e-05,4.059975544604801e-10,3.1887358567946146e-10,8.4814392237136e-08,6.892752374964381e-08,5.23593015264987e-14,1.9917030884119735e-14,8.856045898752345e-06,6.734921469617104e-06,4.237580416379872e-09,3.222631369777172e-09,2.6035153423595043e-07,1.9176182228009385e-07,4.086792732413443e-08,3.010125613234932e-08,9.092468667045538e-08,6.492675526520107e-08,2.6350133578845224e-08,1.3219508724357138e-08,2.412412996639306e-10,1.2102752557364245e-10,7.949688852021693e-14,2.975619023150532e-14,1.9118862431699053e-09,1.0016070459592478e-09,4.866324435460198e-10,2.549390613533192e-10,5.787435482391449e-12,3.031946162020002e-12,1.5832696244297658e-14,6.020292073727219e-15,1.5033337427584586e-16,5.716340461565461e-17,1.1414896521391012e-16,4.340449029640004e-17,-4.786672980178237e-20,0.0,-3.822564140990219e-17,0.0,-2.2423563274439248e-18,0.0,1.2336294478870196e-16,9.676131452323731e-17
0.0044843750000000005,0.44843750000000004,1915.1924287886463,99997.6425,0.5150258470305396,1646158851.8251045,0.20329916485035157,0.26653741865847114,0.006118971504823808,0.008485845904226961,0.0016704657051075345,0.001314880601589048,0.00035427153598359857,0.000190113145602693,0.7798814620040324,0.65752206613011,0.002374059944844434,0.0017523695814837766,0.005228218428437865,0.06125196914362431,3.3061235349114906e-08,1.697348032873865e-08,4.441205039259348e-18,2.625674579409607e-18,-2.6894894234249504e-19,0.0,6.394869935845761e-05,0.0014984009614340105,1.7131831099556725e-05,2.5291105019631828e-05,0.00045875875513589243,0.0006371086670613216,7.754192566673975e-07,5.548818839121656e-07,2.1101935414189088e-08,1.4652827650303578e-08,5.867940535690188e-13,8.149197658323183e-13,0.00038066639286531666,0.0005611223448562027,8.973303863052032e-05,0.000141150979834283,3.6596191437049664e-05,6.170887392129732e-05,9.815419711011678e-08,7.234223229602675e-08,1.2268318453383015e-07,9.335727595815688e-08,1.5893474058755994e-05,1.2500297942664012e-05,3.67755396041546e-10,2.8924148386608595e-10,8.259685994216654e-08,6.721915654386982e-08,5.392773680826923e-14,2.054231319165871e-14,9.096616153952149e-06,6.9275384683253915e-06,4.598610813724749e-09,3.5020773410445154e-09,2.614173280855586e-07,1.9281587055922055e-07,4.153345928539541e-08,3.063419769491501e-08,8.879047204070742e-08,6.349136300729703e-08,2.8894290150263314e-08,1.4516132493911304e-08,2.651128114928756e-10,1.3318938369658626e-10,8.469540463069822e-14,3.174632384106948e-14,1.9020656659718804e-09,9.978545184987457e-10,4.872242172561566e-10,2.5560573192022376e-10,5.894869961694039e-12,3.092544454417319e-12,1.4763960684978225e-14,5.6217555989539216e-15,1.4279311576490113e-16,5.437213056657447e-17,1.0999365193550484e-16,4.1882895912000674e-17,-4.7677045982506495e-20,0.0,-3.7672699522051326e-17,0.0,-2.2138210494178835e-18,0.0,1.2150546259554992e-16,9.543753955308284e-17
0.0044921875000000005,0.44921875000000006,1918.7106000333044,99997.6425,0.5133675738894078,1681483057.0876057,0.2034894319481013,0.2669732355919421,0.0057905896269376585,0.008036052605898937,0.0017060566859031306,0.0013438335645070375,0.00034735117772154004,0.00018652967601880263,0.7801033658721521,0.6581686005270508,0.0023046638721868607,0.0017023344649216474,0.005166687966473967,0.060573384192643166,3.341929749781552e-08,1.716929305117207e-08,4.4096225348925356e-18,2.608823895066722e-18,-2.6764149043905526e-19,0.0,6.588834997555826e-05,0.0015449279549244986,1.8007895555202792e-05,2.6602978086555033e-05,0.0004817954831867108,0.0006695687011843482,7.512290110402105e-07,5.379471213590178e-07,2.2040327890964224e-08,1.5315122530851e-08,6.09470154536911e-13,8.470028342415134e-13,0.00037281460941471743,0.0005499322916920987,8.990646499496548e-05,0.0001415225735728062,3.762435494684274e-05,6.348689192851102e-05,9.126844775939609e-08,6.731424328341234e-08,1.1524540797408857e-07,8.77586700156918e-08,1.507601478460779e-05,1.186564509937548e-05,3.4953076881386183e-10,2.7509976033530663e-10,8.132588969916675e-08,6.623104651186283e-08,5.5247024145809015e-14,2.1059561025849688e-14,9.215943326905968e-06,7.0233149616683045e-06,4.795376511604909e-09,3.6544755546033273e-09,2.6165788076491116e-07,1.931281135662716e-07,4.180942777408459e-08,3.0859288058474004e-08,8.768195721233236e-08,6.274249630349548e-08,3.0303064301073775e-08,1.5234517851500317e-08,2.7829228027460003e-10,1.3990825052065423e-10,8.797164231354185e-14,3.2997388300875823e-14,1.8975550812049335e-09,9.961835959111491e-10,4.875568193993273e-10,2.559588969885455e-10,5.947473460626355e-12,3.1223206942855645e-12,1.4310375067581685e-14,5.452847731051211e-15,1.3963807487722703e-16,5.320791077569709e-17,1.0824825223886311e-16,4.1247083589591224e-17,-4.758258367947421e-20,0.0,-3.73970688496729e-17,0.0,-2.1995979342505263e-18,0.0,1.205796245454209e-16,9.477649226185402e-17
0.0045000000000000005,0.45000000000000007,1922.143726042992,99997.6425,0.511719455371124,1716871948.4612958,0.20367262984672682,0.2674001504062414,0.005472253230694107,0.007599574554732321,0.0017426259719085784,0.001373596957073796,0.00034035457558840226,0.00018290006685140763,0.7803150061230926,0.6588068059616892,0.0022407631388052796,0.0016562899249953369,0.005104872158277515,0.05989045124395666,3.388294267698231e-08,1.7419646140325784e-08,4.378125414600802e-18,2.59199796966685e-18,-2.663371731121462e-19,0.0,6.791040032347063e-05,0.001593452056555612,1.897292233566458e-05,2.804817659490338e-05,0.0005061884933359117,0.0007039597030523144,7.289055736008698e-07,5.223259686391162e-07,2.31143515406831e-08,1.607264118114604e-08,6.325255080012075e-13,8.796574292929592e-13,0.00036470889110228006,0.000538351293443966,8.998307262762419e-05,0.0001417420549700527,3.8641820497057224e-05,6.524927532713717e-05,8.473749373398405e-08,6.25410299389944e-08,1.08141177848719e-07,8.240633686711667e-08,1.4267110663973347e-05,1.1236833356232372e-05,3.3185410331030574e-10,2.613696175285231e-10,7.994108666583351e-08,6.514872973215129e-08,5.694599881350084e-14,2.1722347136472768e-14,9.333409364093357e-06,7.117799896256771e-06,5.003162803077973e-09,3.815488027098167e-09,2.616737771210697e-07,1.932746932385643e-07,4.20420337545206e-08,3.1052638389787156e-08,8.65408934250763e-08,6.196922193182914e-08,3.180645381194625e-08,1.6001493829087036e-08,2.9233105439920663e-10,1.470686921175253e-10,9.174303639055422e-14,3.443603083115752e-14,1.893114206229849e-09,9.94546102587853e-10,4.878636268228789e-10,2.5629878379992404e-10,5.998639829128021e-12,3.15138085343975e-12,1.3905334689300234e-14,5.302209832865898e-15,1.368594920087617e-16,5.218556478243285e-17,1.0669735216266754e-16,4.068451155030206e-17,-4.748845655975201e-20,0.0,-3.7122223999073377e-17,0.0,-2.1854170982611493e-18,0.0,1.196564930645882e-16,9.411656857216641e-17
0.0045078125000000005,0.45078125,1925.4897899629088,99997.6425,0.5100815538508029,1752167694.534909,0.20384868241130957,0.2678180395664342,0.005164036681666322,0.00717654403490042,0.0017801587685608482,0.0014041607116390279,0.0003332747449352548,0.0001792204722344912,0.7805163456990264,0.6594366227948312,0.0021823534884777736,0.0016142412742293055,0.00504276467621738,0.05920308783447405,3.4455551922107827e-08,1.772639246359399e-08,4.346714288198881e-18,2.5751972238833343e-18,-2.650359735452838e-19,0.0,7.001661008688643e-05,0.0016440186219260217,2.0035634762706275e-05,2.9639880761849675e-05,0.0005320144411884886,0.0007403923005498918,7.084340027813632e-07,5.080104979365475e-07,2.433516196693802e-08,1.6933343494121418e-08,6.558903234577029e-13,9.127875258581774e-13,0.000356348157413475,0.0005263769572003154,8.995439041971023e-05,0.00014179574957746486,3.9641850354979115e-05,6.698460080554368e-05,7.854364728023624e-08,5.8010074140518364e-08,1.0134814400448226e-07,7.728376218965024e-08,1.34683204064305e-05,1.0615104936339085e-05,3.1468892423986506e-10,2.4802320202561526e-10,7.844022337334803e-08,6.39701940878371e-08,5.905428656612504e-14,2.2542283327446986e-14,9.447829815698375e-06,7.210086310063665e-06,5.2222389555281105e-09,3.985337832670426e-09,2.614385191979161e-07,1.932356739684752e-07,4.2226418966103444e-08,3.121059036450985e-08,8.536173700877516e-08,6.116751745930365e-08,3.340905640266377e-08,1.6819474733134153e-08,3.072693922152406e-10,1.5469188103791117e-10,9.605819906502628e-14,3.608089984465188e-14,1.8885808772691227e-09,9.928568468814237e-10,4.881023527921996e-10,2.5660312924984144e-10,6.04780287405086e-12,3.1794256546604295e-12,1.3543939436512884e-14,5.1680107612265714e-15,1.3442231261393873e-16,5.129201598945269e-17,1.0531831141681366e-16,4.018669526009339e-17,-4.739466690589314e-20,0.0,-3.6848172376394666e-17,0.0,-2.1712787249426816e-18,0.0,1.1873609728503148e-16,9.34577941685004e-17
0.0045156250000000005,0.45156250000000003,1928.7467728626673,99997.6425,0.5084539082632336,1787184524.6968799,0.20401750570128316,0.2682267695263285,0.004866004870352495,0.006767080491219193,0.001818634675923177,0.0014355103050683218,0.00032610526147477465,0.00017548733794337432,0.7807073570061813,0.6600580006394312,0.0021294387571480547,0.0015761998145898098,0.004980359993421003,0.05851122086478946,3.5140801765880206e-08,1.8091541924118153e-08,4.315389718334923e-18,2.5584220578710477e-18,-2.637378734727142e-19,0.0,7.220857530057222e-05,0.0016966692782548864,2.1205519281680814e-05,3.139243657312849e-05,0.0005593515396104089,0.0007789795884078707,6.898024981243169e-07,4.949950083336579e-07,2.5715082452911073e-08,1.7906024142702082e-08,6.794853262012455e-13,9.462836199612458e-13,0.0003477335227787146,0.0005140101316940953,8.981211214908204e-05,0.00014167020598844553,4.0617141335289325e-05,6.868045717993151e-05,7.26718540681271e-08,5.3710768207675646e-08,9.484722190854094e-08,7.237687670403438e-08,1.2681282390303794e-05,1.0001768388710296e-05,2.9800574934293324e-10,2.350380972283254e-10,7.682224099173914e-08,6.269437626388906e-08,6.160766986320886e-14,2.3533364822831517e-14,9.557960529525879e-06,7.299219134672114e-06,5.45281989027343e-09,4.164207119087032e-09,2.60927186191478e-07,1.9299223234159796e-07,4.235793944246776e-08,3.13296341776864e-08,8.413921167907061e-08,6.033354126704869e-08,3.511543084849291e-08,1.769086172293114e-08,3.2314685782666833e-10,1.627986967517623e-10,1.0097135011872082e-13,3.795280254301561e-14,1.8837939389609043e-09,9.91030932037386e-10,4.882305009925231e-10,2.5684949847253e-10,6.09437008731781e-12,3.206141151057542e-12,1.3221748652086851e-14,5.048589626260199e-15,1.322938270702568e-16,5.051504612135717e-17,1.0408992380104903e-16,3.97456738384788e-17,-4.730121681868897e-20,0.0,-3.6574920942893267e-17,0.0,-2.1571829635882454e-18,0.0,1.1781846478014904e-16,9.28001938084186e-17
0.0045234375000000005,0.45234375000000004,1931.912662947953,99997.6425,0.5068365316592612,1821714682.7023747,0.20417900729910185,0.2686261958344016,0.004578211985416785,0.006371288770303892,0.0018580271354848483,0.0014676263066680808,0.00031884038487759125,0.00017169746898035206,0.7808880230433484,0.6606708993986926,0.002082031454947174,0.0015421832885967799,0.004917653515835629,0.05781478818206808,3.594265525077045e-08,1.8517257359154254e-08,4.284152220906799e-18,2.5416728514205235e-18,-2.6244285320567322e-19,0.0,7.448769383412795e-05,0.0017514410998348139,2.2492920312517235e-05,3.3321500244657216e-05,0.0005882797567145392,0.0008198374119342016,6.73002431815172e-07,4.83276056008372e-07,2.7267733231126625e-08,1.900040549276186e-08,7.032216082176008e-13,9.800224752202087e-13,0.0003388683874267062,0.0005012550529625631,8.954820681049625e-05,0.00014135237092342725,4.155985528358551e-05,7.0323493660657e-05,6.710894141664188e-08,4.9633865583487155e-08,8.8622320545899e-08,6.767385698109822e-08,1.1907706377275965e-05,9.398192262241264e-06,2.817810806921032e-10,2.2239654626186047e-10,7.508731496583581e-08,6.132121867690868e-08,6.464868485688638e-14,2.4712206662272462e-14,9.662497669974683e-06,7.384195051908126e-06,5.695062727740405e-09,4.352234323964114e-09,2.6011605748013683e-07,1.925263822073907e-07,4.243211706740507e-08,3.1406373245572527e-08,8.286835375366353e-08,5.946366566055089e-08,3.6930044160356434e-08,1.86180161184918e-08,3.400018469357497e-10,1.714094854335986e-10,1.065432472732081e-13,4.00750622151749e-14,1.878587776214578e-09,9.889808793307735e-10,4.882039851098417e-10,2.5701455774381103e-10,6.137712977469421e-12,3.2311935882863238e-12,1.2934627148392473e-14,4.942397558564506e-15,1.304425726067312e-16,4.984287873071822e-17,1.0299157384446348e-16,3.935368969524989e-17,-4.720810818154083e-20,0.0,-3.630247621619667e-17,0.0,-2.1431299342115764e-18,0.0,1.1690362156760723e-16,9.214379132015622e-17
0.0045312500000000006,0.45312500000000006,1934.9854659372886,99997.6425,0.5052294087570687,1855532411.607556,0.20433308582692805,0.269016162492963,0.00430070024999734,0.005989257303583517,0.0018983028727861569,0.001500483921074578,0.0003114751866280305,0.00016784809973761572,0.7810583385116008,0.6612752903155887,0.002040153397083649,0.0015122163686305118,0.004854641712971905,0.05711374015551742,3.686536166221681e-08,1.900585491736786e-08,4.253002265400865e-18,2.5249499641495415e-18,-2.6115089164718373e-19,0.0,7.685513129120199e-05,0.001808365789984011,2.390913060335673e-05,3.5444176609273194e-05,0.0006188808100619278,0.0008630843677935819,6.580283993796482e-07,4.72852498355203e-07,2.9008155686071224e-08,2.0227227362781954e-08,7.270008473440825e-13,1.0138673820773003e-12,0.00032975853172012115,0.000488119495726252,8.91550390748876e-05,0.00014082978104543913,4.2461664812508205e-05,7.189949416501244e-05,6.184321840701298e-08,4.577118964209305e-08,8.266005825736518e-08,6.31649161781387e-08,1.1149358456997935e-05,8.805793405447588e-06,2.659970231898235e-10,2.1008516693653116e-10,7.323698573603916e-08,5.985177981827441e-08,6.822736716401659e-14,2.6098337969319738e-14,9.760082796322791e-06,7.463966219996519e-06,5.949059134432945e-09,4.549508169838346e-09,2.5898268478360485e-07,1.9182103124659727e-07,4.244466138238267e-08,3.143754079190351e-08,8.154456431725824e-08,5.8554515106960295e-08,3.885721882133236e-08,1.9603232627751752e-08,3.578711177299873e-10,1.805438213134042e-10,1.1284193004580082e-13,4.247380680436958e-14,1.8727919374253694e-09,9.866164214313875e-10,4.879770538664884e-10,2.5707403209363284e-10,6.177168622870086e-12,3.2542301573835144e-12,1.2678668491055602e-14,4.847968777858485e-15,1.2883776932318717e-16,4.926396518123189e-17,1.0200303355751142e-16,3.900311158719277e-17,-4.7115342630772145e-20,0.0,-3.6030844271589006e-17,0.0,-2.129119731268858e-18,0.0,1.1599159211320757e-16,9.148860960399498e-17
0.0045390625000000006,0.45390625000000007,1937.963216400016,99997.6425,0.5036324934843854,1888397024.4415228,0.20447963056818094,0.26939650145875244,0.004033498649067237,0.005621056270790941,0.0019394213454059922,0.0015340525336242296,0.00030400568061779795,0.0001639369659247107,0.7812183108937683,0.6618711570155053,0.002003836383756592,0.0014863311847041082,0.004791322249401275,0.056408041267830146,3.791345976864594e-08,1.9559806247221867e-08,4.221940275260059e-18,2.508253735758623e-18,-2.598619663020783e-19,0.0,7.931178651458108e-05,0.0018674688505031676,2.54664800070909e-05,3.7779155729493705e-05,0.000651238025100493,0.000908841615390602,6.448782927126904e-07,4.637255543663805e-07,3.0952934082328715e-08,2.1598335422844426e-08,7.507158001604642e-13,1.0476688003772526e-12,0.0003204122017219585,0.0004746149123533359,8.862549868922068e-05,0.00014009076970234745,4.33138156681441e-05,7.339348013548857e-05,5.6864209242555404e-08,4.211543995618006e-08,7.694948100411612e-08,5.88420957338592e-08,1.0408040718440768e-05,8.226021048709104e-06,2.506409091775846e-10,1.9809467029749218e-10,7.127426648427418e-08,5.8288326252776565e-08,7.24021344418814e-14,2.771454978480549e-14,9.849311699477605e-06,7.537446892442042e-06,6.214826232819632e-09,4.756060535490836e-09,2.575061472088759e-07,1.9086017331632882e-07,4.239152168182764e-08,3.142003895065715e-08,8.01636660435852e-08,5.760300797575151e-08,4.0901076832550015e-08,2.0648710854236018e-08,3.7678929226599515e-10,1.902202521665906e-10,1.199434972793077e-13,4.5178271336937284e-14,1.8662317874039474e-09,9.838448378161272e-10,4.875024865834462e-10,2.570028053775904e-10,6.212043411776799e-12,3.274880903978197e-12,1.24501529208422e-14,4.7639047939059295e-15,1.2744904838115818e-16,4.8766881533265273e-17,1.0110440192700372e-16,3.8686411973200344e-17,-4.702292153016434e-20,0.0,-3.5760030744051074e-17,0.0,-2.1151524266504267e-18,0.0,1.150823993379422e-16,9.083467063779365e-17
0.004546875000000001,0.4546875,1940.8439899036991,99997.6425,0.5020457065202601,1920055656.1267374,0.20461852114678333,0.2697670322220071,0.0037766216726038246,0.005266735778347946,0.001981334207622097,0.0015682952671754985,0.0002964289546376515,0.0001599623772729267,0.7813679614873367,0.6624584965244471,0.0019731229287933984,0.0014645678906553348,0.004727694117648302,0.05569767172976145,3.909178165505957e-08,2.018174100151081e-08,4.190966628224483e-18,2.4915844863005122e-18,-2.5857605327856943e-19,0.0,8.185825637111725e-05,0.0019287687309165779,2.7178424288129034e-05,4.034685011272171e-05,0.000685436094217247,0.000957232548750458,6.335533957992088e-07,4.5589888160899855e-07,3.312031643542452e-08,2.312676935485007e-08,7.742510998500121e-13,1.0812654307746025e-12,0.0003108401772298263,0.0004607565463512648,8.795313706185632e-05,0.00013912468588612493,4.410720680356692e-05,7.478984382560292e-05,5.21624403684e-08,3.8660037591645676e-08,7.148178628852221e-08,5.469906050006403e-08,9.68556686638963e-06,7.6603376123346e-06,2.357049048624219e-10,1.8641956356679434e-10,6.920372243539765e-08,5.6634401704063436e-08,7.72408049218679e-14,2.9587296398025435e-14,9.928746289045464e-06,7.603522401230173e-06,6.492297123370288e-09,4.971859001720349e-09,2.556673770395083e-07,1.8962913405235547e-07,4.226895169366077e-08,3.135098736406684e-08,7.872196291660014e-08,5.660640053413046e-08,4.3065479645598705e-08,2.1756524611467643e-08,3.967883203718315e-10,2.0045602484297248e-10,1.279329442533162e-13,4.8221124042292305e-14,1.8587295455351052e-09,9.805714948606343e-10,4.867318952419635e-10,2.567750769660037e-10,6.24161811497966e-12,3.2927613487699988e-12,1.224552176790911e-14,4.688864855967631e-15,1.262463218739728e-16,4.8340279250601756e-17,1.0027609321491162e-16,3.839616296312505e-17,-4.693084595333274e-20,0.0,-3.549004083085406e-17,0.0,-2.1012280711725695e-18,0.0,1.141760646278291e-16,9.018199548577119e-17
0.004554687500000001,0.45546875000000003,1943.6259158386115,99997.6425,0.500468932852895,1950246027.1759686,0.20474962723735843,0.27012756142837036,0.0035300680980901197,0.004926324085573447,0.0020239848048872367,0.0016031685608572212,0.0002887433005860913,0.00015592328983996586,0.781507326372208,0.6630373202451612,0.0019480670360727424,0.0014469752682431392,0.0046637577722519466,0.05498262911501108,4.040545548532223e-08,2.0874448799803584e-08,4.160081656796791e-18,2.4749425165457942e-18,-2.5729312729014107e-19,0.0,8.449479979010839e-05,0.0019922759568035612,2.9059634626765324e-05,4.316953352270701e-05,0.0007215607554631845,0.0010083823548765072,6.240585023132551e-07,4.4937866929316997e-07,3.553033514083381e-08,2.4826851202478915e-08,7.97484391168716e-13,1.114485761947731e-12,0.0003010558155836122,0.0004465635103254693,8.713230875328794e-05,0.00013792212185319568,4.483248883226192e-05,7.607251333970646e-05,4.772925263210552e-08,3.5398988322623204e-08,6.625005233571291e-08,5.0730897026847434e-08,8.98373483798421e-06,7.110197059793284e-06,2.2118559425199144e-10,1.7505783399457723e-10,6.703151812425873e-08,5.489487017318622e-08,8.282175744168813e-14,3.174715255537777e-14,9.99692912798526e-06,7.661060206977906e-06,6.781311512911353e-09,5.196799448868005e-09,2.534495085960015e-07,1.88114834598022e-07,4.207357896065592e-08,3.1227775468866986e-08,7.721630131468497e-08,5.556233210128748e-08,4.5353964240020966e-08,2.2928589165138835e-08,4.1789691017552365e-10,2.1126679282293932e-10,1.369050648207672e-13,5.163881832993773e-14,1.8501056098977959e-09,9.767005391832715e-10,4.856161082735175e-10,2.5636456224411316e-10,6.265154244457905e-12,3.307475798079676e-12,1.2061360602635743e-14,4.6215597095808476e-15,1.251997287703893e-16,4.797286485317726e-17,9.949885232198583e-17,3.812504262084135e-17,-4.6839116668815355e-20,0.0,-3.522087929559192e-17,0.0,-2.087346695708825e-18,0.0,1.1327260784905065e-16,8.953060431224127e-17
0.004562500000000001,0.45625000000000004,1946.3071907882613,99997.6425,0.49890201937507656,1978699398.7786405,0.20487280829068594,0.2704778825231031,0.0032938198355518923,0.004599825911401481,0.0020673077130772565,0.001638621782715415,0.00028094834086627183,0.00015181937654424818,0.781636457292934,0.6636076548736001,0.0019287350219816099,0.0014336113680341698,0.004599515264197819,0.054262930005973486,4.185990617734826e-08,2.1640880121450618e-08,4.12928564881737e-18,2.4583281084344716e-18,-2.560131616563663e-19,0.0,8.722130122788248e-05,0.002057992241225427,3.112608777177456e-05,4.6271481321679275e-05,0.0007596984005900523,0.001062417471542649,6.164020537233198e-07,4.4417374652246747e-07,3.820492710076709e-08,2.671427372977393e-08,8.202878303765965e-13,1.147150134854872e-12,0.0002910750658908683,0.0004320588202790479,8.615831509586017e-05,0.00013647514504411097,4.5480181023965307e-05,7.722514985308442e-05,4.355662838745591e-08,3.2326756362348185e-08,6.12489713815914e-08,4.6933914135488255e-08,8.304297388406702e-06,6.577021552193122e-06,2.0708353733834108e-10,1.6401061094946842e-10,6.47654290979411e-08,5.3075930069140225e-08,8.923524202173887e-14,3.4229330283384816e-14,1.0052400349676243e-05,7.708922822446835e-06,7.081606784253571e-09,5.430698963405781e-09,2.5083822832891895e-07,1.8630605732074586e-07,4.18024750969777e-08,3.104811564589056e-08,7.564413097349766e-08,5.446887029693893e-08,4.776967625122022e-08,2.4166626852053315e-08,4.4013993512091407e-10,2.2266631071175373e-10,1.4696542057752867e-13,5.5471971504856636e-14,1.8401801541359115e-09,9.7213573798709e-10,4.84105633182977e-10,2.5574473560118736e-10,6.281901720708477e-12,3.31862135970643e-12,1.1894387801841248e-14,4.560747403360252e-15,1.2427962936851217e-16,4.765339808790114e-17,9.875379072883315e-17,3.7865849183829964e-17,-4.6747734129098936e-20,0.0,-3.4952550473629225e-17,0.0,-2.07350831169012e-18,0.0,1.1237204736841787e-16,8.888051640027425e-17
0.004570312500000001,0.45703125000000006,1948.8860923061313,99997.6425,0.4973447725421148,2005143809.7657504,0.20498791326537133,0.27081777540597685,0.0030678408583168365,0.004287220854457776,0.00211122833917298,0.0016745968896499735,0.00027304514810630085,0.0001476510943691215,0.7817554224342148,0.6641695432379945,0.0019152063811788383,0.0014245441852362931,0.004534970374529207,0.05353861163626581,4.3460853289127706e-08,2.2484145761308886e-08,4.098578848242409e-18,2.441741525670028e-18,-2.547361283077547e-19,0.0,9.003723387547612e-05,0.002125909586680898,3.3395156200311916e-05,4.967911139783302e-05,0.0007999356170147748,0.0011194649505268676,6.105962961533586e-07,4.402957045412894e-07,4.116805234877163e-08,2.880618808916839e-08,8.425299708339046e-13,1.1790733554742567e-12,0.00028091644930675855,0.00041726937955855874,8.50275467021035e-05,0.0001347775291810882,4.6040806391743635e-05,7.823137639723002e-05,3.96370304022599e-08,2.9438146331961343e-08,5.6474586230022836e-08,4.33054451518077e-08,7.648931577833083e-06,6.062177135060407e-06,1.9340280006293957e-10,1.532818041928884e-10,6.241481487513458e-08,5.118509660349721e-08,9.658485170771301e-14,3.707425972703415e-14,1.0093716731251368e-05,7.745982444638545e-06,7.392809812954638e-09,5.6732892899996024e-09,2.478221139356079e-07,1.8419370444407674e-07,4.145322462793369e-08,3.0810095532295664e-08,7.400356430895949e-08,5.332455528912555e-08,5.031530145694575e-08,2.5472131731366403e-08,4.635378304351686e-10,2.3466612218193253e-10,1.5823137724987157e-13,5.976577041956552e-14,1.8287749943082714e-09,9.66781465625033e-10,4.82151197562699e-10,2.5488911587444636e-10,6.291107855718649e-12,3.3257926710975077e-12,1.1741447101873032e-14,4.505230607679497e-15,1.2345663703354394e-16,4.7370704399458006e-17,9.802244057596313e-17,3.7611522301354673e-17,-4.665669846044783e-20,0.0,-3.4685058279499677e-17,0.0,-2.0597129116973906e-18,0.0,1.1147440008069193e-16,8.823175017654354e-17
0.004578125000000001,0.45781250000000007,1951.3609929447384,99997.6425,0.49579695611951546,2029307630.3105493,0.2050947803605423,0.27114700609039016,0.002852076242602161,0.0039884619594123556,0.0021556626015375746,0.0017110281492958665,0.0002650363550327597,0.0001434197465035708,0.7818643070685402,0.6647230450431127,0.0019075746918013271,0.0014198523677838488,0.004470128745651675,0.05280973351242714,4.5214305544885964e-08,2.3407514546430858e-08,4.067961456090803e-18,2.425183014438091e-18,-2.5346199779213077e-19,0.0,9.294162303977367e-05,0.002196009387746331,3.588569711505046e-05,5.3421123940645245e-05,0.0008423586657872784,0.001179651728774512,6.066574538607289e-07,4.3775903150783834e-07,4.4445809536741275e-08,3.1121289651479576e-08,8.640780449686461e-13,1.2100678736304132e-12,0.00027060100186316666,0.00040222590699093204,8.373762120356073e-05,0.00013282497873095666,4.650504371092062e-05,7.907503638652815e-05,3.5963252132332503e-08,2.672819318419528e-08,5.192402995284988e-08,3.98436517149812e-08,7.019208080885218e-06,5.566949183959464e-06,1.8015045479411206e-10,1.4287771722241498e-10,5.999055068728647e-08,4.923115026368139e-08,1.0498916681019053e-13,4.032823858571271e-14,1.0119472678115425e-05,7.771137115181213e-06,7.714429845462265e-09,5.924211073189842e-09,2.4439295342352097e-07,1.8177104280272808e-07,4.10239906125911e-08,3.051222815191993e-08,7.229343251238341e-08,5.212844189012238e-08,5.299299722180711e-08,2.6846334074918875e-08,4.881059940340679e-10,2.47275248934525e-10,1.7083320659679502e-13,6.457040354939856e-14,1.8157157191247842e-09,9.605438335832345e-10,4.797043667892315e-10,2.5377159354243597e-10,6.292027624402279e-12,3.328587328785263e-12,1.159950351108636e-14,4.45385521162676e-15,1.2270168283221836e-16,4.711370008512261e-17,9.728682566592867e-17,3.735517085715674e-17,-4.656600945520683e-20,0.0,-3.441840621612123e-17,0.0,-2.0459604697795782e-18,0.0,1.1057968144245368e-16,8.758432324220178e-17
0.004585937500000001,0.4585937500000001,1953.7303743666928,99997.6425,0.49425828904909963,2050923429.8063493,0.2051932367468596,0.27146532636376197,0.0026464513386619494,0.003703474462181009,0.002200516709125816,0.0017478419395168835,0.00025692625107309774,0.00013912753753910363,0.7819632140547731,0.6652682375028093,0.0019059485549485784,0.0014196259530010029,0.004404998008608321,0.052076378994322936,4.712655146780693e-08,2.4414409029694743e-08,4.037433631631426e-18,2.4086528042970243e-18,-2.5219073928636616e-19,0.0,9.593301022370577e-05,0.0022682615468669898,3.861813860357403e-05,5.752863756566892e-05,0.0008870528965314344,0.0012431038084505198,6.046059167200918e-07,4.3658125797366545e-07,4.806654608182361e-08,3.367990044732351e-08,8.84800640494687e-13,1.2399475276155956e-12,0.0002601521771799949,0.00038696280497584295,8.228751221082567e-05,0.00013061534033180207,4.6863894524352955e-05,7.97404787140026e-05,3.2528280031375134e-08,2.4192060620872164e-08,4.759526943965159e-08,3.654732971632798e-08,6.416561237092501e-06,5.092518337384041e-06,1.6733605164756495e-10,1.3280663583393196e-10,5.750491656319747e-08,4.722405002007897e-08,1.1458358207487795e-13,4.40441545252083e-14,1.01283228220153e-05,7.783328187286632e-06,8.04585276600387e-09,6.183009144245999e-09,2.4054603578788727e-07,1.7903392844523198e-07,4.051357535169336e-08,3.015349858840128e-08,7.051333675730403e-08,5.088013829079441e-08,5.5804325732846383e-08,2.829016562640277e-08,5.138542083784396e-10,2.604998890667298e-10,1.849152499448062e-13,6.994151815159844e-14,1.8008340690791743e-09,9.533319568777099e-10,4.767182343355264e-10,2.52366797708775e-10,6.2839351530326194e-12,3.3266119845213994e-12,1.1465642282626296e-14,4.405510089475695e-15,1.2198611133890704e-16,4.687142953114722e-17,9.652954843673322e-17,3.709010704223291e-17,-4.647566656406595e-20,0.0,-3.4152597386222535e-17,0.0,-2.0322509420943328e-18,0.0,1.0968790551363426e-16,8.693825241083924e-17
0.004593750000000001,0.45937500000000003,1955.9928413505613,99997.6425,0.49272844346325734,2069732129.0300539,0.20528309829507813,0.271772473448803,0.0024508710954212333,0.003432154745592635,0.0022456870596943767,0.0017849566418459597,0.00024872086208183877,0.00013477761973438012,0.7820522641677986,0.6658052158449971,0.0019104525618231008,0.0014239671280670933,0.004339587904415295,0.05133865681144704,4.920414558001769e-08,2.5508398871976165e-08,4.00699549375033e-18,2.392151109208868e-18,-2.509223206095084e-19,0.0,9.900941851427169e-05,0.0023426236178017905,4.161456078393824e-05,6.203531853073568e-05,0.0009341021000842186,0.0013099453465080233,6.044664385322898e-07,4.3678311082986574e-07,5.206096024569761e-08,3.6504046293463077e-08,9.045707532331666e-13,1.2685318325247424e-12,0.0002495957072725203,0.0003715179645876497,8.067766522611174e-05,0.0001281487943345571,4.710886234966665e-05,8.021286479698051e-05,2.932516903519654e-08,2.182494889475304e-08,4.348685433902115e-08,3.3415718567240874e-08,5.84226075223229e-06,4.639937642520901e-06,1.5497106285460792e-10,1.230783935424007e-10,5.4971443653175496e-08,4.517481101248364e-08,1.2552232579801652e-13,4.828228438484902e-14,1.0119005864158635e-05,7.78155882178454e-06,8.386337085285186e-09,6.449129114511673e-09,2.3628040502190118e-07,1.7598100481234177e-07,3.992147447506239e-08,2.9733405912608523e-08,6.866369280416942e-08,4.957984017859589e-08,5.8750191050423955e-08,2.9804226661264235e-08,5.40786100979426e-10,2.7434313388051243e-10,2.006371368889074e-13,7.59407001849191e-14,1.7839705399982056e-09,9.450593445241552e-10,4.731481776816608e-10,2.506504993423707e-10,6.266136301104635e-12,3.3194890457254508e-12,1.1337070769687323e-14,4.359127973901578e-15,1.2128180667638e-16,4.663311422752213e-17,9.573389182501217e-17,3.6809886290970714e-17,-4.6385668890656225e-20,0.0,-3.388763450567641e-17,0.0,-2.0185842673339856e-18,0.0,1.0879908500588545e-16,8.62935537530375e-17
0.004601562500000001,0.46015625000000004,1958.1471354884384,99997.6425,0.4912070428774677,2085487385.1417456,0.20536416930311946,0.2720681696675865,0.002265219559188034,0.0031743695354327505,0.002291060277235079,0.0018222826454145364,0.00024042800950067566,0.00013037412830247156,0.7821315962409905,0.6663340936745871,0.0019212282802915882,0.0014329910082847709,0.004273910397388195,0.05059670249030437,5.145388961239642e-08,2.66931916136469e-08,3.976647122556534e-18,2.375678128750057e-18,-2.4965670824046675e-19,0.0,0.00010216831995989207,0.0024190399930255507,4.489876925606919e-05,6.697749901665506e-05,0.000983587799856944,0.001380297654829663,6.062683423194855e-07,4.3838867299354296e-07,5.646219192120856e-08,3.9617526318810356e-08,9.232691809550254e-13,1.2956507649180639e-12,0.00023895942061962093,0.00035593250614344686,7.891009609857356e-05,0.00012542801934933384,4.723214044585017e-05,8.047849146500687e-05,2.6346932531713225e-08,1.962201301980181e-08,3.959767370285883e-08,3.04483155939265e-08,5.2973859350875025e-06,4.2101116233405226e-06,1.4306830445427576e-10,1.1370391715751359e-10,5.2404719264237247e-08,4.3095347756645576e-08,1.3798067743982715e-13,5.311117307368745e-14,1.0090369216020979e-05,7.764913172491185e-06,8.73501197711392e-09,6.721915532611876e-09,2.31599069206003e-07,1.7261386820672737e-07,3.9247922697517825e-08,2.9251999065122172e-08,6.67457672704223e-08,4.822835896418222e-08,6.183078214429938e-08,3.138875595886341e-08,5.688986620542987e-10,2.888047126247238e-10,2.1817504970082858e-13,8.263597352211622e-14,1.764977175104097e-09,9.356453956130654e-10,4.689526694549725e-10,2.486000454425833e-10,6.237982155042001e-12,3.306863886745323e-12,1.1211123013759063e-14,4.3136873836954266e-15,1.205613477786745e-16,4.638821322680399e-17,9.488393462408085e-17,3.6508352571009926e-17,-4.6296015186213976e-20,0.0,-3.362351991904704e-17,0.0,-2.0049603674691613e-18,0.0,1.0791323133862963e-16,8.565024264834451e-17
0.004609375000000001,0.46093750000000006,1960.192148358257,99997.6425,0.4896936605913488,2097960140.1491232,0.20543624222423293,0.272352122112569,0.002089359565122183,0.002929955364246432,0.0023365134082976185,0.0018597224775590414,0.00023205734529612953,0.0001259222036829918,0.7822013671053423,0.666855003181872,0.0019384352508754002,0.0014468264258154034,0.004207979778265111,0.04985067966645093,5.388280815550532e-08,2.797262052890239e-08,3.946388561169966e-18,2.3592340494732323e-18,-2.48393867336886e-19,0.0,0.00010540660568070034,0.0024974411529529216,4.849635767523656e-05,7.239427967340249e-05,0.0010355884836140482,0.0014542781129534283,6.100457280463626e-07,4.4142554557300084e-07,6.130589842804967e-08,4.304597226096905e-08,9.40788202817872e-13,1.3211499682848178e-12,0.00022827301768625359,0.00034025045522080203,7.69884676165459e-05,0.0001224583226542495,4.722680366062657e-05,8.052512212276771e-05,2.3586448130022718e-08,1.7578292420684423e-08,3.592672330302082e-08,2.7644697872687103e-08,4.782803304400762e-06,3.8037779447648423e-06,1.316413417118175e-10,1.0469475752053754e-10,4.9820153817912766e-08,4.099828535051968e-08,1.5215738681080518e-13,5.860859372789415e-14,1.004139391136158e-05,7.732575858346473e-06,9.09087766679399e-09,7.0006118471155985e-09,2.265091566835455e-07,1.689371944304471e-07,3.8493929575434375e-08,2.8709905419684526e-08,6.476170386149989e-08,4.6827142855038373e-08,6.504552417301906e-08,3.304360484932655e-08,5.981818381508501e-10,3.038807748758136e-10,2.3772302053622347e-13,9.010231366383427e-14,1.7437204973254548e-09,9.250169758601893e-10,4.640941298097832e-10,2.461948168468347e-10,6.19888319054446e-12,3.2884124442093822e-12,1.1085266901092986e-14,4.268215547531279e-15,1.1979819136173192e-16,4.612649451731793e-17,9.396467854220339e-17,3.6179688360328737e-17,-4.620670384617816e-20,0.0,-3.336025561703453e-17,0.0,-1.9913791483806436e-18,0.0,1.0703035470188012e-16,8.500833384413082e-17
0.004617187500000001,0.46171875000000007,1962.1269339429837,99997.6425,0.4881878183282823,2106943248.170822,0.20549909740088193,0.27262402233126454,0.0019231326376269555,0.00269871832689446,0.0023819142954763155,0.001897171076267052,0.00022362035919159298,0.00012142799884448226,0.7822617513122542,0.6673680951859918,0.0019622519802999436,0.0014656167201101966,0.004141812754841288,0.04910078125350287,5.649811819199e-08,2.9350629259629813e-08,3.916219817725463e-18,2.3428190464432856e-18,-2.471337617570188e-19,0.0,0.0001087205595049347,0.0025777429961170704,5.243475577459191e-05,7.832761087736517e-05,0.0010901787783140833,0.001531998996744753,6.158376774507185e-07,4.459250086862772e-07,6.663031117611428e-08,4.6816894579647106e-08,9.57035467941123e-13,1.3448962738041268e-12,0.00021756780519259356,0.0003245183557499764,7.491814000404292e-05,0.00011924772956180903,4.708699911464443e-05,8.034231727283092e-05,2.10363804200302e-08,1.568865296682138e-08,3.247288709683511e-08,2.5004354222583464e-08,4.2991483217597414e-06,3.421492287392914e-06,1.2070388676673505e-10,9.606261210864346e-11,4.7233714752090314e-08,3.889674266493818e-08,1.6827729331859307e-13,6.486258894490207e-14,9.971219189950683e-06,7.683851261254462e-06,9.452808435967074e-09,7.284362387330256e-09,2.2102201191054718e-07,1.6495882086732574e-07,3.766130370425432e-08,2.8108350827493186e-08,6.27145379419741e-08,4.5378289568349784e-08,6.839304028081259e-08,3.476821651200545e-08,6.286182202659552e-10,3.19563720165981e-10,2.5949424468619797e-13,9.842216968037981e-14,1.720084520834126e-09,9.131100425885156e-10,4.5853980233137194e-10,2.434167003795187e-10,6.148323797836451e-12,3.263849035841543e-12,1.0957113684911466e-14,4.221792250458588e-15,1.1896688035986425e-16,4.583811649742567e-17,9.296218472633356e-17,3.5818468471654436e-17,-4.6117732907206586e-20,0.0,-3.3097843255965755e-17,0.0,-1.977840500742825e-18,0.0,1.0615046412618565e-16,8.436784152171202e-17
0.004625000000000001,0.4625000000000001,1963.95072006169,99997.6425,0.48668898514319675,2112256083.817788,0.2055525028109713,0.2728835460338726,0.001766359112724397,0.0024804341476159157,0.0024271221439999225,0.0019345162178418939,0.00021513035504076494,0.0001168986698315989,0.7823129406304885,0.6678735390059402,0.001992876918755108,0.001489520519749331,0.004075428527771271,0.04834723044056137,5.9307191990376546e-08,3.083125294466641e-08,3.8861408675393576e-18,2.3264332849178954e-18,-2.458763540818284e-19,0.0,0.00011210583595872515,0.0026598462703465906,5.6743258710239506e-05,8.482234643887994e-05,0.001147428571830152,0.0016135662280491174,6.236884499064835e-07,4.5192217653821595e-07,7.247626865622467e-08,5.09597121379725e-08,9.719379954075896e-13,1.3667834004220615e-12,0.00020687639157370197,0.0003087848235352998,7.270619145065925e-05,0.0001158070253775081,4.680812983658389e-05,7.992175433788414e-05,1.8689121690305893e-08,1.394774217413517e-08,2.9234736640999077e-08,2.2526530335928998e-08,3.846811895768655e-06,3.0636169626496193e-06,1.1026919893313683e-10,8.78188477791012e-11,4.466163415840202e-08,3.680409298497739e-08,1.865941379846555e-13,7.197259068384919e-14,9.879166092220708e-06,7.618182138767701e-06,9.819558451831994e-09,7.572216532247432e-09,2.1515322448764744e-07,1.6068977894481346e-07,3.675266397519582e-08,2.7449170068777164e-08,6.06081979717145e-08,4.388454957445501e-08,7.187112611522825e-08,3.6561611672700125e-08,6.601828439735684e-10,3.358420840052219e-10,2.8372238889004066e-13,1.0768598647247388e-13,1.6939737682706188e-09,8.998712792724773e-10,4.5226263210156224e-10,2.4025056405203686e-10,6.085876804031702e-12,3.2329342093234888e-12,1.0824429619991315e-14,4.1735545097425025e-15,1.180432747214672e-16,4.551371839941326e-17,9.186371706247787e-17,3.541971670449287e-17,-4.6029100046034794e-20,0.0,-3.283628417899886e-17,0.0,-1.9643443007954593e-18,0.0,1.0527356755870272e-16,8.372877936902442e-17
0.004632812500000001,0.46328125000000003,1965.6629185748195,99997.6425,0.4851965766274997,2113749023.289911,0.20559621383546658,0.2731303528361779,0.0016188384918195927,0.0022748485733081786,0.0024719882940016638,0.0019716391105489136,0.0002066023936895807,0.00011234234803426521,0.782355143311801,0.6683715221543485,0.002030529404984112,0.0015187125038337486,0.004008848849182398,0.04759028148916005,6.231751291889122e-08,3.241859559988568e-08,3.856151655466767e-18,2.3100769221891826e-18,-2.4462160563915183e-19,0.0,0.00011555744345232042,0.002743636125460417,6.14530332132186e-05,9.192626288527548e-05,0.0012074020867323947,0.0016990780523117295,6.33647662511144e-07,4.594561418096852e-07,7.888722088365771e-08,5.5505761951278464e-08,9.854461676734814e-13,1.3867376689401197e-12,0.0001962323472510966,0.0002931000453395536,7.03614053668545e-05,0.00011214974444890771,4.638702499947564e-05,7.925752587467828e-05,1.6536751260080985e-08,1.2349958128709005e-08,2.6210352364723213e-08,2.021009012896725e-08,3.425932161859323e-06,2.7303136886519062e-06,1.0034949972955095e-10,7.997403328975028e-11,4.212009855732326e-08,3.473370892735048e-08,2.0739355392295643e-13,8.005061370527942e-14,9.764759359610204e-06,7.535167003671927e-06,1.0189770554566827e-08,7.863135181328703e-09,2.0892258613388018e-07,1.5614427281901228e-07,3.5771436756113857e-08,2.673480681689161e-08,5.844749254343622e-08,4.234931890966315e-08,7.54767390978848e-08,3.8422381765935787e-08,6.928431172663573e-10,3.5270048857019354e-10,3.1066286926175737e-13,1.1799271770786344e-13,1.6653162085987447e-09,8.852596944362153e-10,4.452421212197749e-10,2.366847221842667e-10,6.0112175730170555e-12,3.195482398118477e-12,1.0685149396367724e-14,4.122701963032763e-15,1.1700480050485486e-16,4.514451813744404e-17,9.065788911127595e-17,3.4978964124780247e-17,-4.5940802578676943e-20,0.0,-3.257557943913288e-17,0.0,-1.9508904113755296e-18,0.0,1.0439967194553108e-16,8.309116065995388e-17
0.004640625000000001,0.46406250000000004,1967.2631341283509,99997.6425,0.4837099544393075,2111307681.525322,0.20562997305900657,0.27336408605313234,0.0014803500321135445,0.0020816781019726443,0.0025163572066207738,0.0020084151615242653,0.00019805320034911488,0.00010776809301563595,0.7823885831245653,0.6688622498525323,0.0020754505612747332,0.0015533841294916146,0.003942098061770424,0.0468302203009516,6.55366238627042e-08,3.4116803568355243e-08,3.826252098386308e-18,2.2937501095453705e-18,-2.4336947652695555e-19,0.0,0.00011906973349952819,0.00282898180795343,6.659709574261726e-05,9.96900369751772e-05,0.0012701569128459687,0.0017886236533461279,6.457704469214606e-07,4.685701039035084e-07,8.590920017633379e-08,6.04882853139548e-08,9.975375813651163e-13,1.4047235385536226e-12,0.00018566983450794632,0.0002775152304444845,6.789422182329721e-05,0.00010829210199773698,4.582209017540363e-05,7.834640481400397e-05,1.4571013695570873e-08,1.0889432400940253e-08,2.3397170493285584e-08,1.8053396319213022e-08,3.0363918738257605e-06,2.4215408150727834e-06,9.09554159422011e-11,7.253749226329295e-11,3.962493054305495e-08,3.269869959468241e-08,2.3099621273060185e-13,8.92225142179083e-14,9.627746912420704e-06,7.434575701835305e-06,1.0561988046607354e-08,8.15599957172521e-09,2.0235397191863472e-07,1.5133960126977207e-07,3.472183817223145e-08,2.5968302448009158e-08,5.6238082036177767e-08,4.0776620793980044e-08,7.920600420093045e-08,4.0348690491654815e-08,7.265588891623738e-10,3.7011966502444496e-10,3.4059406879325956e-13,1.2945031799896938e-13,1.6340660208341883e-09,8.692481342928722e-10,4.3746513427213874e-10,2.327113757558659e-10,5.924137219892257e-12,3.1513691368831422e-12,1.0537390992473053e-14,4.06850282553185e-15,1.158307122086547e-16,4.4722415656864347e-17,8.933481110073052e-17,3.4492307596946714e-17,-4.585283746166303e-20,0.0,-3.2315729823611767e-17,0.0,-1.937478682789111e-18,0.0,1.0352878331905747e-16,8.245499833920145e-17
0.004648437500000001,0.46484375000000006,1968.751171209542,99997.6425,0.4822284261862713,2104856783.2611854,0.20565351011776575,0.2735843725617388,0.0013506535743831416,0.0019006110489206414,0.002560067666607253,0.0020447149198808035,0.00018950103534924918,0.00010318582519132999,0.7824134981595143,0.6693459443684551,0.002127904118436708,0.0015937443105102625,0.0038752031161332994,0.04606736472816221,6.897206810395064e-08,3.593003495064635e-08,3.796442087846197e-18,2.2774529943663655e-18,-2.4211992563847865e-19,0.0,0.00012263639677595833,0.0029157365175030256,7.221025768127014e-05,0.00010816717383352092,0.001335743006969333,0.0018822817168380667,6.601175748902115e-07,4.79311475150203e-07,9.359075302674848e-08,6.59423865100572e-08,1.0082206051968317e-12,1.4207487531656433e-12,0.00017522321288380486,0.0002620820233216282,6.531665159510805e-05,0.00010425286594147584,4.5113431069594164e-05,7.718806537466562e-05,1.2783315737226023e-08,9.560026888084354e-09,2.0791859053458817e-08,1.6054212974166105e-08,2.6778215534023963e-06,2.1370551352862317e-06,8.209546475370615e-11,6.551688790192278e-11,3.7191272964614355e-08,3.071164874315464e-08,2.5776109486886894e-13,9.962930174051529e-14,9.468116179534742e-06,7.316362618579757e-06,1.093466942362741e-08,8.449622406459096e-09,1.954751438907574e-07,1.462960211421865e-07,3.3608841029582704e-08,2.5153273300957514e-08,5.3986434241913024e-08,3.917107553409563e-08,8.305423758886011e-08,4.233828450016297e-08,7.612826686340377e-10,3.880765526886771e-10,3.738184599405395e-13,1.4217620113562529e-13,1.600206081906002e-09,8.518246545187089e-10,4.2892662424345725e-10,2.283270121526268e-10,5.824554448367156e-12,3.100537572508243e-12,1.037947149706931e-14,4.0103002446207635e-15,1.1450236224292269e-16,4.424009945420652e-17,8.78862329902915e-17,3.395646702814101e-17,-4.576520129349705e-20,0.0,-3.205673587982233e-17,0.0,-1.9241089539562665e-18,0.0,1.0266090689041913e-16,8.182030511254146e-17
0.004656250000000001,0.46562500000000007,1970.1270393009313,99997.6425,0.480751245687212,2094363543.5337045,0.20566654161149647,0.27379082275497213,0.00122949060402271,0.0017313089465427157,0.0026029541976468197,0.002080405193791781,0.00018096552814820057,9.860623819693483e-05,0.7824301394170129,0.6698228441825436,0.00218817714898871,0.0016400200306414662,0.003808193564234742,0.04530206460024674,7.263132275355246e-08,3.786242504472094e-08,3.766721492804025e-18,2.261185722302157e-18,-2.4087291068636825e-19,0.0,0.00012625046676257166,0.003003737443812755,7.832903264007664e-05,0.00011741387809470966,0.001404201669917716,0.001980118956739986,6.767555440175556e-07,4.917319587283747e-07,1.0198282785792798e-07,7.190496031644343e-08,1.0175374857389118e-12,1.4348688709530086e-12,0.0001649266270401488,0.0002468518876459523,6.264215236794675e-05,0.00010005316771204,4.4262944551123044e-05,7.578524884846173e-05,1.1164741282410628e-08,8.355344161530812e-09,1.8390225796349563e-08,1.4209632330083387e-08,2.349608340825716e-06,1.8764182622701037e-06,7.377559505388638e-11,5.891785088756831e-11,3.4833286751190974e-08,2.8784363153182155e-08,2.880888418141636e-13,1.1142848814788298e-13,9.286106585506941e-06,7.180676964885576e-06,1.1306205873335103e-08,8.742761169855701e-09,1.8831747728051337e-07,1.4103655218906708e-07,3.2438126336655815e-08,2.4293876299014736e-08,5.169976372401916e-08,3.753785848106179e-08,8.701598898164161e-08,4.438851368586295e-08,7.969599991380938e-10,4.0654447812217715e-10,4.106635936989283e-13,1.5629764956153135e-13,1.5637500735146451e-09,8.329936944527255e-10,4.1963024842933493e-10,2.2353274788830447e-10,5.712525509718513e-12,3.0430040001857737e-12,1.0209923376445632e-14,3.947518851275796e-15,1.1300347043711261e-16,4.36911535339439e-17,8.630567925865987e-17,3.3368839636123436e-17,-4.56778903181323e-20,0.0,-3.1798597942232995e-17,0.0,-1.9107810533905304e-18,0.0,1.0179604714567153e-16,8.1187093540966e-17
0.004664062500000001,0.4664062500000001,1971.3909559395272,99997.6425,0.47927761363757887,2079840434.3436618,0.20566877109923604,0.27398303061134316,0.0011165855362695108,0.0015734082664034007,0.0026448486793432704,0.002115350333486645,0.00017246747561050323,9.404069140079663e-05,0.782438769190629,0.6702932029893812,0.0022565806851357322,0.0016924568738193085,0.0037411015270922775,0.04453470144239327,7.652172510616643e-08,3.99180479722848e-08,3.7370901624904515e-18,2.244948439536929e-18,-2.3962838822910693e-19,0.0,0.00012990433163233717,0.0030928060002778325,8.499150117744182e-05,0.00012748886076309837,0.00147556451290237,0.0020821886213842995,6.957566149578813e-07,5.058875918251422e-07,1.1113861367275684e-07,7.8414584642817e-08,1.0255668393689595e-12,1.4471909460622792e-12,0.00015481358494959683,0.00023187547329232863,5.9885467937944916e-05,9.571625311362654e-05,4.3274371486216984e-05,7.414386457576398e-05,9.706083269689268e-09,7.268750519234756e-09,1.618716005918864e-08,1.2516027562007495e-08,2.0509102817962445e-06,1.6390073786278661e-06,6.599879846419637e-11,5.274366149681147e-11,3.256387336807437e-08,2.6927640342298262e-08,3.22425136856371e-13,1.2479545357418064e-13,9.082217562373443e-06,7.0278696396814505e-06,1.1674941249375933e-08,9.0341334137906e-09,1.809156116371278e-07,1.355867248092309e-07,3.121601982481966e-08,2.3394763178960085e-08,4.93859551175588e-08,3.5882646139094196e-08,9.108510299005388e-08,4.649636126363393e-08,8.335299890702864e-10,4.2549341465988014e-10,4.5148291321437095e-13,1.7195215893062518e-13,1.5247441038560885e-09,8.127769972450031e-10,4.095888442541593e-10,2.183345979801e-10,5.5882517945403616e-12,2.9788621591838e-12,1.002751059181551e-14,3.8796712788384275e-15,1.11320385537461e-16,4.30701616881278e-17,8.458857077125446e-17,3.2727549428577604e-17,-4.559090042895169e-20,0.0,-3.154131616044415e-17,0.0,-1.8974948004039286e-18,0.0,1.0093420794565595e-16,8.055537613816431e-17
0.004671875000000001,0.46718750000000003,1972.5433475148088,99997.6425,0.47780667870227095,2061347219.3832266,0.20565988920029663,0.27416057390704596,0.0010116472115640621,0.0014265224453416003,0.002685582146916182,0.002149413665731301,0.00016402860679816112,8.950108369462052e-05,0.7824396592669176,0.670757288546258,0.002333450196788673,0.0017513194524487316,0.0036739616350497254,0.04376568786451644,8.065039261905611e-08,4.2100874841404023e-08,3.707547929338964e-18,2.228741295084688e-18,-2.383863136979053e-19,0.0,0.0001335897549183777,0.00318274826817882,9.2237128729975e-05,0.00013845307519751827,0.00154985242711225,0.0021885289988431565,7.171987912498948e-07,5.218387474762085e-07,1.211133250455886e-07,8.551137494505164e-08,1.0324253740993086e-12,1.4578761376448035e-12,0.00014491653498388763,0.00021720197910176376,5.706243260289484e-05,9.126717645327313e-05,4.215330690234842e-05,7.227301813297279e-05,8.397890821001615e-09,6.293410571833262e-09,1.4176609588620867e-08,1.0969032421759955e-08,1.7806755850799095e-06,1.4240300090297831e-06,5.87648022626806e-11,4.6994995943072434e-11,3.039443217014264e-08,2.5151064213810596e-08,3.6126405037454195e-13,1.399248044709322e-13,8.857211546715234e-06,6.858496233997074e-06,1.2039194109596243e-08,9.322433705633641e-09,1.7330703152718853e-07,1.29974273883512e-07,2.9949414329471026e-08,2.2461023920421625e-08,4.7053471069432865e-08,3.4211550877771354e-08,9.525479898506887e-08,4.865848345018364e-08,8.709259930028879e-10,4.448903201560321e-10,4.966563476651493e-13,1.892877006183526e-13,1.4832677461428035e-09,7.912142224104334e-10,3.98824736731755e-10,2.1274365654606553e-10,5.452084606272325e-12,2.9082860417382376e-12,9.83124390610172e-15,3.806364393007602e-15,1.0944232982877753e-16,4.237280565173504e-17,8.273232887695743e-17,3.2031489992064814e-17,-4.5504227174778685e-20,0.0,-3.1284890527933945e-17,0.0,-1.884250006170943e-18,0.0,1.000753926282305e-16,7.992516546957323e-17
0.004679687500000001,0.46796875000000004,1973.5848476721917,99997.6425,0.4763375390574846,2038992148.2684917,0.20563957382385,0.2743230145992459,0.0009143705821844383,0.001290244190356882,0.002724986746501919,0.002182459058730861,0.0001556713177972951,8.499971039885503e-05,0.7824330889665246,0.6712153813822171,0.002419145903972822,0.0018168917141515861,0.003606810939328509,0.04299546660320586,8.502413758159151e-08,4.441472898805199e-08,3.678094612008229e-18,2.212564443107629e-18,-2.371466414276671e-19,0.0,0.0001372979053524065,0.0032733556615909165,0.00010010653331383178,0.00015036937673882777,0.0016270745721630995,0.002299161943690362,7.411657330975281e-07,5.396500886078259e-07,1.3196392959395116e-07,9.323679751779473e-08,1.0382686988666731e-12,1.4671410398759973e-12,0.00013526645097545825,0.00020287852502409332,5.418974433728707e-05,8.673244343018143e-05,4.0907164346025754e-05,7.018496100171308e-05,7.2305295424310105e-09,5.422331842570789e-09,1.2351592211733037e-08,9.563547785036626e-09,1.5376662009157761e-06,1.2305423140155222e-06,5.2069854345101503e-11,4.1669745370036906e-11,2.833466161102843e-08,2.3462836197298412e-08,4.0515127481903377e-13,1.5703169488854192e-13,8.612111546177338e-06,6.673315836342372e-06,1.239728129734458e-08,9.606351841306852e-09,1.6553158367422745e-07,1.2422878362220902e-07,2.8645679354225745e-08,2.149812031769591e-08,4.471124602540678e-08,3.253104507308094e-08,9.951776831557104e-08,5.087125818905341e-08,9.090764328048802e-10,4.64699547724533e-10,5.46590641356343e-13,2.0846288467574798e-13,1.4394344073891347e-09,7.683632031208641e-10,3.8736985272381196e-10,2.0677617493609193e-10,5.30452672963755e-12,2.831531001414156e-12,9.620394664760103e-15,3.727304954422223e-15,1.0736161739731401e-16,4.1595953428566583e-17,8.073645679684022e-17,3.128035864512658e-17,-4.541786576669915e-20,0.0,-3.102932091155007e-17,0.0,-1.871046474980039e-18,0.0,9.921960411277177e-17,7.929647425204226e-17
0.004687500000000001,0.46875000000000006,1974.5162932277701,99997.6425,0.4748692444008886,2012932216.0160415,0.20560749055137367,0.2744698994097859,0.0008244385668028307,0.001164148030574581,0.0027628978108539468,0.002214352589782116,0.0001474183813666285,8.054910582118353e-05,0.7824193430561999,0.6716677733834691,0.002514052897597581,0.0018894771069782805,0.0035396887939574267,0.04222450920382492,8.964937792815511e-08,4.686323904372004e-08,3.648730018450428e-18,2.1964180452004624e-18,-2.3590932469148014e-19,0.0,0.00014101939608432795,0.0033644058189778556,0.00010864120060431507,0.0001633021020461807,0.0017072274007355647,0.0024140914497592586,7.677465968503174e-07,5.593904680757572e-07,1.4374881502739322e-07,1.016334394355255e-07,1.043291100588986e-12,1.475257557637987e-12,0.00012589243456583528,0.0001889495476758788,5.128471169866144e-05,8.213961047147377e-05,3.954509290004454e-05,6.789495871271552e-05,6.19425248880402e-09,4.648417555773164e-09,1.070424102770831e-08,8.293774208091736e-09,1.3204849136975068e-06,1.0574702757605813e-06,4.590660759907702e-11,3.676291375499146e-11,2.639241142149083e-08,2.1869647948953077e-08,4.546871651871426e-13,1.7635307824728625e-13,8.348193011164243e-06,6.473285414456243e-06,1.274754244835827e-08,9.884591850088446e-09,1.5763093957790793e-07,1.1838128998711178e-07,2.7312559580636896e-08,2.0511810972284488e-08,4.2368567581431226e-08,3.084787587929371e-08,1.0386628691561632e-07,5.313084195886458e-08,9.479057419544894e-10,4.848833212705533e-10,6.017193740086396e-13,2.2964700602362416e-13,1.3933909580578825e-09,7.44299809471041e-10,3.752656221898329e-10,2.0045352632848184e-10,5.1462304974809546e-12,2.748932994446789e-12,9.394506298360477e-15,3.642304419403519e-15,1.0507383620898605e-16,4.073773393014402e-17,7.860259343293985e-17,3.047468002521205e-17,-4.533181108718607e-20,0.0,-3.0774607081389625e-17,0.0,-1.8578840053668534e-18,0.0,9.836684500576451e-17,7.866931545214329e-17
0.004695312500000001,0.46953125000000007,1975.3387175448913,99997.6425,0.47340079844629196,1983372412.8198214,0.20556329319617916,0.27460076063798133,0.000741524045599276,0.0010477930787308586,0.0027991560126591655,0.002244964281764415,0.0001392926373787465,7.616187466857247e-05,0.7823987095654894,0.672114766273053,0.002618581042826823,0.001969398583191125,0.0034726367076488274,0.04145331433548243,9.453204603176966e-08,4.944979078097488e-08,3.619453949048857e-18,2.180302272622041e-18,-2.3467431574251368e-19,0.0,0.0001447443332912062,0.003455663722602664,0.00011788314532948537,0.00017731656618378384,0.001790293738144883,0.0025333022956032835,7.970357926402026e-07,5.811327689791257e-07,1.5652739411145787e-07,1.107447337771077e-07,1.0477242005451699e-12,1.4825511958448224e-12,0.00011682134409961219,0.00017545623334652079,4.836498065162196e-05,7.751685023098105e-05,3.8077847129850854e-05,6.542107754260951e-05,5.279278985856893e-09,3.964525544467544e-09,9.225880572306557e-09,7.153268642395191e-09,1.1276050220409892e-06,9.036330464273859e-07,4.0264107755980516e-11,3.226659835849385e-11,2.4573590588597773e-08,2.037659981966448e-08,5.105294932991334e-13,1.981488537998703e-13,8.066969922396477e-06,6.259549683261095e-06,1.308836473103009e-08,1.0155891257145875e-08,1.4964801462114066e-07,1.1246384876909612e-07,2.5958064486838265e-08,1.9508069292980852e-08,4.003494760714494e-08,2.9168972197898557e-08,1.0829234058345148e-07,5.5433233310061707e-08,9.87335410829397e-10,5.054022647300252e-10,6.625026315379155e-13,2.5301995786374975e-13,1.3453165756139812e-09,7.191173907559157e-10,3.625626531895033e-10,1.9380204917804332e-10,4.977992173789209e-12,2.6609058478186955e-12,9.153402782249174e-15,3.55128257806668e-15,1.0257798419614477e-16,3.9797594057087535e-17,7.633453497857251e-17,2.9615817267424456e-17,-4.524605770051619e-20,0.0,-3.052074874110653e-17,0.0,-1.8447623914062107e-18,0.0,9.75171177073408e-17,7.804370238185439e-17
0.004703125000000001,0.4703125000000001,1976.0533413727296,99997.6425,0.4719311619150095,1950563913.602221,0.20550662456316182,0.2747151172292812,0.0006652919651785479,0.0009407259596153977,0.002833609546076394,0.0022741698690613883,0.0001313166710610974,7.185051609811264e-05,0.7823714775451582,0.672556670004078,0.0027331646402994477,0.002056998422379046,0.003405698165722841,0.040682405737972126,9.967749767248046e-08,5.217747888011819e-08,3.5902661997924816e-18,2.1642173084195404e-18,-2.334415658639879e-19,0.0,0.00014846237396165998,0.0035468830415562582,0.0001278745194973735,0.00019247847787153956,0.0018762419366680717,0.002656758791007715,8.291326536463935e-07,6.049536802349453e-07,1.7035964740379838e-07,1.2061463983604763e-07,1.0518344404763157e-12,1.4893976847051501e-12,0.00010807745895432074,0.00016243600200723795,4.544824854238192e-05,7.289249470010883e-05,3.6517612146345355e-05,6.278389314167936e-05,4.47587829672146e-09,3.3635310407218544e-09,7.907130254060316e-09,6.1350225500362576e-09,9.57401602300104e-07,7.677676638788081e-07,3.5127885019843507e-11,2.8170053354720295e-11,2.2882133385467527e-08,1.8987167178180862e-08,5.733958195099368e-13,2.2270286999624997e-13,7.770175197251609e-06,6.033426517796399e-06,1.3418207080754475e-08,1.0419040030261228e-08,1.4162635636447663e-07,1.0650907871937444e-07,2.4590351581238657e-08,1.8492996356998527e-08,3.771998579679077e-08,2.7501345744809875e-08,1.1278775951378977e-07,5.7774341408519125e-08,1.0272851058141125e-09,5.262159713345031e-10,7.294262923962553e-13,2.787719984092396e-13,1.2954207821257483e-09,6.929257841574918e-10,3.4932017528774263e-10,1.868527660843063e-10,4.800742604794224e-12,2.5679365190564032e-12,8.897193307738674e-15,3.4542697348612252e-15,9.987655000542083e-17,3.8776334510569924e-17,7.393822018704598e-17,2.8705969108198664e-17,-4.516059986579067e-20,0.0,-3.026774555836473e-17,0.0,-1.831681423931161e-18,0.0,9.667042451779006e-17,7.741964878958466e-17
0.004710937500000001,0.4710937500000001,1976.6615612004282,99997.6425,0.4704592560310062,1914801186.17029,0.205437117429669,0.2748124761232021,0.0005954015198983118,0.0008424838589388532,0.002866116281930955,0.002301852549134569,0.00012351248686343834,6.762724466164107e-05,0.7823379348070181,0.6729938010869607,0.0028582618222886377,0.002152637855939145,0.0033389184227644807,0.03991232980680005,1.0509042367423988e-07,5.5049059922503094e-08,3.561166565502599e-18,2.1481633494171186e-18,-2.3221102543097433e-19,0.0,0.00015216279240686163,0.0036378076885376478,0.00013865716977099998,0.00020885327601474985,0.0019650251250957406,0.0027844036539203827,8.641410117928575e-07,6.309334033418007e-07,1.853056053970301e-07,1.3128727927442661e-07,1.0559193936594828e-12,1.4962179263777148e-12,9.968218750518808e-05,0.00014992205490997764,4.255197323939656e-05,6.829456869895779e-05,3.487778790118663e-05,6.000612780949818e-05,3.774455032100417e-09,2.8383910342474608e-09,6.738030349289621e-09,5.231557861448864e-09,8.081833221848822e-07,6.485543115448964e-07,3.048014580164261e-11,2.4459834091515928e-11,2.1320022985798168e-08,1.7703214431984942e-08,6.440653844522216e-13,2.503237463688234e-13,7.459735719554642e-06,5.7963881271318186e-06,1.3735623174661706e-08,1.0672898622891032e-08,1.336095160556832e-07,1.0054969018441274e-07,2.3217606024690584e-08,1.7472730697066932e-08,3.543322868355796e-08,2.585198840542312e-08,1.1734435806893494e-07,6.015005754900658e-08,1.0676738310112674e-09,5.472835970619831e-10,8.030009030219222e-13,3.0710336020610966e-13,1.2439406866836914e-09,6.658498935801905e-10,3.3560525489757726e-10,1.7964097938966e-10,4.615534237877625e-12,2.470578391723598e-12,8.626272476093429e-15,3.3514071571437057e-15,9.697553002434282e-17,3.767612097717684e-17,7.142167588016307e-17,2.774815152006149e-17,-4.507543155202369e-20,0.0,-3.00155971954421e-17,0.0,-1.8186408918638505e-18,0.0,9.582676774381599e-17,7.679716894504812e-17
0.004718750000000001,0.47187500000000004,1977.1649352362558,99997.6425,0.4689839665206868,1876418030.580187,0.20535439576464884,0.2748923338988848,0.0005315083744329248,0.0007525976433085386,0.0028965458386916378,0.002327904673076087,0.00011590118632113041,6.350381271980036e-05,0.7822983656861244,0.6734264808718006,0.0029943536636192225,0.0022566964769107347,0.003272344267324268,0.03914365283005138,1.1077476691655549e-07,5.806690803360824e-08,3.532154843091134e-18,2.132140608020422e-18,-2.309826439855346e-19,0.0,0.00015583455480993753,0.003728173574715966,0.00015027214824559545,0.00022650539356380243,0.002056580574074118,0.0029161570474220576,9.021686763344604e-07,6.591552874405883e-07,2.0142477369962583e-07,1.4280653059606016e-07,1.06030294489219e-12,1.5034713174521542e-12,9.165382591602112e-05,0.00013794299691298603,3.9693085913905616e-05,6.375032732150659e-05,3.3172738658835114e-05,5.7112226321235425e-05,3.165633244456204e-09,2.3822079029618384e-09,5.708185040610254e-09,4.4350365737076e-09,6.782237906903726e-07,5.446413104227441e-07,2.6300056888158693e-11,2.11200162017006e-11,1.9887369529795127e-08,1.652505436986632e-08,7.233804267228757e-13,2.813454766522715e-13,7.1377424996611155e-06,5.550038363778045e-06,1.4039282414677129e-08,1.0916414539340968e-08,1.2564041827433143e-07,9.461801042358134e-08,2.1847919591531638e-08,1.645335722403785e-08,3.31840274451001e-08,2.422776829210764e-08,1.219540753282256e-07,6.255632736114469e-08,1.1084210984723963e-09,5.685644608712042e-10,8.837601270084678e-13,3.38223695493841e-13,1.1911374761001596e-09,6.380278599195976e-10,3.21491795533513e-10,1.7220574988332254e-10,4.423524761812064e-12,2.3694427332777297e-12,8.341315425755978e-15,3.242945554530529e-15,9.388437481880587e-17,3.650046790203128e-17,6.879492027001529e-17,2.6746162862401132e-17,-4.4990546456229326e-20,0.0,-2.97643033397751e-17,0.0,-1.805640583512592e-18,0.0,9.498614980375625e-17,7.617627771608491e-17
0.004726562500000001,0.47265625000000006,1977.5651671779533,99997.6425,0.4675041481105954,1835782599.5572298,0.2052580761984084,0.27495417873015443,0.00047326689154076305,0.0006705950005096263,0.0029247815102847415,0.0023522293273583426,0.00010850265850050416,5.9491339044845154e-05,0.7822530488668954,0.6738550338073203,0.003141942990819142,0.0023695714217987335,0.003206023760620451,0.038376957898791565,1.1673364752471974e-07,6.123297465677069e-08,3.503230834862405e-18,2.1161493138092816e-18,-2.297563703287694e-19,0.0,0.00015946640089090186,0.0038177105412828304,0.00016275918288467993,0.0002454974577997054,0.0021508291972741522,0.003051915805717982,9.433268137477628e-07,6.89705391189791e-07,2.1877550704312315e-07,1.5521558585290297e-07,1.0653294332094373e-12,1.5116475727728553e-12,8.400737364573416e-05,0.00012652254276703748,3.688771602403599e-05,5.9285811126418784e-05,3.141751520480309e-05,5.412788304536712e-05,2.640336316546583e-09,1.9882901347350407e-09,4.806916445977933e-09,3.737379346388945e-09,5.657914971936669e-07,4.5466908032067644e-07,2.2564110643044326e-11,1.813248075521235e-11,1.858253706911729e-08,1.545154840805243e-08,8.122468406328852e-13,3.1612777885565233e-13,6.806416664369509e-06,5.296086695190087e-06,1.4327988245583027e-08,1.1148636890465967e-08,1.1776074402753094e-07,8.874551714793858e-08,2.04891719951293e-08,1.5440817563242552e-08,3.0981398010570024e-08,2.2635327065214306e-08,1.2660911169993644e-07,6.498922128665118e-08,1.1494480714198901e-09,5.900186334776975e-10,9.722587661382716e-13,3.723513561972105e-13,1.1372922302969077e-09,6.096088618346172e-10,3.070593454190352e-10,1.6458927010141697e-10,4.225957772748495e-12,2.2651885235633875e-12,8.043267446747752e-15,3.1292414063900266e-15,9.061586018360532e-17,3.525419285626794e-17,6.606982292408328e-17,2.570453201708416e-17,-4.490593802420851e-20,0.0,-2.951386373442423e-17,0.0,-1.792680287984667e-18,0.0,9.41485733314905e-17,7.555699063599375e-17
0.004734375000000001,0.47343750000000007,1977.8640879961658,99997.6425,0.46601862950752476,1793291489.1057127,0.2051477697491682,0.2749974926540406,0.0004203323291121321,0.0005960035491650475,0.0029507219932189688,0.0023747417598930913,0.0001013352914715581,5.560014827949057e-05,0.7822022553139916,0.6742797856977576,0.0033015528775590087,0.002491676314378104,0.003140005951854769,0.037612841520803006,1.2296929900206898e-07,6.454875392414846e-08,3.474394351833953e-18,2.100189714873069e-18,-2.285321526308758e-19,0.0,0.0001630469315439795,0.003906144440901089,0.00017615611583849885,0.0002658894391491013,0.00224767520720151,0.0031915528765034578,9.877292295841191e-07,7.226719715947008e-07,2.374143401416039e-07,1.6855647510244892e-07,1.0713568993100757e-12,1.5212572451747242e-12,7.675441000380173e-05,0.00011567931429788014,3.415093676468509e-05,5.492543245426811e-05,2.9627558647330967e-05,5.107953540085561e-05,2.1898600465671415e-09,1.6502081677304502e-09,4.023423350494577e-09,3.1303882437928977e-09,4.691775013743005e-07,3.772923908114363e-07,1.9246556567638088e-11,1.5477253962564968e-11,1.740231177137943e-08,1.4480241593357788e-08,9.116341015041534e-13,3.55056163029171e-13,6.468072149164985e-06,5.036319501569102e-06,1.4600693229198274e-08,1.1368728479031001e-08,1.1001034247443166e-07,8.296239177611347e-08,1.9148917569775186e-08,1.4440824069622542e-08,2.8833887036846273e-08,2.1080981134337585e-08,1.3130205684676355e-07,6.744500087631029e-08,1.1906786450894159e-09,6.116074964094443e-10,1.0690703668819639e-12,4.097125130493229e-13,1.082701170013542e-09,5.807506030627669e-10,2.923917438149059e-10,1.5683614856438807e-10,4.024141008919341e-12,2.158510937704342e-12,7.733327822620976e-15,3.0107510264956606e-15,8.718588059623185e-17,3.3943340502545577e-17,6.325992170263543e-17,2.4628449558949918e-17,-4.482159947485112e-20,0.0,-2.926427820824813e-17,0.0,-1.7797597965557013e-18,0.0,9.33140412782582e-17,7.493932395968525e-17
0.004742187500000001,0.4742187500000001,1978.0636360055244,99997.6425,0.4645262188355573,1749363027.973421,0.20502308380533113,0.2750217541476011,0.0003723629716513491,0.0005283538680969076,0.00297428285952797,0.0023953706065233966,9.441571274309386e-05,5.183962566378899e-05,0.7821462463467335,0.674701061978737,0.0034737248198817693,0.0026234399654946465,0.0030743405733866286,0.036851909975391804,1.2948301787486915e-07,6.801525499694772e-08,3.445645217088527e-18,2.084262078871726e-18,-2.2730993856254186e-19,0.0,0.0001665647011080406,0.003993199337410958,0.0001904983196937223,0.0002877377634426994,0.00234700594250898,0.0033349170043852103,1.0354915554238621e-06,7.581449017348383e-07,2.573952856520268e-07,1.8286956573529184e-07,1.078749623106665e-12,1.5328211984528407e-12,6.990303433254212e-05,0.00010542673280720411,3.1496538554550746e-05,5.0691605211379804e-05,2.78183955620625e-05,4.7993840323175606e-05,1.8059367304989409e-09,1.361843666523021e-09,3.346938437794693e-09,2.605868811686275e-09,3.8672017891149165e-07,3.1120033400976875e-07,1.6319882007424745e-11,1.313288783121133e-11,1.6342102240215292e-08,1.3607524913108254e-08,1.0225744044329636e-12,3.9854169449419624e-13,6.125076108634388e-06,4.772569479491591e-06,1.4856510421928985e-08,1.1575975049762328e-08,1.0242668576659654e-07,7.729710344332861e-08,1.783428015569571e-08,1.3458779689244656e-08,2.674944724292963e-08,1.957062931289761e-08,1.3602600438560817e-07,6.992017854940255e-08,1.2320404316683793e-09,6.332942539290697e-10,1.1747844427953893e-12,4.505401248116404e-13,1.0276704719406022e-09,5.516165573723797e-10,2.775756452314771e-10,1.4899262556787198e-10,3.819422813972219e-12,2.0501288314866126e-12,7.412927864263168e-15,2.8880223405536596e-15,8.36131658819079e-17,3.257507633326625e-17,6.038019868692106e-17,2.3523682670049803e-17,-4.473752382754497e-20,0.0,-2.9015546705757685e-17,0.0,-1.7668789041922904e-18,0.0,9.248255701210448e-17,7.432329470759987e-17
0.004750000000000001,0.4750000000000001,1978.1658355454085,99997.6425,0.46302570949373584,1704429932.115205,0.2048836243544575,0.27502644099798995,0.0003290221633555274,0.0004671823982951421,0.0029953977286547957,0.0024140588791878334,8.775856572806801e-05,4.8218090988620635e-05,0.7820852718930237,0.6751191860324576,0.0036590165909529794,0.0027653048275051973,0.0030090777196030106,0.036094775454484945,1.3627512907127376e-07,7.163298256967634e-08,3.416983269120757e-18,2.068366693783319e-18,-2.2608967544725247e-19,0.0,0.0001700083127681653,0.004078599788092115,0.00020581810328068086,0.0003110944049815291,0.0024486918809926653,0.003481832676322262,1.086730346731616e-06,7.962150212789087e-07,2.7876911158064e-07,1.981930453122833e-07,1.0878701727313525e-12,1.5468593433147059e-12,6.345787050932051e-05,9.577300818954311e-05,2.8936837079095816e-05,4.6604428830434165e-05,2.6005334652822478e-05,4.489715122960822e-05,1.4807885247040639e-09,1.117430906246954e-09,2.76687821512099e-09,2.1557469601114756e-09,3.1682649597735733e-07,2.551335835878087e-07,1.3755323108462934e-11,1.1076866747663534e-11,1.5396161890708933e-08,1.2828816657008353e-08,1.146160985476268e-12,4.4702043916026347e-13,5.779808165763111e-06,4.506684016874876e-06,1.5094720754270227e-08,1.1769791455263194e-08,9.504438025864804e-08,7.177603392673149e-08,1.655185878076152e-08,1.2499705655035924e-08,2.4735325372714763e-08,1.8109669352451933e-08,1.4077464927888243e-07,7.24115686803409e-08,1.273465619323822e-09,6.550443821247917e-10,1.2900033604871185e-12,4.950727752145816e-13,9.725108082124597e-10,5.223730543575001e-10,2.626989668175651e-10,1.4110574454723363e-10,3.6131675761171715e-12,1.940771626087138e-12,7.0837033516186034e-15,2.7616844503703007e-15,7.991892520330771e-17,3.115755164618099e-17,5.74468189197116e-17,2.239647521342843e-17,-4.465370393347047e-20,0.0,-2.876766931636989e-17,0.0,-1.754037410991386e-18,0.0,9.165412441401392e-17,7.370892069606641e-17
0.004757812500000001,0.47578125000000004,1978.172774632558,99997.6425,0.4615158863866203,1658931523.3119464,0.20472899844132728,0.2750110334403126,0.0002899802128216025,0.00041203417422266476,0.003014019100387185,0.0024307646840580456,8.137632811728618e-05,4.4742695100810786e-05,0.782019568954317,0.6755344775615848,0.003857999781921046,0.002917725207125669,0.002944267513842587,0.03534205204194099,1.4334496875893512e-07,7.540192647728201e-08,3.3884083651868153e-18,2.052503868336268e-18,-2.2487131043710774e-19,0.0,0.00017336651546476708,0.004162073169695916,0.00022214411989348933,0.0003360059797127511,0.0025525868490847473,0.0036321003453410336,1.1415621001767042e-06,8.369734257072316e-07,3.015826123349584e-07,2.1456239790693337e-07,1.09907121234704e-12,1.5638789847058162e-12,5.742013452768686e-05,8.672122334602257e-05,2.6482521046577685e-05,4.26814349795149e-05,2.420317502302139e-05,4.1815012932146895e-05,1.2071689101323646e-09,9.115893365025585e-10,2.272980506192237e-09,1.7721766294660934e-09,2.579894673574649e-07,2.0789864864169175e-07,1.1523386463914576e-11,9.286024341080465e-12,1.4557823045918533e-08,1.213875430225597e-08,1.283545620968892e-12,5.009525879032128e-13,5.434619680102827e-06,4.240493455670341e-06,1.5314776278764154e-08,1.1949724618802768e-08,8.789474560450997e-08,6.642315238883706e-08,1.530764637970439e-08,1.156817874834787e-08,2.2797965700825127e-08,1.670292553530074e-08,1.4554236452562433e-07,7.491632822155062e-08,1.3148916803734392e-09,6.768260019940763e-10,1.4153389535901405e-12,5.435534017512829e-13,9.175317817921198e-10,4.931862975742005e-10,2.4784930823152766e-10,1.3322250532214073e-10,3.406730941372888e-12,1.831166018604278e-12,6.747461865208371e-15,2.6324351625337576e-15,7.612642589603081e-17,2.969974255949994e-17,5.447683759233703e-17,2.1253435097002988e-17,-4.4570132510059224e-20,0.0,-2.8520646303015335e-17,0.0,-1.741235123798214e-18,0.0,9.082874797043192e-17,7.3096220553658e-17
0.004765625000000001,0.47656250000000006,1978.0865819785356,99997.6425,0.4599955324684727,1613305737.1695864,0.20455881682891836,0.27497501752747394,0.00025491614303710223,0.00036246534610861,0.0030301188219450824,0.0024454616466767043,7.527917658480824e-05,4.141934150138026e-05,0.7819493603083522,0.6759472510399954,0.004071257042786754,0.003081165245943895,0.0028799597681657325,0.03459435158864391,1.506908857430451e-07,7.932156102041472e-08,3.3599203846069954e-18,2.0366739320989652e-18,-2.2365479070990325e-19,0.0,0.00017662830061277392,0.004243352007514126,0.00023950079157454462,0.00036251285910968774,0.0026585284346836526,0.0037854969431927272,1.2001022017575691e-06,8.805107022105101e-07,3.258778891146532e-07,2.3200988505590497e-07,1.112687330489759e-12,1.5843631511879874e-12,5.178776201978097e-05,7.826950959817694e-05,2.4142543217955295e-05,3.8937403061064305e-05,2.2425935572252627e-05,3.877169103658207e-05,9.783916423510777e-10,7.393468172318758e-10,1.8554252980026845e-09,1.4476349069557128e-09,2.0880163718631236e-07,1.6837897800441688e-07,9.594362247229622e-12,7.736955186568743e-12,1.3819732768218108e-08,1.1531388636956128e-08,1.4359353298913005e-12,5.608212683427373e-13,5.0917942237643185e-06,3.975780170531161e-06,1.551629932740582e-08,1.2115453310742717e-08,8.100547107364875e-08,6.125974723721658e-08,1.4106963353467464e-08,1.0668279535494444e-08,2.0942931515420484e-08,1.5354589162647874e-08,1.5032425465588849e-07,7.743198552325041e-08,1.3562619100178417e-09,6.986101665538755e-10,1.551408944282171e-12,5.962279463670506e-13,8.630364355083651e-10,4.6421941035421795e-10,2.331123948885754e-10,1.2538902652202705e-10,3.2014356102760567e-12,1.7220229530795309e-12,6.4061457524495994e-15,2.5010267631448213e-15,7.226051795681205e-17,2.8211267166312533e-17,5.14878830140885e-17,2.0101411733672245e-17,-4.448680217927786e-20,0.0,-2.827447812974317e-17,0.0,-1.7284718577201345e-18,0.0,9.000643286105383e-17,7.248521372279696e-17
0.004773437500000001,0.47734375000000007,1977.9094037848613,99997.6425,0.4584634355306784,1567981162.4929929,0.20437269682768788,0.27491788868637873,0.00022351926455508312,0.00031804546072015607,0.003043688174785478,0.002458139031092902,6.947490060339197e-05,3.825263468533326e-05,0.7818748534701233,0.6763578142570312,0.004299379044705706,0.0032560966835341893,0.002816203641076254,0.03385227954520443,1.5831026181126151e-07,8.339085425003798e-08,3.3315192320198114e-18,2.020877235241087e-18,-2.2244006368828973e-19,0.0,0.000179782996910976,0.004322176266045238,0.0002579077634143457,0.00039064832589965514,0.0027663386057073702,0.00394177668632934,1.262463819747692e-06,9.269161222240608e-07,3.5169165635957763e-07,2.505640432003893e-07,1.1290271524530977e-12,1.6087592815249139e-12,4.6555590810352244e-05,7.041130609889885e-05,2.192405653122434e-05,3.5384247764246855e-05,2.068661398612656e-05,3.578975064343883e-05,7.883471263357132e-10,5.96153435692928e-10,1.5049358048418276e-09,1.1750020836267857e-09,1.6796459691014087e-07,1.3554291160091197e-07,7.938811004965377e-12,6.406406933706652e-12,1.317408133972604e-08,1.1000372543709589e-08,1.604588334313715e-12,6.27131064131051e-13,4.753510410959425e-06,3.714249362808611e-06,1.5699077789701306e-08,1.2266784888625465e-08,7.440035588725123e-08,5.630422051739719e-08,1.2954407266531598e-08,9.803552613542685e-09,1.917484642486112e-08,1.4068173354216406e-08,1.5511618458405675e-07,7.995645654626387e-08,1.3975257843827628e-09,7.203710557406835e-10,1.698833264419581e-12,6.533439630337463e-13,8.093160098062498e-10,4.356296036833457e-10,2.1857059449510758e-10,1.1764974410864755e-10,2.998548497275167e-12,1.6140252727806417e-12,6.061791715453705e-15,2.3682504160181407e-15,6.834711791977211e-17,2.670218609367483e-17,4.849782416036672e-17,1.8947366989030008e-17,-4.4403705508762375e-20,0.0,-2.802916548821705e-17,0.0,-1.7157474377921623e-18,0.0,8.9187185041455e-17,7.187592044684808e-17
0.004781250000000001,0.4781250000000001,1977.6433807361896,99997.6425,0.4569183951518437,1523369359.80667,0.20417026525098542,0.2748391554060693,0.0001954905544629982,0.000278359474641272,0.0030547375800014315,0.0024688015507056144,6.396886640109787e-05,3.524585591650822e-05,0.7817962399252,0.6767664669701431,0.004542961192637099,0.0034429964237931514,0.002753047298486742,0.03311643081677381,1.6619955064807918e-07,8.760828705098434e-08,3.303204840528243e-18,2.0051141479566235e-18,-2.2122707727717745e-19,0.0,0.00018282036155243923,0.0043982955603972425,0.0002773794015852389,0.0004204377925304239,0.002875824531977048,0.004100672172798319,1.3287567589517863e-06,9.762768024060644e-07,3.7905459143700195e-07,2.702492098863484e-07,1.1483659893437224e-12,1.6374686300670991e-12,4.171559202805391e-05,6.313569382919829e-05,1.983239535677384e-05,3.2030979068864187e-05,1.8996982341078686e-05,3.288969674066505e-05,6.315066708602679e-10,4.778862037450772e-10,1.2128577781770078e-09,9.476250392790054e-10,1.3429471266873125e-07,1.0844860273224719e-07,6.5280085331959015e-12,5.2716401858322735e-12,1.2612815649298983e-08,1.0539137946448165e-08,1.7908093621945564e-12,7.00406273366072e-13,4.421808132692881e-06,3.457502400336896e-06,1.5863056878036483e-08,1.2403649273468204e-08,6.809913759742989e-08,5.1571948179672136e-08,1.1853819431476226e-08,8.976979489301997e-09,1.749735666806236e-08,1.284648309252352e-08,1.5991478352490655e-07,8.248804825230755e-08,1.4386391344993116e-09,7.420860768995405e-10,1.858230377242675e-12,7.151492207767287e-13,7.566451127238863e-10,4.0756555480827796e-10,2.0430155326967165e-10,1.1004667116237899e-10,2.799259962619757e-12,1.5078164393484285e-12,5.716488208532767e-15,2.2349196425290014e-15,6.441266819463084e-17,2.5182792673481705e-17,4.5524432691299455e-17,1.7798243453892948e-17,-4.4320835056160226e-20,0.0,-2.7784709322701377e-17,0.0,-1.7030617005354349e-18,0.0,8.837101131937273e-17,7.126836174271003e-17
0.004789062500000001,0.4789062500000001,1977.290625606444,99997.6425,0.45535922972141585,1479857700.3463514,0.20395116144781977,0.274738342996039,0.00017054382875735595,0.00024300948108400136,0.0030632959346301144,0.0024774688794055003,5.8764030334584666e-05,3.240096616579949e-05,0.7817136946423685,0.6771734996788474,0.004802600124421704,0.0036423439305908276,0.0026905375832580692,0.03238738570537376,1.743543341777092e-07,9.197188146058619e-08,3.2749771747223864e-18,1.9893850595766325e-18,-2.200157801179593e-19,0.0,0.00018573066623000874,0.004471471249417113,0.0002979243480574772,0.0004518981021985655,0.002986779603116449,0.004261895760654603,1.3990862949050434e-06,1.0286768474898165e-06,4.079907445863852e-07,2.9108509093284387e-07,1.1709392536854748e-12,1.6708367219526716e-12,3.725714201400569e-05,5.64277927697895e-05,1.7871100194381548e-05,2.888373231017448e-05,1.7367424592816775e-05,3.008968570598402e-05,5.029155274517742e-10,3.808452773040145e-10,9.712162646883352e-10,7.593632516344367e-10,1.0672536632785873e-07,8.624614260425668e-08,5.334336237908392e-12,4.310745792714223e-12,1.2127831392536404e-08,1.0141055767207526e-08,1.995944403414636e-12,7.811889482700764e-13,4.098559107670642e-06,3.2070134278277495e-06,1.600832787815444e-08,1.2526090539045158e-08,6.211740963822157e-08,4.707520738280848e-08,1.0808268563028699e-08,8.190964288707139e-09,1.5913114892857696e-08,1.1691600923844646e-08,1.6471742484952858e-07,8.502544956116061e-08,1.4795641408162768e-09,7.637358727675392e-10,2.030213705289057e-12,7.818903426994934e-13,7.052774459361854e-10,3.8016507509665504e-10,1.9037699243699294e-10,1.0261874109757554e-10,2.6046657225422554e-12,1.403990650371024e-12,5.372331978198098e-15,2.1018534002089407e-15,6.048358949115721e-17,2.3663399571124352e-17,4.2585049956363083e-17,1.666083414280562e-17,-4.423818341555332e-20,0.0,-2.7541110853358413e-17,0.0,-1.6904144955974887e-18,0.0,8.755791942405114e-17,7.066255935980313e-17
0.004796875000000001,0.47968750000000004,1976.8532018742644,99997.6425,0.4537847834410935,1437802948.0385988,0.20371504035920515,0.2746149973475569,0.0001484067008527618,0.00021161613846279757,0.003069409604032706,0.0024841748820683,5.386099928401586e-05,2.9718635016982122e-05,0.7816273758655582,0.6775791925306474,0.0050788900389526935,0.0038546184838928357,0.0026287196985324357,0.031665706004179964,1.8276939448325574e-07,9.647923728049102e-08,3.2468362335183707e-18,1.973690377382234e-18,-2.1880612185449344e-19,0.0,0.00018850477646285791,0.004541478374578299,0.00031954514366451883,0.00048503693041617303,0.0030989846302889625,0.004425141211543633,1.473552008357631e-06,1.0841964897529803e-06,4.385170253141741e-07,3.1308638024776746e-07,1.1969368384158963e-12,1.7091451437095528e-12,3.316732631720683e-05,5.026920933359429e-05,1.6041982549851825e-05,2.5945863356614105e-05,1.5806819269002076e-05,2.7405314008885262e-05,3.981759826222199e-10,3.017426190856679e-10,7.727501210366362e-10,6.046175880701499e-10,8.430611586257052e-08,6.817720177352194e-08,4.331607827796412e-12,3.502911951973288e-12,1.1711139797249702e-08,9.799575222867393e-09,2.2213750522096425e-12,8.70036767167732e-13,3.7854424810355136e-06,2.9641098359398118e-06,1.6135114481856455e-08,1.2634256570873235e-08,5.6466626299814536e-08,4.282316981990241e-08,9.820051124924424e-09,7.44733207062777e-09,1.4423785137997461e-08,1.0604888193954872e-08,1.6952218388189847e-07,8.756771084720217e-08,1.5202691604085393e-09,7.85304242784646e-10,2.215388270055786e-12,8.538115217019911e-13,6.554422042164698e-10,3.5355313179678003e-10,1.768616978560963e-10,9.540125242113219e-11,2.415751912110104e-12,1.3030846177987475e-12,5.031385152927732e-15,1.9698593090384237e-15,5.658574457150179e-17,2.2154128995308953e-17,3.969626957901564e-17,1.554165777168161e-17,-4.415574326592683e-20,0.0,-2.7298371597457735e-17,0.0,-1.677805687284942e-18,0.0,8.674791806754324e-17,7.005853572626423e-17
0.004804687500000001,0.48046875000000006,1976.3331037130208,99997.6425,0.45219393320429174,1397525776.4548483,0.20346157554093966,0.2744686886276114,0.00012882132400773863,0.0001838197961227743,0.003073141107068931,0.0024889665929324865,4.925813417372225e-05,2.7198293508675724e-05,0.781537425177826,0.6779838143672029,0.005372418901808888,0.0040802963319440345,0.0025676369098164196,0.030951931305359705,1.9143879883833723e-07,1.0112757571248289e-07,3.2187820527857605e-18,1.9580305251568875e-18,-2.175980534073701e-19,0.0,0.00019113422294492267,0.0046081074127552815,0.00034223792944628503,0.0005198523025453658,0.0032122092149806376,0.004590085576499155,1.5522466415563478e-06,1.1429112407740304e-06,4.7064277994386735e-07,3.362624429674381e-07,1.2264986150176204e-12,1.7526048976304002e-12,2.943126648768947e-05,4.463852019783954e-05,1.4345225391595954e-05,2.3218101760173327e-05,1.4322468664896191e-05,2.484948672642674e-05,3.1342203600249214e-10,2.376842309928673e-10,6.109255678645271e-10,4.78342801760989e-10,6.619924929113016e-08,5.357256036524161e-08,3.4953268763085836e-12,2.8286364586068287e-12,1.1355006404406216e-08,9.508340294047445e-09,2.4685125857209234e-12,9.675207964988825e-13,3.4839259941165275e-06,2.7299570168228722e-06,1.6243757361502533e-08,1.2728387303142817e-08,5.11541906500409e-08,3.882195797499203e-08,8.890707467927812e-09,6.747339119274393e-09,1.3030068048934887e-08,9.587001176771904e-09,1.7432777663824767e-07,9.011421347127509e-08,1.560728405772354e-09,8.067779870806624e-10,2.414347644157317e-12,9.311533519330018e-13,6.073412341390012e-10,3.2784027166293954e-10,1.6381272653004613e-10,8.842542832381758e-11,2.2333836252026423e-12,1.2055711900608732e-12,4.695634286682376e-15,1.839717575948868e-15,5.2743931182757696e-17,2.0664713497122586e-17,3.687364571675494e-17,1.444684359402166e-17,-4.407350742049621e-20,0.0,-2.7056493388273467e-17,0.0,-1.6652351561066176e-18,0.0,8.594101699730683e-17,6.945631388382414e-17
0.004812500000000001,0.48125000000000007,1975.7322376782674,99997.6425,0.4505855952527089,1359306372.2014794,0.20319046209441713,0.2742990148342788,0.00011154492027436377,0.00015928131948979296,0.003074567540467001,0.0024919029783977377,4.495169146325565e-05,2.4838208173732987e-05,0.7814439678238423,0.6783876219164514,0.0056837645813270265,0.00431984777873741,0.0025073302703650727,0.03024657557841582,2.0035599491595298e-07,1.0591378849427007e-07,3.190814707705608e-18,1.942405941504159e-18,-2.1639152725044373e-19,0.0,0.00019361126382667855,0.004671165815992466,0.00036599223408449673,0.0005563322396002269,0.0033262132638737984,0.0047563912950037545,1.6352549983902178e-06,1.204891071629268e-06,5.043694729181371e-07,3.60617071146476e-07,1.2597111600083042e-12,1.8013514830087918e-12,2.6032460185928962e-05,3.951177830832212e-05,1.2779513546819033e-05,2.069875301516979e-05,1.2920073865964879e-05,2.243236507238002e-05,2.4528735586080095e-10,1.8614720924158085e-10,4.799308577510493e-10,3.7604527990104735e-10,5.167424205218152e-08,4.184792987485974e-08,2.8028734410787894e-12,2.2698823737351784e-12,1.105206113516121e-08,9.261282611734713e-09,2.7387919382225227e-12,1.0742232047083812e-12,3.195253022732658e-06,2.5055476592250937e-06,1.6334697669388515e-08,1.2808802063094183e-08,4.618361847375338e-08,3.507475933843243e-08,8.021052390019498e-09,6.091694230948547e-09,1.1731744710442447e-08,8.637920974020493e-09,1.7913348332659502e-07,9.266463127420642e-08,1.6009214995866452e-09,8.281466853836447e-10,2.627671307352097e-12,1.0141518115889295e-12,5.611470033613859e-10,3.031214760358218e-10,1.5127884384536334e-10,8.171809911611943e-11,2.0582970975318544e-12,1.111854916067858e-12,4.366952677656423e-15,1.7121661385819264e-15,4.898142063745355e-17,1.9204313860367436e-17,3.413143603199771e-17,1.3382029380387827e-17,-4.399146887657656e-20,0.0,-2.6815478391302904e-17,0.0,-1.6527028001682366e-18,0.0,8.513722703914934e-17,6.885591741279797e-17
0.004820312500000001,0.4820312500000001,1975.0524063636346,99997.6425,0.44895873151091253,1323381228.0921607,0.2029014194476602,0.27410560514397625,9.63501030236186e-05,0.00013768262328663417,0.0030737787961109646,0.002493053526917964,4.093599648723065e-05,2.2635572988234472e-05,0.7813471132709621,0.6787908591337798,0.006013490971375238,0.0045737342486576,0.002447838373883573,0.029550124069736276,2.0951391293589256e-07,1.1083449084392009e-07,3.162934314830244e-18,1.9268170779796202e-18,-2.1518649768514879e-19,0.0,0.000195928937078596,0.004730479317013471,0.00039079085285104105,0.0005944545410494434,0.003440748625292353,0.004923708473202473,1.7226529103463917e-06,1.2701996376779967e-06,5.39690481794266e-07,3.861483193779332e-07,1.296605769909513e-12,1.8554417979791366e-12,2.2953125313015236e-05,3.4863027035450276e-05,1.1342187692168119e-05,1.8383939871402643e-05,1.1603753105076931e-05,2.0161388979599262e-05,1.9086825963696926e-10,1.4495292482370165e-10,3.7465471170037427e-10,2.93768054798612e-10,4.010063301264588e-08,3.249847587245951e-08,2.2336213238049872e-12,1.8101781255422114e-12,1.0795380356461443e-08,9.052691245881426e-09,3.0336657331946714e-12,1.1907349911561627e-12,2.920435551342505e-06,2.2916956569116873e-06,1.6408460130494926e-08,1.2875886543833458e-08,4.155476922817801e-08,3.1581992007171724e-08,7.211218359791596e-09,5.480589709218649e-09,1.0527736921611485e-08,7.756995647318615e-09,1.839390610025213e-07,9.521888626901655e-08,1.6408329337737903e-09,8.494024252158256e-10,2.8559224846007267e-12,1.1030374277495504e-12,5.170013965944477e-10,2.794754580793131e-10,1.3930019533786344e-10,7.530151012943176e-11,1.8910955414679334e-12,1.0222695648500946e-12,4.047067127302385e-15,1.5878874907212795e-15,4.531955622109434e-17,1.778135972172093e-17,3.148238685196206e-17,1.2352275533813628e-17,-4.3909620864792275e-20,0.0,-2.6575329117602956e-17,0.0,-1.6402085365182399e-18,0.0,8.433656012999481e-17,6.825737034911878e-17
0.004828125000000001,0.4828125000000001,1974.295294237158,99997.6425,0.4473123555047112,1289941176.8972952,0.2025941939316432,0.27388812298518483,8.302500403791028e-05,0.00011872692715106751,0.0030708756296396545,0.002492496712678428,3.72036418806388e-05,2.058661556960766e-05,0.7812469559842027,0.6791937566926463,0.0063621441589228524,0.004842405371776062,0.002389197137920081,0.028863030566374438,2.1890507139101747e-07,1.1588607645002687e-07,3.135141033795327e-18,1.911264397073232e-18,-2.1398292110614567e-19,0.0,0.00019808110233844194,0.004785892985283523,0.00041660982092839733,0.0006341867095133195,0.003555560819884234,0.005091677303043853,1.8145062894070391e-06,1.3388935635692034e-06,5.765910127799029e-07,4.128484255552809e-07,1.3371577759277051e-12,1.9148528862744557e-12,2.017453940128768e-05,3.0664809201136074e-05,1.0029415238733111e-05,1.626787201837874e-05,1.0376099397647948e-05,1.8041368035352234e-05,1.4768342995504827e-10,1.1223761077419807e-10,2.9065153518394857e-10,2.2806537928594447e-10,3.093981337290457e-08,2.509243621099256e-08,1.7689904808634498e-12,1.4346654345947686e-12,1.0578542852018953e-08,8.877260885174435e-09,3.3545985308406454e-12,1.3176537916841557e-12,2.660252928057484e-06,2.089034530020369e-06,1.64656363481782e-08,1.2930079891019849e-08,3.726413340286304e-08,2.8341513837200662e-08,6.460709346437925e-09,4.913740549408131e-09,9.416181296274729e-09,6.942992709742412e-09,1.8874465008865924e-07,9.777710094292217e-08,1.6804514634364648e-09,8.705394949892731e-10,3.0996465280200752e-12,1.1980346478038613e-12,4.75015320526155e-10,2.5696439462755644e-10,1.2790820718777174e-10,6.919325252814046e-11,1.7322484948901616e-12,9.37077535395907e-13,3.7375300856496686e-15,1.4674975682882566e-15,4.1777422581862247e-17,1.6403417402211215e-17,2.893756604697168e-17,1.1361997584757962e-17,-4.382795689711588e-20,0.0,-2.6336048433960304e-17,0.0,-1.6277523023106429e-18,0.0,8.353902933980937e-17,6.766069709522938e-17
0.004835937500000001,0.4835937500000001,1973.4624558065727,99997.6425,0.4456455377768858,1259130662.7016525,0.20226856110155092,0.27364626877958903,7.13732194982224e-05,0.0001021387528530274,0.003065967640643457,0.002490318381526026,3.3745704017387786e-05,1.868671377296509e-05,0.7811435763860203,0.6795965316225193,0.006730248694777142,0.005126296133707562,0.002331439620595064,0.028185715058330764,2.2852168305209187e-07,1.2106477276837164e-07,3.1074350686607183e-18,1.8957483700940077e-18,-2.1278075625367648e-19,0.0,0.00020006247190521454,0.004837272024695573,0.0004434184813421679,0.0006754860183050347,0.0036703908362111575,0.005259930581164146,1.910870287512595e-06,1.4110218030838394e-06,6.150481402537531e-07,4.407038195894644e-07,1.3812871234564786e-12,1.9794824873573774e-12,1.767736634205221e-05,2.6888658898784408e-05,8.836371396108544e-06,1.4343133375882666e-05,9.23827215589373e-06,1.607463187337972e-05,1.1363196065364997e-10,8.642155655131867e-11,2.2409656504411422e-10,1.7596929059480116e-10,2.3736180968947147e-08,1.9264197610663374e-08,1.3924414256845977e-12,1.1301003653770069e-12,1.0395662477783878e-08,8.730120637946393e-09,3.703061437439325e-12,1.4555818183662877e-12,2.415256042803244e-06,1.8980200992021245e-06,1.6506868864991857e-08,1.2971862330705533e-08,3.330516457958142e-08,2.5348866442358875e-08,5.768463003257823e-09,4.3904301357789196e-09,8.394514261930067e-09,6.194159865481443e-09,1.935506794990872e-07,1.0033954961157535e-07,1.7197694667234671e-09,8.915540579519671e-10,3.3593698863536985e-12,1.2993614351026277e-12,4.352690694182279e-10,2.3563406852461453e-10,1.1712570104322725e-10,6.340630980855439e-11,1.582094418166765e-12,8.564710215706084e-13,3.439697863730519e-15,1.3515369726527547e-15,3.8371593721759714e-17,1.5077088066776657e-17,2.6506246954517647e-17,1.0414918456367568e-17,-4.3746470812664613e-20,0.0,-2.60976395697555e-17,0.0,-1.6153340558481563e-18,0.0,8.274464888241849e-17,6.706592232694382e-17
0.004843750000000001,0.48437500000000006,1972.5553061969747,99997.6425,0.44395741072422495,1231048195.426841,0.20192432775903543,0.27337978229990173,6.121359185948399e-05,8.766368623794482e-05,0.003059171223925907,0.0024866101072027655,3.0551970401328025e-05,1.6930518820871677e-05,0.7810370419689311,0.6799993870895504,0.007118304024568678,0.00542582413319762,0.0022745958725296973,0.027518561824102672,2.3835575817458272e-07,1.263666949967425e-07,3.0798166688464485e-18,1.880269474998387e-18,-2.1157996444678172e-19,0.0,0.000201868630800429,0.004884502310162382,0.0004711796451767474,0.0007182997188790055,0.003784976960802316,0.005428096284612077,2.01178858006187e-06,1.4866250869270543e-06,6.550309701508726e-07,4.696952203677494e-07,1.4288601402780351e-12,2.0491512891611967e-12,1.544196360420066e-05,2.3505565604838826e-05,7.75742399362991e-06,1.2600976645491777e-05,8.190116606325383e-06,1.4261229553091414e-05,8.695115092418567e-11,6.617798211584652e-11,1.717340454193635e-10,1.3495055832964562e-10,1.810805581052487e-08,1.470714947069139e-08,1.0894201078867892e-12,8.848141694899787e-13,1.0241400829137496e-08,8.606846157056273e-09,4.080527206167548e-12,1.6051239846609762e-12,2.1857763975168126e-06,1.718937014753146e-06,1.6532836422753863e-08,1.3001743690807703e-08,2.9668643932092394e-08,2.2597544865220318e-08,5.132918859190087e-09,3.909560695647984e-09,7.459564861893002e-09,5.5082917509298916e-09,1.983577748775072e-07,1.0290661116150843e-07,1.758782300470222e-09,9.124438224012153e-10,3.6355996863789326e-12,1.4072290991548556e-12,3.978133773616635e-10,2.1551438327841498e-10,1.0696720158217308e-10,5.794920882975187e-11,1.4408461695356272e-12,7.80574740060166e-13,3.1547153021580404e-15,1.2404646948444094e-15,3.511596341984399e-17,1.3807937856695383e-17,2.4195844375897844e-17,9.514040994355101e-18,-4.3665156820650126e-20,0.0,-2.5860106120363377e-17,0.0,-1.6029537774298174e-18,0.0,8.19534341149487e-17,6.647307089823169e-17
0.004851562500000001,0.48515625000000007,1971.5751141603298,99997.6425,0.4422471727923599,1205747887.7317026,0.20156133363939144,0.273088444603671,5.2379846569555466e-05,7.50679299657841e-05,0.0030506075479892003,0.0024814675634845947,2.7611171250098422e-05,1.5312081248445494e-05,0.7809274085271642,0.6804025123131554,0.0075267811342583256,0.0057413869887281525,0.002218692825024005,0.02686191795435168,2.4839920219061576e-07,1.3178789728324592e-07,3.0522861296485913e-18,1.864828194209202e-18,-2.1038050979302572e-19,0.0,0.00020349604606420687,0.004927490666358966,0.0004998498393219073,0.0007625653815649163,0.003899056611977934,0.005595800160014117,2.1172927881840193e-06,1.5657354696529226e-06,6.965009235174141e-07,4.997978186948653e-07,1.4796923826136754e-12,2.12360673245032e-12,1.3448664344724912e-05,2.0486401924882008e-05,6.7863161909095146e-06,1.1031615623019801e-05,7.230304337822421e-06,1.2599166535904618e-05,6.617524832388825e-11,5.0402504661134043e-11,1.308213182446636e-10,1.0287625811382433e-10,1.3738687102593583e-08,1.1166582208752027e-08,8.472627031517606e-13,6.88641393206164e-13,1.0110963495197012e-08,8.503458015135085e-09,4.488465938322364e-12,1.7668862593026067e-12,1.9719394005851663e-06,1.551908633384546e-06,1.6544240755639713e-08,1.3020253083766529e-08,2.6343064877907083e-08,2.00792836768437e-08,4.5520901813313655e-09,3.469706751934673e-09,6.6076522387478906e-09,4.882800399196951e-09,2.0316667399366712e-07,1.0547872528920103e-07,1.7974876787696253e-09,9.332077222742484e-10,3.928823931677464e-12,1.5218423634109095e-12,3.626710633196638e-10,1.9662020089145392e-10,9.74394097346482e-11,5.282626118942546e-11,1.3085989132275848e-12,7.094499871316187e-13,2.8835069876168717e-15,1.1346543882584233e-15,3.202165814355502e-17,1.2600460164629007e-17,2.2011901431125572e-17,8.661640377497506e-18,-4.358400953972207e-20,0.0,-2.562345204703884e-17,0.0,-1.5906114700012079e-18,0.0,8.116540152593838e-17,6.588216774591432e-17
0.004859375000000001,0.4859375000000001,1970.52299747622,99997.6425,0.4405140919791162,1183241934.7706409,0.20117945273645332,0.27277207951351645,4.472010384188776e-05,6.413767505956414e-05,0.0030404006114673333,0.0024749889536322084,2.4911209057714126e-05,1.3824976228995794e-05,0.7808147214729054,0.6808060826097994,0.007956119460223112,0.006073359932481405,0.002163754214725872,0.02621609231859443,2.586439056287111e-07,1.373244199609914e-07,3.024843792323393e-18,1.849425012466736e-18,-2.091823593704155e-19,0.0,0.00020494206568178583,0.004966164897391381,0.0005293796347967027,0.0008082113596006191,0.004012368147316628,0.005762668283442968,2.227402051273473e-06,1.648375984590197e-06,7.394121330957263e-07,5.309815414910636e-07,1.5335524209694048e-12,2.2025281760916604e-12,1.167803015556075e-05,1.7802308319463124e-05,5.916341965064801e-06,9.624506949549337e-06,6.3564881798454884e-06,1.108466758596141e-05,5.009610273517072e-11,3.8183934046032e-11,9.907138239169459e-11,7.79659639621245e-11,1.0367612971579832e-08,8.43284276706908e-09,6.550700332085047e-13,5.328229947056241e-13,1.0000083467832922e-08,8.41640926615309e-09,4.928341471539526e-12,1.9414742837119577e-12,1.773681122447113e-06,1.3969096576639266e-06,1.654179513626108e-08,1.3027929929738697e-08,2.3315026055483804e-08,1.7784350565795054e-08,4.02363727213093e-09,3.0691698832712677e-09,5.834684784028334e-09,4.3147872171705036e-09,2.0797815269742213e-07,1.0805635402243418e-07,1.8358850977654767e-09,9.538456203006577e-10,4.2395123062178255e-12,1.64339966675792e-12,3.2983916165235454e-10,1.789524461906462e-10,8.854181084240813e-11,4.803787870737606e-11,1.18533996797895e-12,6.430997634566694e-13,2.626774826642616e-15,1.034393126646971e-15,2.9097028995591726e-17,1.1458068843059852e-17,1.9958124020561822e-17,7.859275221555082e-18,-4.350302403309704e-20,0.0,-2.5387681673283595e-17,0.0,-1.578307159596784e-18,0.0,8.038056871230825e-17,6.529323779610324e-17
0.004867187500000001,0.4867187500000001,1969.3999206492797,99997.6425,0.4387575086123172,1163503867.7400932,0.20077859424767058,0.272430554626264,3.809628626516494e-05,5.467832025334459e-05,0.0030286754211353373,0.002467273532987759,2.243938065756928e-05,1.246242523598698e-05,0.7806990172029765,0.6812102595536683,0.00840672410854904,0.006422093626131115,0.0021098005442480154,0.025581354970147224,2.6908182452713557e-07,1.4297233187471068e-07,2.9974900437409266e-18,1.8340604147526312e-18,-2.0798548337857643e-19,0.0,0.0002062049077400245,0.005000473581131023,0.0005597140467739046,0.000855157363517463,0.00412465261592888,0.005928329549938614,2.342122757593613e-06,1.7345604129877313e-06,7.837119426240198e-07,5.632113902338247e-07,1.5901664084988929e-12,2.2855332040370526e-12,1.0111071559185518e-05,1.5425030206198093e-05,5.140510153548241e-06,8.368614385053458e-06,5.565464817705648e-06,9.712454222343087e-06,3.7726450882492165e-11,2.877695212761242e-11,7.459606764874897e-11,5.874824226724649e-11,7.782566337054555e-09,6.334905938854337e-09,5.035610465456889e-13,4.0989202355393015e-13,9.904995064470345e-09,8.342564969849739e-09,5.401608521344583e-12,2.1294922799312798e-12,1.5907676973678343e-06,1.2537809092538397e-06,1.6526214785509107e-08,1.3025316414574326e-08,2.056962168843971e-08,1.570183910794139e-08,3.5449401451621076e-09,2.7060332294735567e-09,5.136258164136034e-09,3.801114419237963e-09,2.1279296407447407e-07,1.1063994992755845e-07,1.873975325336755e-09,9.743580435684622e-10,4.568117554127055e-12,1.7720936886404697e-12,2.9929142387028464e-10,1.6249941691395037e-10,8.026738523234788e-11,4.3580945717699803e-11,1.0709600853523444e-12,5.814746949892446e-13,2.3850015370181354e-15,9.398824858595809e-16,2.6347716219372494e-17,1.0383119940437305e-17,1.8036457928748675e-17,7.107815509154177e-18,-4.3422195838870406e-20,0.0,-2.5152799677777922e-17,0.0,-1.5660408955862096e-18,0.0,7.959895434564322e-17,6.470630587411065e-17
0.004875000000000001,0.4875000000000001,1968.206694762881,99997.6425,0.4369768373836955,1146472392.394503,0.2003587031318582,0.27206378184572577,3.238344297580804e-05,4.65135682042557e-05,0.003015556326881504,0.00245842025401068,2.0182587174485555e-05,1.1217411462899198e-05,0.7805803244835315,0.6816151912427755,0.008878963421743508,0.006787912228296875,0.002056849077458338,0.024957936975466423,2.797050501704581e-07,1.4872776716046765e-07,2.9710967097391633e-18,1.819268458283147e-18,-2.0678985525595724e-19,0.0,0.00020728364058982863,0.005030385646261364,0.00059079299581228,0.0009033151304229274,0.00423565542856813,0.0060924180541418755,2.461448436613394e-06,1.8242931705971077e-06,8.293414957335087e-07,5.964478445976809e-07,1.6492232632841282e-12,2.372184837504514e-12,8.7294346928145e-06,1.3327204836151384e-05,4.451693794009964e-06,7.252650218851613e-06,4.853339042826318e-06,8.476026146395348e-06,2.8266319573085147e-11,2.157705763150418e-11,5.5851525868826456e-11,4.40187898602188e-11,5.812057480021551e-09,4.7344698338389485e-09,3.849140364014992e-13,3.135488422522152e-13,9.822401373770448e-09,8.279176175971373e-09,5.9097106308133694e-12,2.3315422717163144e-12,1.4228165475526277e-06,1.1222455968429973e-06,1.6498209159839525e-08,1.3012951400707454e-08,1.809081963377099e-08,1.3819953308323509e-08,3.1131687671597865e-09,2.3782143581136955e-09,4.50774975513555e-09,3.3384740898132245e-09,2.1761179266832603e-07,1.132299320092976e-07,1.9117599694788217e-09,9.947459588833733e-10,4.915077393546991e-12,1.9081120824781607e-12,2.7098107651633793e-10,1.472382380342478e-10,7.26033886029501e-11,3.9449230738330324e-11,9.652656549456841e-13,5.244794806201452e-13,2.158459417152314e-15,8.512417082265796e-16,2.3776777421642254e-17,9.376958615800411e-18,1.624720230497372e-17,6.407484956207868e-18,-4.3341520995308986e-20,0.0,-2.4918811083965202e-17,0.0,-1.5538127506632145e-18,0.0,7.88205781282579e-17,6.412139661920862e-17
0.004882812500000001,0.48828125000000006,1966.9439793122,99997.6425,0.4351715686360856,1132055613.5750415,0.19991976028217048,0.27167171744629814,2.7469010501316082e-05,3.9484426901328995e-05,0.0030011655401757653,0.0024485265559698235,1.8127528193908253e-05,1.0082786931388704e-05,0.7804586658221843,0.6820210126581816,0.009373166923964284,0.0071711117383209955,0.0020049138675019523,0.024346030645717182,2.9050586760048623e-07,1.5458695616763984e-07,2.9447897116965444e-18,1.8045149142799615e-18,-2.0559545176212272e-19,0.0,0.00020817815493704683,0.0050558897536891485,0.0006225518184992137,0.0009525891706758648,0.004345127920882026,0.006254575326587929,2.585359811947908e-06,1.917569311410821e-06,8.762363990169461e-07,6.306473205554271e-07,1.7103802919959837e-12,2.4619994090366823e-12,7.515553853128223e-06,1.1482597210105187e-05,3.842762475269484e-06,6.265289986916801e-06,4.215684247560767e-06,7.367937254023919e-06,2.1072826540010294e-11,1.6098000491117263e-11,4.158729679148741e-11,3.2801215340399785e-11,4.318708391769539e-09,3.5206392038932543e-09,2.92603185317005e-13,2.3853202206806074e-13,9.749437798426824e-09,8.223850512356781e-09,6.454078993585225e-12,2.5482236457326244e-12,1.2693186383842022e-06,1.0019264620667694e-06,1.6458476050762e-08,1.299136574685616e-08,1.5861818906932588e-08,1.2126277610361425e-08,2.725349344326086e-09,2.0835153224495863e-09,3.944407415326448e-09,2.9234533307023293e-09,2.224352249354374e-07,1.1582666995297988e-07,1.9492411347847725e-09,1.0150105930525148e-09,5.280816913098009e-12,2.0516383983782783e-12,2.4484372460368407e-10,1.3313640093905726e-10,6.553217105065814e-11,3.563382077090011e-11,8.679913632334711e-13,4.719796120327091e-13,1.947223617120792e-15,7.685126533863139e-16,2.1384869111686686e-17,8.439987250997829e-18,1.4589152421151105e-17,5.75791508445981e-18,-4.273636132032773e-20,0.0,-2.4686010681013026e-17,0.0,-1.5416228206562179e-18,0.0,7.804546073989885e-17,6.353853440559424e-17
0.004890625000000001,0.48906250000000007,1965.6122858137096,99997.6425,0.4333412689158634,1120135445.0944164,0.19946178232671175,0.2712543616865063,2.3252029288519208e-05,3.3448143181897256e-05,0.0029856218536091833,0.0024376873143055556,1.6260877433786412e-05,9.051369739927616e-06,0.7803340588002904,0.6824278461037405,0.009889623668387906,0.0075719586355535145,0.001954005815027342,0.023745790141045567,3.0147680315148435e-07,1.605462506364006e-07,2.9185695388594264e-18,1.789800244304992e-18,-2.0440225302353312e-19,0.0,0.00020888912890207665,0.005076993506884851,0.0006549218146874614,0.0010028775728214276,0.004452828787563545,0.006414452393555993,2.713825007704098e-06,2.0143746438057055e-06,9.243274421616212e-07,6.657626709522893e-07,1.7732690849817838e-12,2.5544548576286185e-12,6.452770668458193e-06,9.866285969350666e-06,3.3066963432275075e-06,5.395358161073614e-06,3.6476946377945704e-06,6.380058301546958e-06,1.5633478017115507e-11,1.1951793480464225e-11,3.079978792665519e-11,2.4311138562707308e-11,3.1933673789772532e-09,2.6052226998041235e-09,2.2123672983666113e-13,1.8049002266237763e-13,9.683633798895118e-09,8.174521135800106e-09,7.036132276099536e-12,2.7801331039853093e-12,1.1296610465890791e-06,8.923632411238087e-07,1.6407697375988697e-08,1.296107894843776e-08,1.3865380149202527e-08,1.0608027313000874e-08,2.3784254515182336e-09,1.8196689798723619e-09,3.44143096938038e-09,2.552594270883374e-09,2.2726373661858068e-07,1.1843047711236995e-07,1.986421173518294e-09,1.035153301737324e-09,5.665751397498133e-12,2.2028531753217824e-12,2.2080029895920188e-10,1.2015333262288999e-10,5.903200621002143e-11,3.212356283475771e-11,7.788128796875857e-13,4.238081353385479e-13,1.7511890785921923e-15,6.916662155925364e-16,1.9170470559084022e-17,7.571750523586723e-18,1.3059764268318541e-17,5.158208121798179e-18,-4.2012345400706794e-20,0.0,-2.4454767684910028e-17,0.0,-1.5294712240801692e-18,0.0,7.727362377580841e-17,6.295774327044098e-17
0.004898437500000001,0.4898437500000001,1964.2119829729,99997.6425,0.431485580816221,1110572009.289474,0.19898482107851634,0.2708117580031823,1.964233345337685e-05,2.827709328304995e-05,0.0029690395704546953,0.0024259939577056236,1.4569438132622465e-05,8.116030413507836e-06,0.7802065173409851,0.6828358017137828,0.010428581002840288,0.007990688827820709,0.001904132753585464,0.023157332411685886,3.126106626033574e-07,1.6660214396111694e-07,2.8924367204840546e-18,1.7751249033031744e-18,-2.0321024254319687e-19,0.0,0.00020941798717947693,0.0050937225180015845,0.0006878308177246176,0.0010540728463682544,0.004558525367537378,0.006571711631607713,2.8467998921125847e-06,2.1146859477280526e-06,9.735413572745745e-07,7.017437159627718e-07,1.8375015208448075e-12,2.6489992144446847e-12,5.525421595901782e-06,8.454801623034183e-06,2.8366812492214465e-06,4.6319838385689816e-06,3.144325583961912e-06,5.503819907301365e-06,1.1542915470986943e-11,8.831277284889156e-12,2.2690635700377e-11,1.7923993116596987e-11,2.349995084503481e-09,1.9186398286949226e-09,1.6640165110892144e-13,1.3585766093022668e-13,9.622874474250505e-09,8.129415419472713e-09,7.657277735861493e-12,3.027865126597656e-12,1.0031492396269242e-06,7.930299688616536e-07,1.634653651410619e-08,1.2922596988259316e-08,1.2084124301459096e-08,9.252275685482917e-09,2.069313143556506e-09,1.584380895640598e-09,2.9940452473593365e-09,2.222448057959906e-09,2.3209769763214599e-07,1.2104161260189862e-07,2.023302538071404e-09,1.0551754907014531e-09,6.07028954405321e-12,2.361935188848044e-12,1.9875995804561375e-10,1.0824194640932464e-10,5.307790553294339e-11,2.8905499189618295e-11,6.973592028857122e-13,3.797722549804613e-13,1.5700903665068874e-15,6.206099079156e-16,1.7130139625544988e-17,6.7710334400960794e-18,1.1655333736530476e-17,4.6070059095047855e-18,-4.163727464909162e-20,0.0,-2.4223874676576983e-17,0.0,-1.517358101515801e-18,0.0,7.650508967718551e-17,6.237904684988405e-17
0.004906250000000001,0.4906250000000001,1962.743303187702,99997.6425,0.42960422214882243,1103207840.0095634,0.19848896266570892,0.27034399182812563,1.6559729523004392e-05,2.385765294435991e-05,0.002951527645269511,0.002413533754495499,1.3040277227528034e-05,7.269766788685819e-06,0.7800760528922792,0.6832449780165436,0.010990243762720016,0.008427506917524929,0.001855299558749462,0.022580738434674435,3.239005644157263e-07,1.727512889054116e-07,2.8663918236601746e-18,1.7604893383059786e-18,-2.0201940717433017e-19,0.0,0.0002097668554983039,0.005106119358389809,0.000721203773441038,0.001106062780925102,0.00466199476230177,0.006726028390615247,2.9842285269083167e-06,2.2184712700664436e-06,1.023801600351134e-06,7.385377913765784e-07,1.902675730813225e-12,2.7450590650740825e-12,4.718896194493984e-06,7.2262206392904725e-06,2.4261852531263175e-06,3.96472663796241e-06,2.7004194991399884e-06,4.730431230351151e-06,8.48294970060889e-12,6.495127640244286e-12,1.663009954512361e-11,1.3146669545347569e-11,1.7212845938164687e-09,1.4064100982859183e-09,1.2451840411960948e-13,1.0174025934199362e-13,9.565363177105077e-09,8.08702438708359e-09,8.318914341412578e-12,3.292013226686887e-12,8.890286388905664e-07,7.033517874210362e-07,1.6275637035387127e-08,1.287641128697617e-08,1.0500796746607226e-08,8.04615557916577e-09,1.7949495595650994e-09,1.375366437568861e-09,2.5975639949836284e-09,1.929622296846309e-09,2.3693739558508645e-07,1.236602931327225e-07,2.059887748269597e-09,1.0750785967850626e-09,6.494837090242282e-12,2.5290628630259715e-12,1.7862286931837892e-10,9.735013334614755e-11,4.764239688936804e-11,2.596528489217842e-11,6.232243655251585e-13,3.396596153670666e-13,1.4035238604562851e-15,5.551964091797471e-16,1.5258792849435844e-17,6.035969346235596e-18,1.03711839427442e-17,4.1025623049132166e-18,-4.126342482402875e-20,0.0,-2.399389665328479e-17,0.0,-1.505283614768654e-18,0.0,7.573988165494695e-17,6.180246832338267e-17
0.004914062500000001,0.4914062500000001,1961.2063501715209,99997.6425,0.42769698449146065,1097871714.6230125,0.1979743263809649,0.2698511890796652,1.393317797823671e-05,2.0089066869028944e-05,0.0029331890295533586,0.00240038926422187,1.166083816087238e-05,6.505767291411389e-06,0.7799426755077616,0.6836554625420421,0.011574773893958034,0.008882585789195355,0.0018075082771510961,0.02201605470044914,3.3533997938157496e-07,1.7899051881916907e-07,2.840435450833316e-18,1.745893987329789e-18,-2.0082973705925034e-19,0.0,0.00020993851163879848,0.005114242423559639,0.0007549633130701398,0.0011587312991990582,0.004763024770729368,0.0068770923605958895,3.1260436607863335e-06,2.3256902528385595e-06,1.0750291419216299e-06,7.760903055512648e-07,1.968381888387986e-12,2.8420477950391668e-12,4.019669204334129e-06,6.16021983185041e-06,2.06901727578507e-06,3.3836739589490255e-06,2.3108155676298615e-06,4.0510712783060765e-06,6.205631940985096e-12,4.755124738971316e-12,1.2125385057846506e-11,9.592935820543474e-12,1.2549573162426593e-09,1.0261795394993978e-09,9.27078570199899e-14,7.580728427448277e-14,9.509585959072234e-09,8.046073570895652e-09,9.022439511557524e-12,3.5731726420889607e-12,7.865053119859728e-07,6.227211355860648e-07,1.6195622695167967e-08,1.282299865310803e-08,9.098496955804317e-09,6.977035448894759e-09,1.5523350263201206e-09,1.1903830445628826e-09,2.2474444311239953e-09,1.6708217396241026e-09,2.4178308050436544e-07,1.262867159876909e-07,2.096179505957058e-09,1.0948641458939374e-09,6.939801050572387e-12,2.704415924966462e-12,1.6028281155860317e-10,8.74221621241917e-11,4.2696251320770476e-11,2.3287578803762776e-11,5.559782662420772e-13,3.032441323951372e-13,1.2509724084672323e-15,4.952331197996047e-16,1.3550008546310088e-17,5.36415748283566e-18,9.20185633797308e-18,3.642817372595585e-18,-4.089080410018399e-20,0.0,-2.3764840090695635e-17,0.0,-1.4932479458640062e-18,0.0,7.497802360783676e-17,6.122803036682766e-17
0.004921875000000001,0.49218750000000006,1959.6011074967073,99997.6425,0.42576373116725585,1094381954.1141498,0.19744106329782846,0.2693335143924855,1.1699989330982808e-05,1.6882334464100423e-05,0.00291412021048978,0.002386637945386864,1.041903280584113e-05,5.8174628276764885e-06,0.7798063948105926,0.6840673324642343,0.012182290503785295,0.009356066518667414,0.001760758271329763,0.02146329489974241,3.4692280510695744e-07,1.8531688756260342e-07,2.814568237052205e-18,1.7313392784697427e-18,-1.99641225534451e-19,0.0,0.0002099363343114141,0.0051181647439813745,0.0007890303045809465,0.0012119592801714807,0.004861414623509783,0.007024608657294362,3.272167142145927e-06,2.4362944015842386e-06,1.1271432653331274e-06,8.143453040787716e-07,2.0342077062939736e-12,2.9393734480625287e-12,3.4153098807747188e-06,5.238096139385125e-06,1.7593691176657e-06,2.879511459554047e-06,1.970442507195034e-06,3.4570512851422313e-06,4.519025672030148e-12,3.4654382402738084e-12,8.793596122684201e-12,6.96241601824095e-12,9.106605532355617e-10,7.452266475737602e-10,6.867134543409999e-14,5.6196259254238593e-14,9.454278272976091e-09,8.005495661042773e-09,9.769263040561948e-12,3.871945885406437e-12,6.947661094171692e-07,5.505135668457646e-07,1.6107098503076103e-08,1.2762822089728969e-08,7.860879912647446e-09,6.032674483111891e-09,1.3385696988183882e-09,1.027258443795365e-09,1.939332662467824e-09,1.4428823519003457e-09,2.466350359045821e-07,1.289210958902727e-07,2.1321810317345847e-09,1.1145339275885423e-09,7.405595332491787e-12,2.888177603615874e-12,1.436295621086608e-10,7.839996745868889e-11,3.820914802034068e-11,2.085640252215392e-11,4.951764658616561e-13,2.70291284328308e-13,1.1118340900509886e-15,4.404933850099216e-16,1.1996366984535824e-17,4.752795716667683e-18,8.141307992962915e-18,3.2254743295954365e-18,-4.051942113844954e-20,0.0,-2.3536711689759688e-17,0.0,-1.4812512958470037e-18,0.0,7.421954003572975e-17,6.065575511444726e-17
0.004929687500000001,0.49296875000000007,1957.9274478862808,99997.6425,0.42380439471661757,1092549048.3071685,0.19688935470991023,0.26879116916064577,9.805044358356738e-06,1.415912582144799e-05,0.002894410925704539,0.002372351906075706,9.303313532559597e-06,5.198567804550587e-06,0.7796672208286943,0.6844806552688172,0.012812870333987775,0.009848058601866667,0.0017150463760086188,0.020922441757552823,3.586435462905018e-07,1.9172776619480946e-07,2.788790846976049e-18,1.7168256291938126e-18,-1.9845386900350467e-19,0.0,0.0002097642512642565,0.005117972774715251,0.0008233243659327191,0.00126562532714348,0.004956975498280832,0.007168298598156316,3.422509989776222e-06,2.550227099057129e-06,1.1800623996186456e-06,8.532460618230877e-07,2.0997435191653714e-12,3.0364460203890664e-12,2.8944723180794997e-06,4.442757359441566e-06,1.4918423063073484e-06,2.443569015088702e-06,1.6743943058692877e-06,2.9399479189124493e-06,3.275180860661084e-12,2.5135555419405017e-12,6.338887365844984e-12,5.0228051788618435e-12,6.573782653208332e-10,5.383776668416215e-10,5.058361049996911e-14,4.142681259488799e-14,9.398393968900736e-09,7.964404985955356e-09,1.0560835792345529e-11,4.188954176113189e-12,6.129994556398236e-07,4.861041552814168e-07,1.6010652239643043e-08,1.2696331963839662e-08,6.772357124994237e-09,5.201378109736316e-09,1.1508890326726e-09,8.839180968744261e-10,1.6691005653726915e-09,1.2427991791831568e-09,2.514936849104172e-07,1.3156372040424898e-07,2.1678967848323644e-09,1.1340903711620053e-09,7.892651085610306e-12,3.0805386852707145e-12,1.2855109801953099e-10,7.022434230585146e-11,3.415028510952767e-11,1.865547123533347e-11,4.403688731134524e-13,2.405628186984659e-13,9.854605295256382e-16,3.907315527452137e-16,1.0589878851434011e-17,4.198848845824687e-18,7.183150119601774e-18,2.8480931663341143e-18,-4.014928504252923e-20,0.0,-2.330951834981412e-17,0.0,-1.4692938834518026e-18,0.0,7.346445594904519e-17,6.008566412959183e-17
0.004937500000000001,0.4937500000000001,1956.1851431181358,99997.6425,0.42181897392658696,1092177498.8050778,0.19631941045856308,0.2682243894822917,8.200046024325916e-06,1.1850738954946168e-05,0.0028741440323289762,0.002357597780347701,8.302726849344855e-06,4.643111032322319e-06,0.7795251646906735,0.6848954894401067,0.013466548650822327,0.010358640500965268,0.0016703670611039794,0.020393448957028524,3.704977776052812e-07,1.9822109134733875e-07,2.763103971659681e-18,1.7023534458332225e-18,-1.9726766677854348e-19,0.0,0.0002094266880735593,0.00511376519918313,0.0008577643223008976,0.0013196064529461347,0.005049530791347937,0.007307900132652023,3.576971560492267e-06,2.667422944652715e-06,1.2337050823652027e-06,8.927357716600273e-07,2.164585812337871e-12,3.1326825399747598e-12,2.4468706739847093e-06,3.758689700575844e-06,1.2614612794590543e-06,2.067844506892796e-06,1.4179895201777244e-06,2.4917082101600665e-06,2.359289047196692e-12,1.8120768573229093e-12,4.5333955224860445e-12,3.5950023056053216e-12,4.712467955601684e-10,3.8624455362109936e-10,3.699842094179189e-14,3.03247443080456e-14,9.34107562439184e-09,7.922073018488861e-09,1.1398708677393897e-11,4.524860946218554e-12,5.404198307836021e-07,4.288869039624794e-07,1.5906853787521098e-08,1.2623965450752606e-08,5.818413605835861e-09,4.4722433568595285e-09,9.867144729172047e-10,7.584244685175113e-10,1.4328751022349093e-09,1.0677487050806138e-09,2.5635974302778275e-07,1.342150300451115e-07,2.2033338908689957e-09,1.1535372943884809e-09,8.401454623710862e-12,3.2817123578381348e-12,1.1493601879134488e-10,6.283625640699267e-11,3.04890442224071e-11,1.6668555432055555e-11,3.911075771638966e-13,2.1382101328916852e-13,8.712196804752149e-16,3.457078091383145e-16,9.3226543110735e-18,3.699313123272323e-18,6.3211582426131464e-18,2.5082924734647997e-18,-3.978040531229127e-20,0.0,-2.308326714030587e-17,0.0,-1.4573759436024378e-18,0.0,7.271279677483608e-17,5.951777838425145e-17
0.004953125000000001,0.4953125000000001,1952.4934570389635,99997.6425,0.41776910467850464,1096394599.494378,0.19512529579740764,0.2670180875653118,5.7314602478970625e-06,8.296339365310852e-06,0.002832158339763705,0.0023268629168394124,6.614980181093764e-06,3.705176907440203e-06,0.779232458646974,0.6857302109286643,0.01484336073693111,0.011435911380146631,0.0015840459024277196,0.019370400834789008,3.9460295116849323e-07,2.1145437103756594e-07,2.7119927619939167e-18,1.6735285108848512e-18,-1.9489768921170186e-19,0.0,0.00020826959025123124,0.005093621894012883,0.0009268588986642013,0.0014281774073781049,0.005225197971467251,0.00757419376162859,3.897945240735583e-06,2.9114156456126908e-06,1.3429373106058119e-06,9.733284227499404e-07,2.290893529673597e-12,3.3207682418464726e-12,1.7431138066114307e-06,2.6819043408494163e-06,8.982375893980854e-07,1.474780076919179e-06,1.0105944196822225e-06,1.7786608267712788e-06,1.226619676186475e-12,9.43620726787444e-13,2.3411864113676394e-12,1.8595319258025802e-12,2.4418975072281263e-10,2.004626524231677e-10,1.9962936903024833e-14,1.6388170551348355e-14,9.2199664975088e-09,7.83183227804813e-09,1.3218446259960628e-11,5.2555972321796235e-12,4.205727006142037e-07,3.3430638375437547e-07,1.567880521950713e-08,1.2462826681018387e-08,4.275687354157097e-09,3.2916894930950686e-09,7.219079110901094e-10,5.557695147207464e-10,1.0513981814014632e-09,7.847295754130479e-10,2.661190448038284e-07,1.3954663347438696e-07,2.273421676693516e-09,1.1921294159316493e-09,9.486712499144031e-12,3.711537458274079e-12,9.176842989121985e-11,5.025040161037508e-11,2.4268364936273027e-11,1.3288830221029445e-11,3.078691167850786e-13,1.6858245019796122e-13,6.775537247394276e-16,2.6928820532829394e-16,7.186137254680936e-18,2.8560716794820012e-18,4.873432946816334e-18,1.936906202590288e-18,-3.904626976432601e-20,0.0,-2.263353050477922e-17,0.0,-1.433648824312659e-18,0.0,7.121959658298107e-17,5.838851827813943e-17
0.004968750000000001,0.49687500000000007,1948.5223212601454,99997.6425,0.4136164845315286,1104483709.5003626,0.19386133829849128,0.26571756554509607,3.983055238805565e-06,5.77483400716404e-06,0.0027887693128966985,0.002294921373747242,5.270988096639707e-06,2.957157040556767e-06,0.7789284660495626,0.6865715068626528,0.01631188121918605,0.012587646586137207,0.0015017397587479295,0.01839363126371736,4.19187536502997e-07,2.2499177983328846e-07,2.66125060087501e-18,1.644872779533104e-18,-1.9253205481522577e-19,0.0,0.00020651180379301784,0.00505880189752838,0.000995601569511214,0.001536583123578683,0.005387116147799607,0.00782153426567615,4.234069079266948e-06,3.167585664198906e-06,1.454134552763126e-06,1.0556263239271385e-06,2.4099979141085763e-12,3.499067172165501e-12,1.23221011164721e-06,1.8989094704458375e-06,6.341605612633532e-07,1.0428869135360595e-06,7.125742109827848e-07,1.256169651282938e-06,6.282155978110045e-13,4.840589023289285e-13,1.1891745272902285e-12,9.460524044701266e-13,1.2477950519200403e-10,1.0260091922383454e-10,1.0639172496310316e-14,8.748142383019538e-15,9.086572236186834e-09,7.731007071497441e-09,1.5239983096862007e-11,6.069153231670752e-12,3.2809007102294667e-07,2.6121531130747184e-07,1.5427461160513863e-08,1.2282874203302875e-08,3.1139028737779286e-09,2.4011535529000514e-09,5.233151062750157e-10,4.035321516608533e-10,7.652884137619033e-10,5.72110461692825e-10,2.759124483230712e-07,1.4491610557273544e-07,2.342439373684683e-09,1.2303076343157407e-09,1.0664919929566282e-11,4.1792433459343845e-12,7.314776011715474e-11,4.011891872722731e-11,1.927971918273336e-11,1.0574233383729364e-11,2.416482769155428e-13,1.3253539912393804e-13,5.226211148749537e-16,2.0804749865223906e-16,5.489931808664291e-18,2.1854581609035295e-18,3.726542513215539e-18,1.483479764649817e-18,-3.831724009497718e-20,0.0,-2.218762667122512e-17,0.0,-1.4100735229800125e-18,0.0,6.974033531299324e-17,5.726825206784847e-17
0.004984375000000001,0.4984375000000001,1944.2669222574132,99997.6425,0.40936313641524696,1115337634.8063703,0.19252994586444333,0.2643255689779513,2.753626392131314e-06,3.9988951760824665e-06,0.00274439922055524,0.0022621132097973167,4.206700933329579e-06,2.363936571578028e-06,0.7786133867886434,0.6874195758016077,0.01787098915294195,0.013813410260624354,0.0014233415945494438,0.01746199126752639,4.442243312462538e-07,2.38820971492062e-07,2.6108836866870895e-18,1.616389030653944e-18,-1.9017085409034266e-19,0.0,0.000204199591275163,0.00501036644096399,0.001063399644934121,0.0016439129855393736,0.005534402437531674,0.008048559847127304,4.584383702876918e-06,3.435288520357454e-06,1.5667268252166435e-06,1.1392281966469977e-06,2.5193758737298106e-12,3.66387297020754e-12,8.648905626315084e-07,1.3350344697489687e-06,4.44322117474926e-07,7.318932621465647e-07,4.977410284807006e-07,8.788878600417348e-07,3.1787199832429746e-13,2.4533165990373333e-13,5.95496656001539e-13,4.745268070928792e-13,6.315652987469384e-11,5.201613520674575e-11,5.634425840645854e-15,4.6405503424730024e-15,8.93882306851311e-09,7.617775275369435e-09,1.7475006984029595e-11,6.970642403880713e-12,2.575293822634087e-07,2.053733829856217e-07,1.5156551731995097e-08,1.2086979265195464e-08,2.2486831473791964e-09,1.7368206154373272e-09,3.760803322655914e-10,2.9047403806119787e-10,5.529536456667247e-10,4.1405239924601735e-10,2.857469912125679e-07,1.5032764512233562e-07,2.4104342055073044e-09,1.2680969843237452e-09,1.1940780285604864e-11,4.686888224925471e-12,5.830242103568248e-11,3.202923792934622e-11,1.5311882587554006e-11,8.411793572737348e-12,1.894254681621594e-13,1.0406348967790475e-13,4.000579871076174e-16,1.5951822949404789e-16,4.15931132621144e-18,1.6584745213281007e-18,2.828537915666109e-18,1.1278448997506616e-18,-3.7593402912893845e-20,0.0,-2.1745615951717322e-17,0.0,-1.3866525619159004e-18,0.0,6.82752230712905e-17,5.615712337359738e-17
0.005,0.5,1939.7216603203628,99997.6425,0.40501178013375394,1127954794.7465544,0.1911337612602135,0.2628451211162862,1.8948131708611762e-06,2.756278048231495e-06,0.0026993831677323598,0.0022287081997451144,3.368024385717119e-06,1.8957935259562022e-06,0.7782874778697255,0.6882745308129817,0.019519049772953177,0.01511237138555483,0.0013487246681097831,0.016574084679630244,4.6969413099248843e-07,2.529338058764041e-07,2.5608983425343106e-18,1.5880798515672526e-18,-1.8781420639119128e-19,0.0,0.0002013819283499141,0.0049494477447298004,0.0011296939747307106,0.001749301845811226,0.005666380992887397,0.008254197206134736,4.947881364142958e-06,3.7138397733671952e-06,1.6801970628382333e-06,1.2237685675604496e-06,2.616909017568873e-12,3.8120421356487205e-12,6.031616612767678e-07,9.325812432992335e-07,3.0925201939343014e-07,5.102511451269454e-07,3.449475560562123e-07,6.101051964744955e-07,1.5916425815403788e-13,1.2304628368113596e-13,2.9464482382245963e-13,2.351808023004255e-13,3.183110058321369e-11,2.6259902126254018e-11,2.9910967842201426e-15,2.4675838210003863e-15,8.775902712458464e-09,7.491369917623125e-09,1.993619010342636e-11,7.965613662671895e-12,2.042643117254744e-07,1.6316668597514442e-07,1.4869615349699072e-08,1.1877874494279337e-08,1.6111766701427251e-09,1.246497729703527e-09,2.681162513960963e-10,2.0742995157213188e-10,3.968925894779283e-10,2.9768790985437126e-10,2.956358805389165e-07,1.5578870136935858e-07,2.477483432763285e-09,1.3055381706398992e-09,1.3319852562863343e-11,5.23688375352429e-12,4.655091503844475e-11,2.561591451828559e-11,1.2178644987239125e-11,6.701632581959391e-12,1.4855466358448838e-13,8.174626772707288e-14,3.0416286329023384e-16,1.2148291099053736e-16,3.127577711999532e-18,1.2491572465251289e-18,2.1331740966587495e-18,8.519915814457534e-19,-3.687484679715922e-20,0.0,-2.1307558855834248e-17,0.0,-1.3633885844872127e-18,0.0,6.68244684421565e-17,5.5055265976808535e-17
0.005015624999999999,0.5015624999999999,1934.8803745745586,99997.6425,0.4005657024685711,1141470508.446742,0.18967558773672594,0.26127943110820084,1.2984758974188735e-06,1.8920028811780186e-06,0.002653982256068689,0.002194916280317077,2.7099675406669583e-06,1.5279571216502086e-06,0.7779510554476687,0.6891364158359752,0.021253985130056007,0.016483354090733968,0.0012777481650228743,0.015728336349609424,4.955843862998966e-07,2.6732564905609464e-07,2.511300929378163e-18,1.5599476475584137e-18,-1.8546225355646107e-19,0.0,0.00019810903490745648,0.004877213867671974,0.0011939691619623168,0.0018519460091473117,0.005782574110148667,0.00843765075700116,5.32354521188201e-06,4.002543874988023e-06,1.7940918532235867e-06,1.3089257651634679e-06,2.700919899989504e-12,3.9410508892137706e-12,4.181995166936287e-07,6.476908230107334e-07,2.1404601228724653e-07,3.537609198751015e-07,2.376012624418471e-07,4.2095111575638675e-07,7.897517017092689e-14,6.115680545237663e-14,1.443564396594763e-13,1.154171864676499e-13,1.610435117570394e-11,1.3308096761604903e-11,1.613089061770533e-15,1.3330028068138155e-15,8.597898767520376e-09,7.351789089941442e-09,2.2637245186908767e-11,9.060077590016785e-12,1.6443748366437748e-07,1.315743064698737e-07,1.4569971700576082e-08,1.1658132191451654e-08,1.1461102939830793e-09,8.88190267154783e-10,1.897569088068959e-10,1.4705411897308282e-10,2.8320263533544145e-10,2.1277312222556805e-10,3.055984110865815e-07,1.6130995733007525e-07,2.543690127284188e-09,1.3426854689270433e-09,1.4808693088921622e-11,5.8320537495989e-12,3.73057540699253e-11,2.0563107003198105e-11,9.719813375094957e-12,5.3576068214185265e-12,1.1677619007942022e-13,6.436758489127431e-14,2.2988706081422255e-16,9.197182393877009e-17,2.3361332625404006e-18,9.346260566335343e-19,1.6001241836445214e-18,6.401679989168721e-19,-3.616166104838535e-20,0.0,-2.087351538876239e-17,0.0,-1.3402843038821173e-18,0.0,6.538827628501494e-17,5.3962804297421995e-17
0.005031249999999999,0.5031249999999999,1929.7365418488216,99997.6425,0.39602863381892583,1155164276.1864061,0.18815832304546287,0.2596318135439049,8.86621925297582e-07,1.2940976764669266e-06,0.0026083966810745663,0.002160898030228412,2.1955976201689395e-06,1.2400537761199488e-06,0.7776044927611823,0.6900052202881004,0.0230733479614131,0.01792489090422603,0.001210262128324864,0.014923052104111476,5.218892844530092e-07,2.819954392571206e-07,2.4620977665381585e-18,1.5319946551840915e-18,-1.8311515363500909e-19,0.0,0.00019443116326265205,0.004794839584128054,0.0012557600455891033,0.0019511136274384016,0.005882687663129532,0.008598383638573839,5.710379000029456e-06,4.300716129973015e-06,1.908027489090101e-06,1.394426602568735e-06,2.7701793973650342e-12,4.049010685287062e-12,2.884641782870509e-07,4.475244801155353e-07,1.4750367016121707e-07,2.4420032047960056e-07,1.630084838370707e-07,2.892902647705536e-07,3.888391223632957e-14,3.016232849387844e-14,7.019390496301987e-14,5.6217873530129634e-14,8.289218460903657e-12,6.861625214022375e-12,9.016814717601826e-16,7.463912732940559e-16,8.40552759231446e-09,7.1995670381508e-09,2.559318320696314e-11,1.026061370763247e-11,1.3490409268230986e-07,1.0812748022725686e-07,1.426070732527143e-08,1.1430152478555488e-08,8.099516730228778e-10,6.287520198721279e-10,1.3342206758849853e-10,1.035733331825768e-10,2.010399507874373e-10,1.5130125667358567e-10,3.156601767164994e-07,1.6690546981695648e-07,2.6091833258629732e-09,1.3796069348109374e-09,1.6415064464812936e-11,6.475720083754694e-12,3.007112953285185e-11,1.660364134960797e-11,7.80048660413767e-12,4.307004224301925e-12,9.220172101244987e-14,5.0908773008838386e-14,1.7287560304502995e-16,6.928108324350994e-17,1.734875179444363e-18,6.952631233504736e-19,1.1951726831789038e-18,4.789736474967992e-19,-3.5453934525070664e-20,0.0,-2.0443544419246427e-17,0.0,-1.317342459781036e-18,0.0,6.396684577816158e-17,5.2879854021276234e-17
0.005046874999999999,0.5046875,1924.2834465116107,99997.6425,0.39140463515657603,1168453326.2656052,0.18658490247817744,0.25790561972793913,6.035427956398457e-07,8.824426563901816e-07,0.002562777834065197,0.002126774410173698,1.7949324475611973e-06,1.015513517635575e-06,0.7772482153460301,0.6908808917911762,0.0249743946123235,0.019435275782030945,0.0011461116616646944,0.014156470091552518,5.486099677726901e-07,2.969458301501903e-07,2.4132950616276053e-18,1.5042229573716673e-18,-1.8077307498414396e-19,0.0,0.00019039762586771616,0.00470348289133364,0.0013146551885262064,0.002046150590947805,0.0059665932396749995,0.008736093872445297,6.10743139945615e-06,4.607700839528378e-06,2.0216920199293912e-06,1.4800482082333756e-06,2.8238924082451515e-12,4.134652417743668e-12,1.9807965009734742e-07,3.0783259224102386e-07,1.0134506836373428e-07,1.6807218863095624e-07,1.1167346368463723e-07,1.9852875994190153e-07,1.9022252170207118e-14,1.478109738415707e-14,3.3973775801080633e-14,2.7256410395568023e-14,4.436216059180701e-12,3.678543782862088e-12,5.364912216505814e-16,4.448625634179116e-16,8.199923679610237e-09,7.035598448942412e-09,2.8820632201118193e-11,1.1574503419815133e-11,1.13153895610136e-07,9.08511229539175e-08,1.39446662015443e-08,1.119615526090959e-08,5.690188630373557e-10,4.4248319606348427e-10,9.327378114497241e-11,7.25320081124338e-11,1.4208512449257215e-10,1.0711705166841301e-10,3.258531950917451e-07,1.7259276662409693e-07,2.674118047161864e-09,1.4163845528939712e-09,1.8148163367510588e-11,7.1717969926389824e-12,2.4435961758856418e-11,1.351552348729582e-11,6.309070402662906e-12,3.489545042330431e-12,7.328170327723822e-14,4.0532089205516423e-14,1.2946556599377336e-16,5.197387147378605e-17,1.282046320205858e-18,5.146767030935802e-19,8.899840797258114e-19,3.5728355890098024e-19,-3.4751754614423964e-20,0.0,-2.0017703132227723e-17,0.0,-1.2945657798320187e-18,0.0,6.256036874901033e-17,5.180652279747501e-17
0.005062499999999999,0.5062499999999999,1918.5143217169132,99997.6425,0.38669799776299196,1180879200.3703425,0.18495825127202853,0.25610418083042313,4.0979574927938176e-07,6.002117932473934e-07,0.0025172388911518,0.0020926353245119306,1.4838603673074948e-06,8.409870098828751e-07,0.7768826946495434,0.6917633470313712,0.02695415384146973,0.021012614492346815,0.0010851404079856215,0.013426803471172546,5.757546974408957e-07,3.121833085561593e-07,2.3648988511331997e-18,1.4766344990208224e-18,-1.784361909363224e-19,0.0,0.00018605604324635646,0.004604266708545443,0.0013702979785823568,0.002136482809509939,0.006034308756043802,0.008850688178251074,6.513815689039421e-06,4.922886178694719e-06,2.134844094668923e-06,1.5656175508230988e-06,2.8616676652726255e-12,4.197287410881024e-12,1.3549050815758158e-07,2.1093189920462805e-07,6.953841181845943e-08,1.1552518035678436e-07,7.663312745978994e-08,1.3647359919371097e-07,9.258585269752058e-15,7.206892207627742e-15,1.6435168074990373e-14,1.320862605157284e-14,2.5461239160694377e-12,2.1149564458169154e-12,3.4903091141530073e-16,2.899250783625298e-16,7.982480866098232e-09,6.861005580039067e-09,3.233818391442802e-11,1.3009875578041515e-11,9.722091747769062e-08,7.819503110789062e-08,1.3624443093592529e-08,1.0958174219818729e-08,3.9766810208780743e-10,3.097772552948965e-10,6.48892306893131e-11,5.0547699640979296e-11,1.0004965930213104e-10,7.555866299006758e-11,3.362158819159393e-07,1.783928661843564e-07,2.738674418538437e-09,1.453113922771195e-09,2.0018866241059818e-11,7.92489355380633e-12,2.0064433108702528e-11,1.1117035198652179e-11,5.154616607889349e-12,2.8560016600024724e-12,5.876392423497034e-14,3.255913638784783e-14,9.66434879358389e-17,3.886530152964302e-17,9.436155350832114e-19,3.7947618698749844e-19,6.6157867339843e-19,2.6605470452682303e-19,-3.405520635828452e-20,0.0,-1.9596046573340604e-17,0.0,-1.2719569462119522e-18,0.0,6.116902830697822e-17,5.074291095031266e-17
0.005078124999999999,0.5078124999999999,1912.4224642851832,99997.6425,0.38191315700149575,1192091590.7784026,0.18328124627905984,0.2542307626088351,2.776759787698379e-07,4.0742014572104164e-07,0.0024718636948670445,0.002058546830495736,1.243142969224533e-06,7.058045335865987e-07,0.7765084409237049,0.6926524808516763,0.029009489309499755,0.022654870641613735,0.0010271933355660797,0.012732274776503044,6.03338950136837e-07,3.2771827903238363e-07,2.316914951979522e-18,1.4492311022272516e-18,-1.7610467514603522e-19,0.0,0.00018145178917252828,0.004498265240709611,0.001422385883675367,0.002221615682601519,0.006085978865791409,0.008942255316020152,6.928725050633825e-06,5.245715943736479e-06,2.2473093837055635e-06,1.6510092070924238e-06,2.8834768727484147e-12,4.236752536044614e-12,9.238102216559776e-08,1.4407322174761053e-07,4.774689224136503e-08,7.946284503897979e-08,5.2871901142324726e-08,9.432441828967587e-08,4.489527204271329e-15,3.5008307619905615e-15,7.999994892385722e-15,6.440807483995605e-15,1.6197318632308448e-12,1.3478207272839564e-12,2.5199250444913574e-16,2.0968947288550933e-16,7.754734431606861e-09,6.677039249476399e-09,3.616676199699986e-11,1.457586233836651e-11,8.559132046695824e-08,6.896302153387862e-08,1.3302380288204185e-08,1.0718053340717078e-08,2.7665805574996064e-10,2.1589331988391977e-10,4.4967180833915984e-11,3.5090660670400785e-11,7.02430138492994e-11,5.314212306727541e-11,3.467929181079489e-07,1.8433024152614914e-07,2.8030560721089595e-09,1.48990355859098e-09,2.2039998377303813e-11,8.740426623269926e-12,1.668557930807186e-11,9.261268805480105e-12,4.263920454572763e-12,2.3666732071975363e-12,4.7649463253533186e-14,2.6447657553869622e-14,7.197709516617741e-17,2.899685351745063e-17,6.923808388445081e-19,2.7893409307379303e-19,4.9165519114127685e-19,1.9806930976726903e-19,-3.3364371739526716e-20,0.0,-1.917862728578196e-17,0.0,-1.2495185676366047e-18,0.0,5.979299777530437e-17,4.968911216781887e-17
0.005093749999999999,0.5093749999999999,1906.0013262539087,99997.6425,0.377054620359436,1201831903.629545,0.18155668638765665,0.25228853094008696,1.8786241360764225e-07,2.7613361300965994e-07,0.002426713954188836,0.0020245570025481377,1.057529666880671e-06,6.014937433647225e-07,0.7761259960469288,0.6935481737238471,0.031137154426193553,0.02435990627929563,0.0009721188873595508,0.012071142587348042,6.313854586675306e-07,3.435651206539372e-07,2.2693489237549776e-18,1.4220144805572718e-18,-1.7377869766042686e-19,0.0,0.00017662760728408598,0.004386494409504733,0.001470668347851097,0.0023011314798530116,0.0061218561052569995,0.009011040302710447,7.351443752405172e-06,5.575698348815003e-06,2.3589753094567836e-06,1.7361418841877164e-06,2.889607634590012e-12,4.253345783797591e-12,6.282771710667954e-08,9.81582876166212e-08,3.288869928989187e-08,5.483285866046826e-08,3.6834294811838317e-08,6.583043997307769e-08,2.1718224859345846e-15,1.6965631256713898e-15,3.962774409177642e-15,3.1961352394597293e-15,1.1630318020033585e-12,9.695177947715295e-13,2.0069493513234555e-16,1.673017974196074e-16,7.518275190395495e-09,6.485006368193346e-09,4.033001280506702e-11,1.6282765895579875e-11,7.711687269226375e-08,6.22459577192161e-08,1.2980568602490302e-08,1.047744671423964e-08,1.917401622047526e-10,1.4989397055451191e-10,3.107648212108683e-11,2.4294217979338627e-11,4.9207759107041665e-11,3.729447868787581e-11,3.5763507896504756e-07,1.9043276430166249e-07,2.8674881444234467e-09,1.5268739731153992e-09,2.422663418383214e-11,9.624747477993888e-12,1.4082998953770875e-11,7.830681071205807e-12,3.57866581124273e-12,1.9898737989159795e-12,3.915010402858624e-14,2.176894137099261e-14,5.353528375706245e-17,2.160587490707882e-17,5.06961497322007e-19,2.0460051624177066e-19,3.6586603774776892e-19,1.476569336999928e-19,-3.2679329124512076e-20,0.0,-1.8765495035207277e-17,0.0,-1.2272531568006644e-18,0.0,5.843243990402244e-17,4.8645214142793324e-17
0.005109374999999999,0.5109374999999999,1899.2445863496393,99997.6425,0.3721269092143734,1209917879.1939814,0.17978727087474522,0.2502805270627006,1.2696675224268024e-07,1.8696152811376908e-07,0.0023818349192233417,0.0019907005682849596,9.149945138885771e-07,5.213626382818221e-07,0.7757359267229468,0.6944502977716134,0.033333838975389156,0.02612551657600512,0.0009197705656129691,0.011441721349663815,6.599242106306735e-07,3.5974222292250345e-07,2.2222060408248963e-18,1.3949862520504495e-18,-1.714584217063548e-19,0.0,0.00017162337215580217,0.004269905723690299,0.0015149437544011554,0.002374685267817146,0.006142283405252278,0.009057420412527812,7.781354640729954e-06,5.912412153634604e-06,2.4697847201274028e-06,1.8209741445260164e-06,2.880613803008977e-12,4.247757476913631e-12,4.264963582640229e-08,6.675347547292294e-08,2.2796592085142582e-08,3.807561957422886e-08,2.603566923102097e-08,4.6615033872533706e-08,1.0496242192923008e-15,8.214145703788172e-16,2.0354355813992765e-15,1.6446217167794848e-15,9.340105196934496e-13,7.800075794959146e-13,1.7250786967656393e-16,1.440641652671923e-16,7.274688397392095e-09,6.286218105580336e-09,4.485472261792713e-11,1.8142237796875484e-11,7.093826845018563e-08,5.736211928323635e-08,1.2660853001777606e-08,1.0237821925770273e-08,1.3248764405330834e-10,1.0375984433684384e-10,2.1448366228627204e-11,1.679763541018605e-11,3.442200995143165e-11,2.6135453448658546e-11,3.6879909081743026e-07,1.9673166329034065e-07,2.9322151949197244e-09,1.5641567096686134e-09,2.659643827350241e-11,1.0585286180066091e-11,1.2085323173098736e-11,6.732021874137197e-12,3.0527921714266787e-12,1.7005307496439665e-12,3.264957218717947e-14,1.8187154037764672e-14,3.9806505670635715e-17,1.6094172978942053e-17,3.70795884628226e-19,1.4991652762650558e-19,2.7311613216835593e-19,1.1042361544684969e-19,-3.2000152850345765e-20,0.0,-1.8356696615110595e-17,0.0,-1.2051631129755912e-18,0.0,5.708750633729297e-17,4.761129915312955e-17
0.005124999999999999,0.5125,1892.1462045168566,99997.6425,0.36713451323260626,1216229877.4111319,0.1779755846777791,0.24820965122637595,8.57643036093906e-08,1.2651992304048466e-07,0.002337259749026824,0.001957002486552511,8.060934006038719e-07,4.6014731929516935e-07,0.7753388183364718,0.6953587215260709,0.03559620752788089,0.02794945851755617,0.0008700080318016607,0.010842395289950086,6.889924206217697e-07,3.762720086520033e-07,2.1754912732739895e-18,1.368147950812565e-18,-1.691440011505835e-19,0.0,0.00016647596833647694,0.004149382968898362,0.0015550558152908518,0.0024419999219250305,0.006147678341854514,0.009081883509642176,8.217943455346858e-06,6.2555104773068575e-06,2.5797290276932867e-06,1.905499703558446e-06,2.8572660448779326e-12,4.221001154040456e-12,2.891973849716217e-08,4.534642263007407e-08,1.596055889206418e-08,2.6706394556019205e-08,1.876179291489074e-08,3.365283931694932e-08,5.075612236389107e-16,3.979303920750546e-16,1.1148592665487237e-15,9.024410073696935e-16,8.149898313666801e-13,6.818508093236072e-13,1.560645464258212e-16,1.3056940490744682e-16,7.025511681498298e-09,6.081953913246735e-09,4.977126687627733e-11,2.0167473281707523e-11,6.642007127292367e-08,5.380641502858185e-08,1.2344842559731225e-08,1.0000466869450275e-08,9.13515719984117e-11,7.167374123939874e-11,1.4809995972638215e-11,1.1619809006875815e-11,2.4063201305036e-11,1.8303634419802302e-11,3.8034756804442805e-07,2.032615255632475e-07,2.997499289091836e-09,1.6018934510562912e-09,2.9170059024309923e-11,1.1630718538729755e-11,1.0557776286305472e-11,5.89182475043501e-12,2.6501713363201534e-12,1.478942596319068e-12,2.76697185502312e-14,1.5441237640475803e-14,2.962204876025009e-17,1.1998302764849974e-17,2.712170000943028e-19,1.0985545626650017e-19,2.0492710453118028e-19,8.300497594847662e-20,-3.132691294150342e-20,0.0,-1.795227572323782e-17,0.0,-1.1832507093065897e-18,0.0,5.575833730322617e-17,4.658744457636422e-17
0.005140624999999999,0.5140625,1884.7004623562646,99997.6425,0.36208185597400017,1220699005.9639864,0.1761240894945307,0.24607865337072465,5.793083150659178e-08,8.561681351446317e-08,0.002293012806614112,0.0019234806529668381,7.234325104756643e-07,4.1371998180360955e-07,0.7749352696112061,0.6962733135926522,0.03792093008694303,0.029829473891460588,0.0008226978033100915,0.010271627395738751,7.186344928270682e-07,3.931809525504721e-07,2.1292092754750484e-18,1.341501037193336e-18,-1.668355785667165e-19,0.0,0.00016121926262132558,0.00402574113605074,0.0015908896761683018,0.002502860660361094,0.006138519296043649,0.009085008974622779,8.660800521359352e-06,6.604722686912316e-06,2.6888412120735017e-06,1.9897425881488712e-06,2.820504653941324e-12,4.174347079195047e-12,1.960362377337677e-08,3.0795125151373446e-08,1.1337105218474228e-08,1.9004930588638305e-08,1.3843384753221906e-08,2.4876347100060894e-08,2.4598838803762717e-16,1.9321027793063206e-16,6.728898338560027e-16,5.456820714905018e-16,7.490812094876294e-13,6.278602922537562e-13,1.4569148478896256e-16,1.2211479484453995e-16,6.7722073582891315e-09,5.873437565192735e-09,5.5114098634111854e-11,2.237342376766868e-11,6.309736913916642e-08,5.120860156999351e-08,1.2033924060751884e-08,9.766499474667999e-09,6.291883958615034e-11,4.9456308655478284e-11,1.0254400832959155e-11,8.06030142970809e-12,1.6824773951304465e-11,1.282124240649511e-11,3.923490694881025e-07,2.1006036154680217e-07,3.063618416222022e-09,1.640235296066005e-09,3.1971588620717326e-11,1.2771161560438795e-11,9.394943801760449e-12,5.252529453157624e-12,2.342622921951505e-12,1.3097146885420185e-12,2.3841932842600194e-14,1.3329558656061101e-14,2.2087777146317635e-17,8.963005866044028e-18,1.9864265796627405e-19,8.060726513148099e-20,1.5488676012479202e-19,6.285154591948187e-20,-3.065967493821096e-20,0.0,-1.7552272898715395e-17,0.0,-1.161518084242664e-18,0.0,5.444506149231727e-17,4.5573723339082387e-17
0.005156249999999999,0.5156249999999999,1876.901991979066,99997.6425,0.3569732701179735,1223297032.455581,0.1742351196244259,0.2438901294803932,3.9149389761356594e-08,5.796657504171539e-08,0.002249112102395417,0.0018901479100359626,6.612352499694097e-07,3.788504596262209e-07,0.7745258881154068,0.6971939454003755,0.040304705699769364,0.03176330706882596,0.0007777136247255132,0.00972796439719775,7.489019914042999e-07,4.1049960469196564e-07,2.0833643810402462e-18,1.3150469066284423e-18,-1.6453328382960217e-19,0.0,0.00015588414743976774,0.0038997270670596707,0.0016223679584308408,0.002557109436606453,0.006115333539214937,0.009067451268464932,9.109620365032421e-06,6.959854748950457e-06,2.797188979914357e-06,2.0737523637440567e-06,2.771395971045857e-12,4.1092603947003e-12,1.3296301630105183e-08,2.0925691520106435e-08,8.210310409852555e-09,1.3788817806923077e-08,1.0490916806165393e-08,1.8886918542528348e-08,1.1971380843237357e-16,9.420266987178558e-17,4.580176696075071e-16,3.7211853010155523e-16,7.088972255198976e-13,5.952792402828696e-13,1.3856840260602384e-16,1.1635945305051756e-16,6.516145425479335e-09,5.661822152142364e-09,6.092228494066128e-11,2.4777031262263997e-11,6.063322585788321e-08,4.929985986957145e-08,1.1729278323457103e-08,9.536879648676255e-09,4.334118499371454e-11,3.4130694136703845e-11,7.141006153450612e-12,5.623461769379146e-12,1.1776633078766324e-11,8.990945460749218e-12,4.048783014575303e-07,2.1716974923761182e-07,3.1308653439076776e-09,1.6793422596011377e-09,3.50291064300144e-11,1.4018404501296087e-11,8.514727861962433e-12,4.7692317630224684e-12,2.1082608030103645e-12,1.1808697294213826e-12,2.0883559880592537e-14,1.1697207323846126e-14,1.6525792220758034e-17,6.718422359933698e-18,1.4589290824683091e-19,5.931153943047119e-20,1.1818875221514716e-19,4.804864692522955e-20,-2.999849981842674e-20,0.0,-1.7156725509490067e-17,0.0,-1.1399672364793735e-18,0.0,5.3147796090926606e-17,4.457020430545455e-17
0.005171874999999999,0.5171874999999999,1868.7457954334864,99997.6425,0.35181298070172007,1224027910.6823163,0.17231088153257823,0.2416465223601688,2.6484188284127287e-08,3.928697851931377e-08,0.0022055710798288505,0.0018570135180821401,6.149936311679726e-07,3.530138608948443e-07,0.774111286590291,0.6981204931910637,0.042744279931190635,0.03374871821745708,0.0007349365847746306,0.009210038607153241,7.798536356671425e-07,4.282626280398817e-07,2.0379606029525175e-18,1.2887868972765257e-18,-1.6223723315377003e-19,0.0,0.0001504986362807258,0.0037720213666991337,0.0016494468982572847,0.002604639435899049,0.0060786871542807515,0.009029926023846238,9.564199762295022e-06,7.3207884081551355e-06,2.9048682654633223e-06,2.1575995671762812e-06,2.711093227900514e-12,4.027345160287133e-12,9.032863841961284e-09,1.4242418494745982e-08,6.092084121400686e-09,1.0250443747188644e-08,8.176021610882142e-09,1.4746841541275168e-08,5.863681565719882e-17,4.6227314083357715e-17,3.5094016471123496e-16,2.8565475544269276e-16,6.812852832283748e-13,5.731598852179264e-13,1.3329532041156838e-16,1.1214029192756134e-16,6.25859433997005e-09,5.448181621377376e-09,6.72401013720714e-11,2.739748914393513e-11,5.878551261535882e-08,4.7886670118558836e-08,1.143189827821662e-08,9.312422692642341e-09,2.990382373966794e-11,2.3592848700844838e-11,5.020956164579084e-12,3.961321473659941e-12,8.260658619888987e-12,6.318415950921113e-12,4.1801648584625007e-07,2.2463506843664626e-07,3.1995469580471385e-09,1.7193830248875337e-09,3.837532606154154e-11,1.53861841431981e-11,7.853392581120891e-12,4.407012498185868e-12,1.930141762153675e-12,1.0831190191013833e-12,1.8578813316713606e-14,1.0425693309289887e-14,1.2426089765101706e-17,5.061145467408575e-18,1.0763168397153623e-19,4.3838377138718035e-20,9.1258138951832e-20,3.716943343008484e-20,-2.934344399580371e-20,0.0,-1.6765667780180344e-17,0.0,-1.1186000227957748e-18,0.0,5.1866646938241455e-17,4.3576952611265716e-17
0.005187499999999999,0.5187499999999999,1860.2272565352241,99997.6425,0.3466050948348887,1222920712.9181738,0.17035345622402093,0.23935012571369027,1.7944982260503183e-08,2.6669806307400417e-08,0.002162399904297056,0.001824084217509032,5.811903723747249e-07,3.3423691706881385e-07,0.7736920800316451,0.699052839390357,0.04523645715844662,0.03578349263891662,0.0006942550412596506,0.008716567375527317,8.115553359943706e-07,4.4650885876071445e-07,1.9930016377677032e-18,1.2627222966052241e-18,-1.5994752849408724e-19,0.0,0.00014508799522670854,0.0036432412027694763,0.001672112689734479,0.0026453898418691926,0.006029176633428666,0.008973198453205702,1.0024434672381958e-05,7.687479520334047e-06,3.011997176365011e-06,2.2413714216105687e-06,2.640802202762072e-12,3.930294911192735e-12,6.153835201161267e-09,9.721180481211775e-09,4.651475827075499e-09,7.841197792782613e-09,6.54784832413619e-09,1.1832335062025131e-08,2.8988631485072535e-17,2.289659288540503e-17,2.9520265772337036e-16,2.407373699350148e-16,6.599336429420999e-13,5.562396126300014e-13,1.2917576789240654e-16,1.0887864236368274e-16,6.000717334707714e-09,5.233506996636372e-09,7.411769646157097e-11,3.025653444166981e-11,5.738154626441688e-08,4.683078542788926e-08,1.1142607905701572e-08,9.093813497713273e-09,2.070470050133147e-11,1.636580893748859e-11,3.5819458666784053e-12,2.831310777700742e-12,5.813555871971789e-12,4.4550261148068484e-12,4.318519065767328e-07,2.3250583321769457e-07,3.2699840984033524e-09,1.7605349561488908e-09,4.2048370829662887e-11,1.689051480097758e-11,7.361564816947969e-12,4.13877655466949e-12,1.7951779662837898e-12,1.009274612540183e-12,1.6763565385477608e-14,9.424715140774681e-15,9.407471739787883e-18,3.838858650086043e-18,7.992092074788379e-20,3.261291943490574e-20,7.145350664588403e-20,2.9157665274338347e-20,-2.8694559377374763e-20,0.0,-1.6379130851314157e-17,0.0,-1.0974181582104693e-18,0.0,5.0601708778205425e-17,4.259402995068048e-17
0.005203124999999999,0.5203125,1851.3421466469576,99997.6425,0.34135359649099667,1220023761.5169055,0.1683648036416481,0.23700309057010355,1.2186032137068851e-08,1.814509046544819e-08,0.0021196063838146467,0.001791364987213527,5.57079126325184e-07,3.2097623727741405e-07,0.7732688834302592,0.6999908734853671,0.04777810863323935,0.037865446921973175,0.00065556440696313,0.00824635080308341,8.440802849777562e-07,4.652813974629507e-07,1.9484908729029185e-18,1.2368543470844577e-18,-1.5766425723257382e-19,0.0,0.000139674897691939,0.003513943687358529,0.0016903780962929695,0.0026793409749467445,0.0059674219560940526,0.008898073807110886,1.0490316444376409e-05,8.05995582142855e-06,3.1187104198342373e-06,2.325167861671943e-06,2.5617517586479312e-12,3.819849910339765e-12,4.210354481421188e-09,6.6636441471819926e-09,3.665130839094617e-09,6.190149158240855e-09,5.374968224907521e-09,9.731230063257655e-09,1.4517971242353526e-17,1.1488651908640541e-17,2.6411270964179293e-16,2.1579060850100423e-16,6.418104274155774e-13,5.419864189620786e-13,1.2586061526620111e-16,1.062848798377697e-16,5.743572571817871e-09,5.018705857180433e-09,8.1611839399147e-11,3.3378777478699047e-11,5.629901341821371e-08,4.6034133138040304e-08,1.0862081284521061e-08,8.881620931674995e-09,1.4419278797894653e-11,1.1419104660878126e-11,2.608034373351844e-12,2.065388837118592e-12,4.110575796931584e-12,3.155956835860287e-12,4.464806453590586e-07,2.4083612980005864e-07,3.3425118748934675e-09,1.8029843670215614e-09,4.6092707884133146e-11,1.855008595674236e-11,7.001045489445946e-12,3.943526193878808e-12,1.6932724546855314e-12,9.537810157771603e-13,1.531337544185752e-14,8.625668446620061e-15,7.186564447685818e-18,2.938126660696044e-18,5.987143844538345e-20,2.4477602725353537e-20,5.683429906866159e-20,2.3235910642863438e-20,-2.805189346655516e-20,0.0,-1.5997142862016932e-17,0.0,-1.0764232179305144e-18,0.0,4.935306558153171e-17,4.16214948230488e-17
0.005218749999999999,0.521875,1842.0866257058437,99997.6425,0.33606234514697186,1215399772.731108,0.16634676843284094,0.23460743326770125,8.29927530590273e-09,1.238117005378427e-08,0.0020771966211780056,0.0017588595806875562,5.405117933275705e-07,3.1202246865011755e-07,0.7728423100668815,0.7009344925165572,0.050366177193465485,0.03999243256465055,0.0006187668401996392,0.0077982682484667104,8.77509116992495e-07,4.846277389184423e-07,1.904431396166118e-18,1.2111842511367932e-18,-1.5538749208354522e-19,0.0,0.00013427959221155235,0.0033846295965781043,0.0017042793615292709,0.0027065098538440564,0.005894060936853081,0.00880538959386102,1.0961927618910122e-05,8.43831436930212e-06,3.2251541936593747e-06,2.409097859667528e-06,2.4751691104495034e-12,3.697760943040886e-12,2.897977172531003e-09,4.59528862043201e-09,2.982902507552902e-09,5.0474890897740335e-09,4.505562692220482e-09,8.17270032459738e-09,7.401150902188153e-18,5.867959354769809e-18,2.450380172773681e-16,2.005863644984744e-16,6.254552690917488e-13,5.291789857175368e-13,1.2317200129002392e-16,1.0421214422912259e-16,5.488115859742096e-09,4.804604012201182e-09,8.978676617080499e-11,3.679207556696658e-11,5.54518238648776e-08,4.542759222463385e-08,1.0590861162982648e-08,8.676311953093755e-09,1.0130138834800488e-11,8.037641108768369e-12,1.950730295098466e-12,1.547784316453752e-12,2.9248818693505937e-12,2.2498907123132925e-12,4.6200751813202236e-07,2.4968516733171547e-07,3.4174804357931815e-09,1.84692703251649e-09,5.056027835625744e-11,2.0386743468759005e-11,6.742291929792952e-12,3.804994924013416e-12,1.6166386464749665e-12,9.123458176914132e-13,1.4134162175370719e-14,7.976577681963343e-15,5.5536613022151085e-18,2.274852686590833e-18,4.537401948000829e-20,1.858579493754005e-20,4.598181852330593e-20,1.883475741676101e-20,-2.741548949912108e-20,0.0,-1.5619729049397015e-17,0.0,-1.0556166406250116e-18,0.0,4.8120790916755644e-17,4.0659402746597685e-17
0.0052343749999999994,0.5234374999999999,1832.457239589472,99997.6425,0.3307350772270045,1209121851.1937404,0.16430108655642606,0.23216504436044022,5.672944460625738e-09,8.479281335969452e-09,0.002035175472822477,0.0017265709016901375,5.2980353539771e-07,3.064252453309187e-07,0.772412970257739,0.7018836012747972,0.05299767941205133,0.04216233765196161,0.0005837708750289216,0.007371274058477982,9.11930148420603e-07,5.045999474386949e-07,1.860826006826547e-18,1.1857131754814886e-18,-1.5311729115885922e-19,0.0,0.00012892007553081842,0.003255747242718347,0.0017138734262621916,0.0027269461943406977,0.00580974463590187,0.008696009272863845,1.1439437585759508e-05,8.822718851448566e-06,3.331481489863623e-06,2.493276016746225e-06,2.3822595190691046e-12,3.5657592831491547e-12,2.010806468651527e-09,3.1946045304759e-09,2.504184563058718e-09,4.245527513904658e-09,3.840457772954346e-09,6.979567759784071e-09,3.865260717239235e-18,3.0704047334410306e-18,2.319817166663268e-16,1.9026140142995143e-16,6.101614266658427e-13,5.172256795779182e-13,1.2101662741116643e-16,1.0258417628102133e-16,5.2352050011384745e-09,4.5919485881200685e-09,9.871514137854963e-11,4.052795838554422e-11,5.477974697422064e-08,4.4962753732919836e-08,1.0329376635034772e-08,8.478265116379763e-09,7.204835039510093e-12,5.727515205183091e-12,1.5084119430948937e-12,1.1991186879891746e-12,2.098471728894702e-12,1.617279982608492e-12,4.785472260643124e-07,2.591179505735556e-07,3.4952561532727668e-09,1.8925689291195124e-09,5.551186997364126e-11,2.2426074220792518e-11,6.562445465980806e-12,3.710575155853051e-12,1.5592689096006395e-12,8.816506753848477e-13,1.3154994732324282e-14,7.438171773339807e-15,4.35414162671012e-18,1.7869213394884197e-18,3.48950764903218e-20,1.4320792057182207e-20,3.7863252220819027e-20,1.553891884470809e-20,-2.6785386601851085e-20,0.0,-1.5246911859059207e-17,0.0,-1.0349997326544116e-18,0.0,4.690494835306578e-17,3.970780644512997e-17
0.0052499999999999995,0.5249999999999999,1822.4509147354465,99997.6425,0.3253754094898829,1201270198.7414618,0.1622293923174263,0.22967769795530935,3.8953433607388265e-09,5.833499271125568e-09,0.001993546870111904,0.0016945012654916414,5.23627703332983e-07,3.0343466596499197e-07,0.7719814704538875,0.7028381122789386,0.055669705860168874,0.044373087098354635,0.0005504910184161236,0.006964392858214302,9.474397103858339e-07,5.2525488500238e-07,1.817677227658617e-18,1.1604422549886633e-18,-1.5085369814451314e-19,0.0,0.00012361226526928564,0.003127696360627453,0.0017192354420471818,0.0027407288338888456,0.005715133638780149,0.008570817151933443,1.192309830330074e-05,9.213396912968285e-06,3.437847734139311e-06,2.577819364149273e-06,2.284190021476232e-12,3.4255323237764823e-12,1.4099165579744568e-09,2.2442597978299444e-09,2.1617401980016033e-09,3.6719918918195697e-09,3.3150460317680633e-09,6.03626067272252e-09,2.0851198330525293e-18,1.6595133196040012e-18,2.2207966725019074e-16,1.8248981080459998e-16,5.955842718630449e-13,5.058379862663639e-13,1.1934319314233852e-16,1.0135982991102221e-16,4.985605099986939e-09,4.3814119640006385e-09,1.0847915543039464e-10,4.4622113793125046e-11,5.42408996567319e-08,4.460593563537139e-08,1.0077959647250199e-08,8.287783244858476e-09,5.2091612274560845e-12,4.148994870115933e-12,1.2118190231287048e-12,9.651901123677179e-13,1.5215238426559431e-12,1.1748806204816038e-12,4.962257392308684e-07,2.6920608591310284e-07,3.5762231914740646e-09,1.94012718731723e-09,6.101879034206736e-11,2.4698119131482144e-11,6.4437956485351225e-12,3.650481683079148e-12,1.516522148994818e-12,8.591266124567319e-13,1.2322557791917729e-14,6.980865620452444e-15,3.474339906447797e-18,1.4285915538200187e-18,2.732317128945899e-20,1.1234839646880486e-20,3.172946969988869e-20,1.3046637243617734e-20,-2.616161996557947e-20,0.0,-1.4878711062272064e-17,0.0,-1.0145736729276418e-18,0.0,4.570559188112691e-17,3.8766756012948116e-17
0.0052656249999999995,0.5265624999999999,1812.0649507827322,99997.6425,0.31998684367012825,1191929423.5264633,0.16013322551840875,0.22714706111203373,2.689598083663172e-09,4.035591278017352e-09,0.0019523140436257316,0.0016626525793074374,5.20934329590295e-07,3.024558184534116e-07,0.771548412608568,0.7037979455952031,0.05837942004851434,0.046622641881868584,0.0005188473349680518,0.006576714656991894,9.841425861859152e-07,5.466544995346383e-07,1.7749873175166114e-18,1.1353725961424647e-18,-1.4859674254922283e-19,0.0,0.00011837016809360974,0.003000831909447017,0.0017204565609035961,0.0027479625541213595,0.005610895032382964,0.008430714245754459,1.2413240238913128e-05,9.610637625734364e-06,3.5444066689196863e-06,2.6628443077215603e-06,2.182076760421075e-12,3.2787042928512356e-12,1.0017367372560486e-09,1.5976060831921954e-09,1.910722584182918e-09,3.251862975616848e-09,2.887274650721125e-09,5.2674801330388205e-09,1.1736287112227783e-18,9.358728190375178e-19,2.1394954936821667e-16,1.7614794637577176e-16,5.815535253645049e-13,4.948736130318446e-13,1.1812156929948422e-16,1.0051567951477674e-16,4.739994354816561e-09,4.1735961557707025e-09,1.1917177973170922e-10,4.9114944163053845e-11,5.3806351513248836e-08,4.433387566825906e-08,9.836860185088596e-09,8.10510514366287e-09,3.846063454270616e-12,3.0692193601831137e-12,1.0139102161680153e-12,8.091163606504965e-13,1.117821237994034e-12,8.648160082153697e-13,5.151819367769312e-07,2.8002873540092766e-07,3.6607854255379117e-09,1.989831242339146e-09,6.716491429951503e-11,2.723824598550412e-11,6.372590208028395e-12,3.617102298956705e-12,1.484805361521244e-12,8.427802057467246e-13,1.1596923860959615e-14,6.582450556048055e-15,2.830901249888975e-18,1.166264023781595e-18,2.18548396615941e-20,9.00367444602031e-21,2.7038877613054766e-20,1.1139374856249784e-20,-2.554422102615862e-20,0.0,-1.4515143876315698e-17,0.0,-9.943395181392797e-19,0.0,4.4522766341244005e-17,3.783629906235298e-17
0.0052812499999999995,0.528125,1801.2970118797282,99997.6425,0.31457277183656507,1181186353.9401903,0.1580140385021312,0.22457470304065447,1.8695484460636757e-09,2.8105803289915114e-09,0.001911479679558565,0.0016310264661359754,5.208870870721255e-07,3.0301354837178046e-07,0.7711143937394809,0.7047630285472232,0.06112405650134104,0.04890899761720586,0.0004887650343073645,0.006207389958167211,1.0221525666991516e-06,5.688661814669056e-07,1.732758284104794e-18,1.1105052801938285e-18,-1.4634643999402121e-19,0.0,0.00011320604065535148,0.0028754677222920556,0.0017176419752797803,0.0027487752641000987,0.005497699927614333,0.008276614884420311,1.2910268650587573e-05,1.0014789191842985e-05,3.651306379965104e-06,2.748463642059113e-06,2.076975464098721e-12,3.126821446618097e-12,7.233251899986422e-10,1.155817284500351e-09,1.7212601893161652e-09,2.9350845429679386e-09,2.529726531410459e-09,4.624106996699199e-09,6.968596003327294e-19,5.567636673458635e-19,2.0691244898210205e-16,1.7068380656277785e-16,5.679828567814262e-13,4.842608090158192e-13,1.1733265696011323e-16,1.0003753934662433e-16,4.498970013010162e-09,3.969037373663147e-09,1.3089820607863778e-10,5.405220494792928e-11,5.3456281904421156e-08,4.4130657060607086e-08,9.606260080975255e-09,7.930416298434274e-09,2.9129257146955992e-12,2.329058429525666e-12,8.828250368881449e-13,7.05871448622063e-13,8.345188967906913e-13,6.468849231863973e-13,5.355695344139977e-07,2.916737375428455e-07,3.749368684937301e-09,2.0419241713558976e-09,7.404919850513353e-11,3.0088222049755874e-11,6.3381163557585406e-12,3.6044955871162812e-12,1.4613287275858062e-12,8.310596799195077e-13,1.0948336881273425e-14,6.226334412267123e-15,2.3628266416492142e-18,9.753118670199117e-19,1.7910342956959172e-20,7.392912251965417e-21,2.340109970728527e-20,9.659350306758504e-21,-2.4933217648417982e-20,0.0,-1.4156225085396942e-17,0.0,-9.742982081994555e-19,0.0,4.335650785090793e-17,3.6916480857236955e-17
0.0052968749999999995,0.5296875,1790.1451172008924,99997.6425,0.30913648206476046,1169128277.0581758,0.15587320293091175,0.22196210391780272,1.3100049803490984e-09,1.973215132865557e-09,0.0018710460288806387,0.001599624349230455,5.228146614139823e-07,3.047252387264445e-07,0.7706800056258795,0.7057332953547396,0.06390091831848224,0.051230182741301894,0.0004601740716094515,0.005855625005475756,1.0615931389382019e-06,5.919631978893125e-07,1.6909918966983738e-18,1.085841366067218e-18,-1.4410279251920054e-19,0.0,0.00010813054157804842,0.002751879961013656,0.0017109091800241519,0.0027433155032157643,0.005376221402820137,0.008109443893669499,1.3414660298608888e-05,1.0426256951847013e-05,3.7586853639136106e-06,2.834783557893021e-06,1.969874634597493e-12,2.971341139048233e-12,5.323771977390992e-10,8.523486014623435e-10,1.573472219683882e-09,2.6882854580849363e-09,2.2244355563430828e-09,4.073956049261598e-09,4.4078373628227415e-19,3.52852641663723e-19,2.0062517632934513e-16,1.658186375044955e-16,5.548261089745825e-13,4.739616441470679e-13,1.1696349052228303e-16,9.991636546372564e-17,4.263054269843222e-09,3.768210568353223e-09,1.4377750080929746e-10,5.948573914985401e-11,5.317726223642708e-08,4.398553022802107e-08,9.3862854561352e-09,7.763858560903021e-09,2.2718905901541466e-12,1.8200386020534633e-12,7.970313664312523e-13,6.385113175075362e-13,6.349920303725867e-13,4.931753262810915e-13,5.575593384724284e-07,3.042389184191991e-07,3.842423299994358e-09,2.0966642081573195e-09,8.178878220188983e-11,3.329753753220902e-11,6.3319935975408425e-12,3.6080036603690907e-12,1.4439178583649194e-12,8.227520824209621e-13,1.035477225673885e-14,5.900204355720071e-15,2.0255680617042868e-18,8.37723506814688e-19,1.507192291602195e-20,6.233364535293435e-21,2.053556684096855e-20,8.492988902070815e-21,-2.4328634309545072e-20,0.0,-1.3801967160243268e-17,0.0,-9.544505717099886e-19,0.0,4.220684422600515e-17,3.600734443554726e-17
0.0053124999999999995,0.5312499999999999,1778.6076311276652,99997.6425,0.3036811641316273,1155841533.6642923,0.15371201620473357,0.21931066321048573,9.267323826968571e-10,1.3986220968762861e-09,0.0018310149837564168,0.001568447509333843,5.261733443743769e-07,3.0727983924011455e-07,0.7702458345926788,0.7067086867298897,0.06670737449320258,0.05358425651961047,0.00043300876821338226,0.0055206772541052775,1.1025983256624416e-06,6.160252152769276e-07,1.6496896986463316e-18,1.0613818930725743e-18,-1.4186578889127163e-19,0.0,0.00010315287355735727,0.002630310351882155,0.0017003864282911462,0.0027317502224675754,0.005247132764780199,0.007930134199878331,1.3926960651271324e-05,1.0845501750256618e-05,3.866668536196606e-06,2.921900566753685e-06,1.8616910271363007e-12,2.81362419167197e-12,4.004686335855892e-10,6.424078937615963e-10,1.4541304109545004e-09,2.4892253558896292e-09,1.959512630914481e-09,3.5957470610834687e-09,2.9872299909569306e-19,2.3959680805587686e-19,1.9490603022143064e-16,1.6140528193876085e-16,5.42055946513256e-13,4.639540567361701e-13,1.1700490367001548e-16,1.0014630420515265e-16,4.03269997444482e-09,3.571533847249029e-09,1.579445096022382e-10,6.547432377812606e-11,5.296034652379009e-08,4.3891379519084254e-08,9.177017856206725e-09,7.605538861027767e-09,1.8293502896577926e-12,1.4683670007569032e-12,7.419987540800695e-13,5.955811149201627e-13,4.938554970107242e-13,3.843063088947304e-13,5.813418756166307e-07,3.178336224373707e-07,3.9404269357684035e-09,2.1543264290339254e-09,9.052282687203913e-11,3.6925045486928635e-11,6.3476305719700374e-12,3.6239542090148233e-12,1.4308702334947635e-12,8.169045357058387e-13,9.800089188006206e-15,5.595012825482275e-15,1.786670249148819e-18,7.403597892398718e-19,1.3038803404609218e-20,5.403014767372742e-21,1.8241214229503655e-20,7.558787934633477e-21,-2.3730492279422875e-20,0.0,-1.3452380375082685e-17,0.0,-9.347973313896246e-19,0.0,4.10737953918154e-17,3.5108930722787784e-17
0.0053281249999999995,0.5328124999999999,1766.6832534778955,99997.6425,0.29820991503250205,1141410412.0757465,0.1515317074645919,0.21662170744949807,6.629986230621682e-10,1.0025480618850586e-09,0.0017913881313115934,0.0015374971231359364,5.30518349658487e-07,3.104217639159638e-07,0.7698124613450616,0.7076891494523262,0.06954085717922721,0.05596930702502799,0.00040720745640284,0.005201851119936638,1.1453136976035816e-06,6.411389239700819e-07,1.608853019547072e-18,1.0371278834621251e-18,-1.3963540489769487e-19,0.0,9.828091521417655e-05,0.002510969191927088,0.0016862113550455834,0.002714262805142015,0.005111106044596947,0.0077396247416196854,1.4447781629032834e-05,1.1273038696565087e-05,3.975363084452251e-06,3.0098982702455833e-06,1.7532670344877626e-12,2.6549300289185726e-12,3.0849982148245654e-10,4.958425685475481e-10,1.354430289730963e-09,2.323079354744589e-09,1.7269621240409472e-09,3.1751950457219253e-09,2.168149972531124e-19,1.7424014156800146e-19,1.896518279621384e-16,1.573606092882007e-16,5.296533610119885e-13,4.54223003378948e-13,1.1745043081266314e-16,1.0072377777410471e-16,3.80829606068819e-09,3.3793726894451565e-09,1.7355205536608787e-10,7.208464732658669e-11,5.27997379859994e-08,4.384365069983517e-08,8.978504171679786e-09,7.455537010704928e-09,1.5218421771098273e-12,1.2239224113218865e-12,7.079288910277453e-13,5.693428979584509e-13,3.9350505189489325e-13,3.0681349851630883e-13,6.07130458988513e-07,3.325804988238164e-07,4.043887702131759e-09,2.21520460594767e-09,1.0041729200166561e-10,4.104100293864066e-11,6.379808600336352e-12,3.649431671166946e-12,1.4208456689984315e-12,8.127640669360971e-13,9.272632431894922e-15,5.3042090432404225e-15,1.6225701848690252e-18,6.736719076165505e-19,1.1594548856123696e-20,4.8139192490392315e-21,1.6374389071880192e-20,6.798452248769475e-21,-2.3138809796316814e-20,0.0,-1.3107472921189632e-17,0.0,-9.153391093756056e-19,0.0,3.99573737813757e-17,3.422127863821275e-17
0.0053437499999999995,0.5343749999999999,1754.3710101090583,99997.6425,0.2927257441951174,1125916291.4719508,0.14933344316154887,0.2138964974352626,4.805452753533434e-10,7.280731637402798e-10,0.0017521667917187308,0.0015067742888008394,5.3548190426052e-07,3.1393857898137136e-07,0.7693804608267256,0.708674635938175,0.07239885903832205,0.058383449194042196,0.00038271215030350294,0.00489849403366351,1.1898975845018663e-06,6.673987803814957e-07,1.5684829870353557e-18,1.0130803448632916e-18,-1.3741160362135307e-19,0.0,9.352134275461804e-05,0.002394038125731821,0.001668529744503953,0.0026910512917180493,0.00496881066381596,0.007538858594943677,1.4977799916152818e-05,1.1709436348799462e-05,4.084854082099153e-06,3.0988439074748153e-06,1.645369628704072e-12,2.4964140931239996e-12,2.4362993696340354e-10,3.92344601222027e-10,1.2685067751969265e-09,2.1799589490027317e-09,1.521275914327176e-09,2.802487740821704e-09,1.6743617585135287e-19,1.3482062275131678e-19,1.8479812293701423e-16,1.5363306244039762e-16,5.176024790856338e-13,4.4475606215566256e-13,1.1829577861625651e-16,1.0164704921805419e-16,3.590172660000812e-09,3.192043920847034e-09,1.9077347974518393e-10,7.939244093479175e-11,5.2691863433057505e-08,4.383960533920032e-08,8.790765452167537e-09,7.313912679176991e-09,1.306388708617435e-12,1.0527004914298311e-12,6.882138263768582e-13,5.545692705829119e-13,3.2172059985618716e-13,2.5133395010472413e-13,6.351647653820371e-07,3.486175880656356e-07,4.153347532566546e-09,2.2796132249729114e-09,1.1167090310920383e-10,4.572962340536289e-11,6.424362854085511e-12,3.682101753350906e-12,1.4127829126204624e-12,8.097317287045573e-13,8.764173466001242e-15,5.023156259816878e-15,1.5162579693677971e-18,6.30762955023893e-19,1.0583476133071973e-20,4.402723556931896e-21,1.4832789762898934e-20,6.17043701738646e-21,-2.2553602237012764e-20,0.0,-1.276725101654798e-17,0.0,-8.960764323699833e-19,0.0,3.885758471991402e-17,3.334442519497238e-17
0.0053593749999999996,0.5359375,1741.6702441725745,99997.6425,0.2872315783234517,1109436992.7036572,0.14711833219754492,0.21113623488958322,3.5352935929714216e-10,5.366802130091617e-10,0.0017133520453820573,0.0014762800425726407,5.407566022059252e-07,3.176516422511067e-07,0.768950402083245,0.7096651038126915,0.07527893074936196,0.06082482302567169,0.00035946824323628836,0.004609992806360419,1.236522516936179e-06,6.949078863804923e-07,1.5285805381550353e-18,9.892402726121192e-19,-1.351943356899666e-19,0.0,8.887974177878194e-05,0.00227967269955486,0.0016474944210066549,0.0026623267784488436,0.004820912221420485,0.007328781241233151,1.5517755856615833e-05,1.2155316337519339e-05,4.195199790608945e-06,3.188784623792718e-06,1.5386905525260176e-12,2.3391271069633073e-12,1.9721777556291425e-10,3.18223662348336e-10,1.1924473038795717e-09,2.0532607519332396e-09,1.3385326261534456e-09,2.470666228985271e-09,1.3615449979045924e-19,1.0984705472125102e-19,1.8029994671469111e-16,1.5018692168077645e-16,5.058879865488896e-13,4.3554123703242004e-13,1.195385244768711e-16,1.0291597786075344e-16,3.3786058797091315e-09,3.0098194336297202e-09,2.098055887644533e-10,8.748379038564509e-11,5.263473473521167e-08,4.3877805859875236e-08,8.613804731889508e-09,7.1807116278269685e-09,1.1539046047273342e-12,9.31647664295885e-13,6.783923353346197e-13,5.477252037139373e-13,2.7000791973886104e-13,2.1134801605356265e-13,6.657150145666616e-07,3.6610076221706e-07,4.26938582696004e-09,2.347889669374837e-09,1.2452264673135056e-10,5.109228487002928e-11,6.4779385799434565e-12,3.720077049159955e-12,1.4058362528735302e-12,8.073276883766778e-13,8.269106877849507e-15,4.748688851200437e-15,1.4555760671083346e-18,6.06704720828906e-19,9.89366195798424e-21,4.123818433013328e-21,1.3543815124456289e-20,5.645253971759616e-21,-2.197488228103375e-20,0.0,-1.2431719011460249e-17,0.0,-8.770097366062869e-19,0.0,3.777442679490751e-17,3.247840559516404e-17
0.005375,0.5375,1728.580608258194,99997.6425,0.2817302658499771,1092046300.8380513,0.14488743066276438,0.20834206858943438,2.644595206459098e-10,4.022532714256416e-10,0.0016749447524757445,0.0014460153691791306,5.460828453813244e-07,3.214090412815841e-07,0.7685228481188879,0.7106605154923977,0.0781786787194746,0.06329159195709293,0.00033742423068922766,0.00433577029816445,1.2853769380507296e-06,7.237790295869891e-07,1.4891464303182041e-18,9.656086520064202e-19,-1.3298353949816894e-19,0.0,8.436070977271906e-05,0.0021680047044487726,0.0016232642461357937,0.0026283119640233073,0.004668071365013696,0.007110338924571054,1.6068452941019394e-05,1.2611353440561849e-05,4.306426598450805e-06,3.279743418048948e-06,1.4338474936497804e-12,2.1840158062722265e-12,1.634401670618024e-10,2.6423813302505937e-10,1.1236364953298346e-09,1.938567945291923e-09,1.1758235229363139e-09,2.174590782781104e-09,1.1526556739244338e-19,9.317647821032986e-20,1.7612235942421394e-16,1.4699457042271419e-16,4.944938563577438e-13,4.265658614076603e-13,1.211778535635783e-16,1.0453180524751251e-16,3.173822248270251e-09,2.8329296493992997e-09,2.308720755487844e-10,9.645666165935302e-11,5.262751148774348e-08,4.3957762628425694e-08,8.447613985144756e-09,7.055971294064399e-09,1.0447107801961603e-12,8.451390137271612e-13,6.754456318689768e-13,5.464148221356358e-13,2.3245244967303383e-13,1.823081487097699e-13,6.990868616126284e-07,3.852065846202317e-07,4.3926233555677816e-09,2.420396567628416e-09,1.3926123238488288e-10,5.7251582703016264e-11,6.537804954505577e-12,3.761814273764448e-12,1.3993274295805775e-12,8.051647204064414e-13,7.783837909705931e-15,4.478774260957591e-15,1.431990908741849e-18,5.980438241621749e-19,9.444734077946776e-21,3.94441392866996e-21,1.2456127318628027e-20,5.2020651600562366e-21,-2.140266006895674e-20,0.0,-1.2100879490138265e-17,0.0,-8.581393726314258e-19,0.0,3.6707892211934794e-17,3.1623253320516965e-17
0.005390625,0.5390625,1715.1020576375156,99997.6425,0.2762245810095153,1073813629.248492,0.14264174620786318,0.20551510003544915,2.0146943996756314e-10,3.0704383847284675e-10,0.001636945567029849,0.0014159812078552896,5.512394571217643e-07,3.2508032178060195e-07,0.7680983557407502,0.7116608377791619,0.0810957630061811,0.06578194142454222,0.00031653145722939713,0.004075282370919625,1.336667232973911e-06,7.541359135448953e-07,1.450181251871794e-18,9.421864604952623e-19,-1.3077914140185308e-19,0.0,7.996794993941058e-05,0.0020591443231532097,0.001596003208174417,0.002589239823676332,0.004510942719725443,0.006884477060248613,1.6630757882241802e-05,1.3078276112015172e-05,4.418523571419897e-06,3.3717147454113e-06,1.3313860148782183e-12,2.031924820877086e-12,1.3836572280840755e-10,2.2413828257308222e-10,1.0603212196896623e-09,1.8329198423765683e-09,1.0308887273215748e-09,1.9102843531939188e-09,1.0055462113325568e-19,8.144408755340016e-20,1.7223571882573796e-16,1.4403261630084804e-16,4.834027306665805e-13,4.178160544392007e-13,1.2321421748246009e-16,1.0649687089757712e-16,2.976002840123888e-09,2.661566735284158e-09,2.54227508505677e-10,1.0642267969128789e-10,5.267020416829773e-08,4.407969448056187e-08,8.292180326865743e-09,6.939725811922572e-09,9.654894476772787e-13,7.825830455078267e-13,6.773232919703669e-13,5.490083044395253e-13,2.0492738466695767e-13,1.6103592797816823e-13,7.35627136475884e-07,4.061356684335894e-07,4.5237264226327685e-09,2.4975243073117377e-09,1.562371037329698e-10,6.435647844062123e-11,6.601713132091044e-12,3.806035790835757e-12,1.3927092217736551e-12,8.029281246000744e-13,7.306312632721801e-15,4.2122532171231426e-15,1.4397146772387302e-18,6.024486150564606e-19,9.179121057448896e-21,3.841003259827654e-21,1.1533552234358473e-20,4.826214999486628e-21,-2.0836943355114696e-20,0.0,-1.1774733368457534e-17,0.0,-8.394656099149419e-19,0.0,3.5657967136932135e-17,3.07790002192858e-17
0.00540625,0.5406249999999999,1701.234844793215,99997.6425,0.2707172275738739,1054803800.0150855,0.14038224209884867,0.202656388719655,1.564873974372499e-10,2.3895801956950283e-10,0.0015993549470238763,0.0013861784551842905,5.560367545794874e-07,3.285526084009721e-07,0.7676774753885622,0.7126660414660984,0.08402789543506238,0.06829407759813468,0.00029674388509315786,0.0038280150979723405,1.3906201342573134e-06,7.861146131030401e-07,1.4116854323046646e-18,9.18974669818533e-19,-1.285810558857532e-19,0.0,7.570435709445202e-05,0.0019531820974095196,0.0015658795931206648,0.002545352394897544,0.004350173856375874,0.006652138667619295,1.7205601269321955e-05,1.3556867462300342e-05,4.531436625470393e-06,3.4646597804335367e-06,1.231782051039373e-12,1.883599433569494e-12,1.1933404874323468e-10,1.9368809792175865e-10,1.0013219174443927e-09,1.7343261692477806e-09,9.018883267575018e-10,1.6745188032237743e-09,8.965289329505185e-20,7.275667991816722e-20,1.6861323680218555e-16,1.4127988348923054e-16,4.725956305403234e-13,4.0927645507357834e-13,1.2564882660738532e-16,1.0881418069657249e-16,2.785287099756333e-09,2.4958875882241635e-09,2.801619926363747e-10,1.1750920862104583e-10,5.276347509779767e-08,4.424436842953919e-08,8.147491565286634e-09,6.832010551294243e-09,9.07221706122207e-13,7.367961889197675e-13,6.826248098039841e-13,5.543907899596776e-13,1.845465660913876e-13,1.4530474154162922e-13,7.757305922190812e-07,4.291166294769004e-07,4.663411289400499e-09,2.5796937164067727e-09,1.7587777457198788e-10,7.258887887284128e-11,6.667788132256126e-12,3.851669777965782e-12,1.385537928105333e-12,8.003605480642234e-13,6.8356541787859365e-15,3.948638152686275e-15,1.4750886166808255e-18,6.184615787879546e-19,9.055798369806346e-21,3.796831792776061e-21,1.0750679498492935e-20,4.507445953072458e-21,-2.02777376551865e-20,0.0,-1.1453279988155555e-17,0.0,-8.209886412987893e-19,0.0,3.462463202574842e-17,2.994567658982013e-17
0.005421875,0.5421874999999999,1686.9795154045873,99997.6425,0.2652108423052303,1035076919.8628852,0.13810984100882556,0.19976695706546277,1.240063282009351e-10,1.8973043168116356e-10,0.0015621731614367718,0.0013566079655186252,5.603115190150642e-07,3.317278045994905e-07,0.7672607509517434,0.7136761009530213,0.08697283787917132,0.07082622626383599,0.00027801788180741764,0.0035934821990697323,1.4474855742896892e-06,8.198652979755981e-07,1.3736592521373024e-18,8.95974248109748e-19,-1.2638918570615675e-19,0.0,7.157209638481784e-05,0.001850190733321989,0.0015330652293553736,0.002496899663372876,0.004186404286414781,0.006414262809237641,1.7793978780255674e-05,1.4047966679215148e-05,4.645062382147914e-06,3.5585013828079395e-06,1.1354448175966334e-12,1.7396889949414964e-12,1.0453965528134668e-10,1.70008457287162e-10,9.458408453437058e-10,1.6414438217972248e-09,7.872596248948356e-10,1.4645565509137365e-09,8.119012366010307e-20,6.601804661236026e-20,1.6522965351297327e-16,1.3871631996936351e-16,4.620518266858168e-13,4.0093009304749984e-13,1.2848289464195607e-16,1.1148675522678724e-16,2.6017763882929535e-09,2.3360166061093365e-09,3.090066356924085e-10,1.2986179260171385e-10,5.290850723521381e-08,4.445299445829125e-08,8.01354120128681e-09,6.732866248303474e-09,8.637930021806297e-13,7.029015866698819e-13,6.903860672183091e-13,5.617936945975079e-13,1.6928633730000875e-13,1.3355084198062783e-13,8.198478531201277e-07,4.544107467958041e-07,4.812448858279519e-09,2.667358914565563e-09,1.987075302240759e-10,8.217209443274716e-11,6.734446580933602e-12,3.8978046605061406e-12,1.3774525995687168e-12,7.972505383628611e-13,6.371877628118252e-15,3.687954758653837e-15,1.5361649601408388e-18,6.453322540038769e-19,9.045836993911523e-21,3.800093432737443e-21,1.0089700173374256e-20,4.238613120370845e-21,-1.9725046389293378e-20,0.0,-1.1136517207815623e-17,0.0,-8.027085873063757e-19,0.0,3.3607861942069794e-17,2.9123311261220536e-17
0.0054375,0.54375,1672.3369059496733,99997.6425,0.259707998199168,1014688334.9040439,0.13582542860487382,0.19684779511864792,1.0025634972327673e-10,1.5369349130755391e-10,0.001525400294846734,0.0013272705494410389,5.639234199203619e-07,3.3452062266439654e-07,0.7668487195779475,0.7146909938676576,0.08992840065329553,0.07337663181432241,0.0002603120239629499,0.0033712226649726482,1.5075400705322586e-06,8.555542765012525e-07,1.3361028525411744e-18,8.731861619750272e-19,-1.2420342201128874e-19,0.0,6.757267559529058e-05,0.0017502267627261872,0.001497734800680957,0.002444138541922057,0.004020264475319873,0.006171783024340412,1.8396952924480448e-05,1.4552470871654697e-05,4.759241831603228e-06,3.6531188588883205e-06,1.0427200101708173e-12,1.6007508206037302e-12,9.275294529840869e-11,1.5113589196662235e-10,8.93334512366132e-10,1.5533614139235348e-09,6.856291434432514e-10,1.2779912424494307e-09,7.434957119392777e-20,6.057429617775678e-20,1.6206046166519766e-16,1.3632235496688972e-16,4.517487851595684e-13,3.9275832397601556e-13,1.3171654800332494e-16,1.145166790330583e-16,2.425537277393313e-09,2.182048265861585e-09,3.41139980848978e-10,1.4364702967392922e-10,5.310691964730244e-08,4.470715833551347e-08,7.890332950852204e-09,6.642342785015716e-09,8.310515443856863e-13,6.775841596997711e-13,6.999363620055681e-13,5.706815598825884e-13,1.5772397827838693e-13,1.2467313665150213e-13,8.684947835384657e-07,4.823174623727039e-07,4.9716696239976605e-09,2.7610103390975667e-09,2.2537290084977649e-10,9.33817841510427e-11,6.800334131066629e-12,3.943654427196585e-12,1.3681593784244382e-12,7.934239238606021e-13,5.91566317451654e-15,3.4306154401161406e-15,1.6224449769619362e-18,6.829138740998339e-19,9.129259705525556e-21,3.842656115733553e-21,9.538149217039177e-21,4.0147644610713594e-21,-1.9178871021280174e-20,0.0,-1.0824441491012725e-17,0.0,-7.846255003390441e-19,0.0,3.260762686487837e-17,2.831193167146635e-17
0.005453125,0.5453125,1657.3081430787238,99997.6425,0.25421120759610605,993688651.1461086,0.133529856990535,0.19389986507179796,8.264720227460064e-11,1.2694669455564178e-10,0.0014890362499273065,0.0012981669705152835,5.667525380444474e-07,3.3685724412749786e-07,0.7664419114787462,0.7157107006874607,0.0928924409675929,0.07594355630246934,0.00024358691415465463,0.003160798534619009,1.5710907465604724e-06,8.933664220843147e-07,1.2990162447366626e-18,8.506113785617005e-19,-1.2202364444220952e-19,0.0,6.370701179357703e-05,0.0016533320783746737,0.0014600652247913875,0.00238733193894443,0.0038523748686270566,0.005925625748404937,1.9015655273479093e-05,1.5071337307508358e-05,4.873754012444389e-06,3.748342678528696e-06,9.53893196792308e-13,1.4672544289946672e-12,8.313297439965491e-11,1.3572594560811727e-10,8.434286182758374e-10,1.4694553210520487e-09,5.957591975206159e-10,1.1126511384948011e-09,6.862941454841834e-20,5.602345070281899e-20,1.5908140309641672e-16,1.3407847863838777e-16,4.416621437497228e-13,3.847407908490208e-13,1.3534729980491225e-16,1.1790375947577266e-16,2.256604615110999e-09,2.0340495286365625e-09,3.769956047061091e-10,1.590559678853616e-10,5.336071437667584e-08,4.50087800888611e-08,7.777884841737669e-09,6.5605026560752944e-09,8.061733499166242e-13,6.585873333187758e-13,7.10802802493905e-13,5.806762556196974e-13,1.488565799359719e-13,1.178943120003282e-13,9.222635210380028e-07,5.131808658091875e-07,5.141968905938379e-09,2.8611779550203465e-09,2.5667582277406943e-10,1.0656021496719781e-10,6.864277773116951e-12,3.988532192935909e-12,1.3574196760764002e-12,7.887373233290499e-13,5.468172566907762e-15,3.1773163966435834e-15,1.734748375977844e-18,7.316141573061874e-19,9.292861186474878e-21,3.9191786544108165e-21,9.087314291521473e-21,3.832491143748947e-21,-1.86392111949142e-20,0.0,-1.0517047992008896e-17,0.0,-7.667393687832397e-19,0.0,3.162389198663222e-17,2.7511563943405834e-17
0.00546875,0.546875,1641.8946449122961,99997.6425,0.24872292524321013,972123811.0744236,0.13122394806489124,0.19092410570640994,6.939187089789414e-11,1.0679486703301276e-10,0.001453080748019618,0.0012692979404361942,5.686977008874331e-07,3.3867444842901704e-07,0.7660408497391017,0.7167352043560695,0.09586286138070775,0.07852527850649932,0.0002278050081062944,0.002961792787271732,1.6384801109462746e-06,9.33508056511476e-07,1.2623993192186305e-18,8.282508676311964e-19,-1.1984972121722308e-19,0.0,5.997549303603236e-05,0.0015595353602086016,0.001420235096294772,0.0023267479162414396,0.0036833449256658954,0.005676708711830491,1.9651289121386715e-05,1.560558600347632e-05,4.988310024599082e-06,3.843949391847092e-06,8.691933313972437e-13,1.339586016565005e-12,7.510165901349307e-11,1.2285352712106126e-10,7.958611444499233e-10,1.3892931584297919e-09,5.165161013532739e-10,9.665418589171156e-10,6.371169062178243e-20,5.211073906054155e-20,1.562681007570436e-16,1.3196493147238191e-16,4.3176569718540586e-13,3.768553932601851e-13,1.3936797305885515e-16,1.216436892447625e-16,2.0949843870495113e-09,1.8920620913289436e-09,4.170711251495144e-10,1.763081333982196e-10,5.367224303959112e-08,4.5360088622192775e-08,7.676232901073287e-09,6.487424131322998e-09,7.8723458556177e-13,6.443734589505913e-13,7.226464528691991e-13,5.915062714138897e-13,1.419754510754111e-13,1.1266437581731094e-13,9.818354201398371e-07,5.473973133767587e-07,5.324312391794283e-09,2.968434667422853e-09,2.936171198170732e-10,1.2213497317874162e-10,6.925249304556424e-12,4.031829949371707e-12,1.3450412139097702e-12,7.830732455815957e-13,5.030897937920426e-15,2.9289523143945713e-15,1.875208505826858e-18,7.923986328152156e-19,9.528773073369845e-21,4.0265318402101306e-21,8.731142650812454e-21,3.689480651309083e-21,-1.8106064867714874e-20,0.0,-1.0214330639381634e-17,0.0,-7.490501210540816e-19,0.0,3.0656618003329983e-17,2.6722232959023057e-17
0.005484375,0.5484374999999999,1626.0981244190264,99997.6425,0.24324555138780687,950035219.6487806,0.12890849685823388,0.18792143683676124,5.925197685999627e-11,9.13675000459997e-11,0.0014175333278621765,0.0012406641126076676,5.696753974978568e-07,3.399190769287698e-07,0.7656460501372613,0.7177644898877825,0.09883760819211965,0.08112009295442528,0.0002129304491046373,0.002773807313033675,1.7100917362316894e-06,9.7621037688858e-07,1.2262518548574667e-18,8.06105603652783e-19,-1.1768150920275662e-19,0.0,5.637803581272724e-05,0.0014688534090769596,0.0013784241951930085,0.002262658939041404,0.0035137721554457002,0.005425939309779131,2.0305132494061796e-05,1.6156302605069765e-05,5.102547822896068e-06,3.939657096060044e-06,7.887963341598688e-13,1.218053091545664e-12,6.82591473166704e-11,1.1187835513850297e-10,7.504441077701395e-10,1.312568755287121e-09,4.468517167635663e-10,8.378134896164654e-10,5.938823259463152e-20,4.8669358162693653e-20,1.535957587930382e-16,1.2996144799525667e-16,4.220313821076362e-13,3.690782565747031e-13,1.4376394578749213e-16,1.257255946336595e-16,1.94065639390789e-09,1.7561045017488277e-09,4.6193891936755487e-10,1.956563254597942e-10,5.404418323078304e-08,4.576360429162073e-08,7.585434407845296e-09,6.423204087261528e-09,7.729239095158056e-13,6.338950131977791e-13,7.352197354601269e-13,6.029728388202156e-13,1.3657890049630363e-13,1.085935635640593e-13,1.0479961146795267e-06,5.854243113320188e-07,5.519742051717521e-09,3.0833999707577744e-09,3.374539518112474e-10,1.406437056426861e-10,6.9823370398649524e-12,4.0730028856609244e-12,1.3308711762843417e-12,7.763363628109703e-13,4.605535267233352e-15,2.6865443942845553e-15,2.0474169227536333e-18,8.668571923157134e-19,9.833684407223428e-21,4.1634900838368504e-21,8.46553282028271e-21,3.5842274870802296e-21,-1.757942844312593e-20,0.0,-9.916282217955236e-18,0.0,-7.315576296033371e-19,0.0,2.9705761397573934e-17,2.5943962432447817e-17
0.0055,0.5499999999999999,1609.9205950322835,99997.6425,0.23778143497785506,927459915.7242842,0.12658427490164192,0.18489276383746647,5.136513302362561e-11,7.936018854184213e-11,0.0013823933425276946,0.0012122660741551016,5.696190816698359e-07,3.405477225180036e-07,0.7652580209810099,0.7187985439532096,0.10181466971722916,0.08372630885749792,0.00019892890708278892,0.0025964609274728595,1.7863570005254065e-06,1.0217335257096034e-06,1.1905735279207403e-18,7.841765679369126e-19,-1.1551885397344941e-19,0.0,5.291413885318667e-05,0.001381292402978868,0.0013348130632273932,0.0021953412236014494,0.0033442411470097745,0.005174212931874736,2.0978541390508116e-05,1.6724641466350643e-05,5.216028394841519e-06,4.035121928594572e-06,7.128286990212321e-13,1.102889208807502e-12,6.2326786241272e-11,1.023541188666906e-10,7.070377038342177e-10,1.2390580682236314e-09,3.857930512044047e-10,7.247424420785616e-10,5.551732223237385e-20,4.558575005725168e-20,1.5103889874427623e-16,1.28047028441636e-16,4.124292606412568e-13,3.613837000472596e-13,1.4850959069519673e-16,1.3012884996202322e-16,1.793576763477421e-09,1.6261741522803509e-09,5.122589196820042e-10,2.1739234354857186e-10,5.4479514954816466e-08,4.62221212466023e-08,7.50557063716894e-09,6.367960439880711e-09,7.623493000412709e-13,6.264407132983502e-13,7.483380461860056e-13,6.149273297892141e-13,1.3231157548103341e-13,1.0540560122544615e-13,1.1216527945190693e-06,6.277907321383883e-07,5.729382532748933e-09,3.2067438983893127e-09,3.8977633167008646e-10,1.627670987144999e-10,7.0347234702237575e-12,4.111557003221913e-12,1.3147909003755655e-12,7.684506373410658e-13,4.193877106902905e-15,2.451178765238689e-15,2.2567994876564855e-18,9.573695694082692e-19,1.0208814790521046e-20,4.330738585162944e-21,8.28794789628823e-21,3.51587686551061e-21,-1.7059296901694448e-20,0.0,-9.622894449380035e-18,0.0,-7.142617149126109e-19,0.0,2.8771274715661067e-17,2.517677498223384e-17
0.005515625,0.5515625,1593.3643786706602,99997.6425,0.2323328770349829,904430787.1506318,0.12425203368331014,0.18183898233196819,4.512756832178599e-11,6.9858545056793e-11,0.0013476599546614644,0.0011841043364253484,5.684787070905185e-07,3.40526553987603e-07,0.7648772629647993,0.719837354439354,0.10479207439672143,0.08634224890815279,0.0001857674200239563,0.00242938740002263,1.8677630735441195e-06,1.0703714159447807e-06,1.1553639210578346e-18,7.624647508298058e-19,-1.1336158986395238e-19,0.0,4.95829338409117e-05,0.0012968490891861737,0.0012895826517179483,0.002125074189880727,0.0031753225829893182,0.004922411234807567,2.1672953088478082e-05,1.7311828795809933e-05,5.3282341011733716e-06,4.129936205821522e-06,6.413710990246742e-13,9.942587630097655e-13,5.7108609315941643e-11,9.396703094236167e-11,6.655326918644598e-10,1.1685890427284675e-09,3.324365394195056e-10,6.25721931194924e-10,5.19970896952826e-20,4.27782447763569e-20,1.485711186692909e-16,1.2619972760420617e-16,4.029275068844751e-13,3.5374420769625383e-13,1.535638078391507e-16,1.348190595249063e-16,1.6536803114536547e-09,1.5022491636353807e-09,5.687939357246294e-10,2.418538486515923e-10,5.498148606187971e-08,4.673868015888595e-08,7.43674898381079e-09,6.321834076748296e-09,7.549086124813835e-13,6.215322666513725e-13,7.618608559270406e-13,6.272561960855436e-13,1.2892221264328368e-13,1.0290510727860119e-13,1.2038535624634718e-06,6.751083038246855e-07,5.954448228402276e-09,3.3391913842598605e-09,4.526099183766204e-10,1.8937321632015494e-10,7.081667072113641e-12,4.147039015227061e-12,1.296711665728348e-12,7.593570573871276e-13,3.797720980529893e-15,2.2239533311615002e-15,2.5114397530131003e-18,1.0674627748537228e-18,1.0661084452997415e-20,4.53138912828507e-21,8.197347238558685e-21,3.484201848446934e-21,-1.6545663931884147e-20,0.0,-9.334158071679488e-18,0.0,-6.971621494987432e-19,0.0,2.7853106839648493e-17,2.4420692203511953e-17
0.00553125,0.553125,1576.4321163337347,99997.6425,0.22690213425073819,880976829.549031,0.12191250823795483,0.17876098311171473,4.011409649593187e-11,6.221793605837154e-11,0.0013133321302532268,0.0011561793241571664,5.662203670098873e-07,3.3983120029518527e-07,0.7645042690499737,0.7208809099778437,0.10776788870425483,0.08896624790774373,0.00017341423581575816,0.0022722334714773943,1.9548623472429744e-06,1.1224574350118533e-06,1.1206225322865086e-18,7.409711539940498e-19,-1.1120954001454676e-19,0.0,4.6383233493577425e-05,0.0012155119233859446,0.001242914045438156,0.0020521400284257757,0.003007572220138058,0.004671400333025185,2.2389889267233715e-05,1.7919165669468597e-05,5.438570140421003e-06,4.223628978056143e-06,5.744619669530128e-13,8.922618069704816e-13,5.246527139747481e-11,8.649416798208716e-11,6.258382825948008e-10,1.101020799245035e-09,2.859448861465239e-10,5.392571842272936e-10,4.8748026454169976e-20,4.0182961763208813e-20,1.461648729094103e-16,1.243964591925118e-16,3.9349240495448496e-13,3.4613040960322773e-13,1.5886462164595336e-16,1.3974317132788384e-16,1.5208827611429536e-09,1.384290166530931e-09,6.324280490632086e-10,2.694326049325519e-10,5.555355336044908e-08,4.731651985412106e-08,7.379104341299013e-09,6.284990175251018e-09,7.502030735464276e-13,6.188553079241243e-13,7.756791217181478e-13,6.398709344817033e-13,1.2623418532966268e-13,1.0095483939949895e-13,1.2958083387221395e-06,7.280840872389041e-07,6.1962513564410805e-09,3.4815272277118786e-09,5.285553807767936e-10,2.2157765832938102e-10,7.1224868520648e-12,4.179027733465159e-12,1.2765712564323701e-12,7.490117981514811e-13,3.418791180419431e-15,2.0059318401910482e-15,2.823875810675814e-18,1.2025871234056938e-18,1.1206625333769864e-20,4.772498589446946e-21,8.194526997006135e-21,3.4897542631811e-21,-1.6038522061108944e-20,0.0,-9.050062918053709e-18,0.0,-6.802586619483833e-19,0.0,2.695120325523977e-17,2.367573474070956e-17
0.005546875,0.5546875,1559.1267814509208,99997.6425,0.2214914228369261,857123449.8959717,0.11956642090687361,0.17565965734495667,3.602337448902403e-11,5.598108511246016e-11,0.0012794086314191846,0.0011284913637322903,5.628259362893643e-07,3.3844663391028527e-07,0.7641395243673959,0.7219291994358735,0.11074021483362598,0.09159665120334401,0.0001618386532804946,0.0021246568434468175,2.048283531710115e-06,1.178371164881048e-06,1.086348784017397e-18,7.196967928035312e-19,-1.0906251641230429e-19,0.0,4.33135773544312e-05,0.0011372621641970466,0.0011949882676349738,0.0019768233917027344,0.002841529814496307,0.004422028872846606,2.31309585817726e-05,1.8548030613978064e-05,5.5463702672210135e-06,4.315669914147428e-06,5.121010328011444e-13,7.969388676861869e-13,4.829636169928006e-11,7.977515397083874e-11,5.878737306898951e-10,1.0362291040182122e-09,2.4554515226477254e-10,4.6396295322276213e-10,4.5700265564436536e-20,3.774348205162513e-20,1.4379127744863764e-16,1.2261282018520405e-16,3.8408837106902705e-13,3.385110848120379e-13,1.6432296333559067e-16,1.4482381860049277e-16,1.395082827376163e-09,1.2722419848323954e-09,7.0418874737901e-10,3.0058440300773114e-10,5.6199283283982294e-08,4.795899380163756e-08,7.33279965990424e-09,6.257618832271302e-09,7.479796362528068e-13,6.182133647832591e-13,7.897068677022863e-13,6.527013787707867e-13,1.2412497089528812e-13,9.945981667198694e-14,1.3989101665955085e-06,7.875333054014015e-07,6.456211593750673e-09,3.634601976745433e-09,6.209792170642651e-10,2.608259930300084e-10,7.156548527613718e-12,4.207126316696518e-12,1.2543310574283749e-12,7.373846737983758e-13,3.0586726204430763e-15,1.7981044949213744e-15,3.2150968634515017e-18,1.3718396528900429e-18,1.1879161033762525e-20,5.0686821708031344e-21,8.283125848198917e-21,3.534301133384547e-21,-1.5537862787520256e-20,0.0,-8.770597995202214e-18,0.0,-6.635509410042646e-19,0.0,2.6065506316255496e-17,2.294192236162545e-17
0.0055625,0.5562499999999999,1541.4516961668296,99997.6425,0.21610292263639042,832892816.5240808,0.11721448529496242,0.17253590211949338,3.2640328946524976e-11,5.0821425032448965e-11,0.0012458880090234663,0.001101040671244198,5.582926363777065e-07,3.363670051555686e-07,0.7637835061381009,0.7229822113657974,0.11370718816809525,0.09423181293110537,0.00015101086184137936,0.001986324132134993,2.1487446696398152e-06,1.2385462760829104e-06,1.052542032149989e-18,6.986426988850062e-19,-1.0692031992914976e-19,0.0,4.037227550755156e-05,0.0010620749280152535,0.0011459861714456948,0.0018994112205054856,0.0026777179618685818,0.004175125944024856,2.389785814684147e-05,1.9199881316557995e-05,5.650908014358918e-06,4.405477536100164e-06,4.5425280155681885e-13,7.082757347612434e-13,4.452836679868381e-11,7.369285705360153e-11,5.515624701263359e-10,9.740961613324712e-10,2.1052729004673366e-10,3.985618555196066e-10,4.2782996164085915e-20,3.54021654881126e-20,1.414199515002742e-16,1.2082294458117747e-16,3.7467801585478343e-13,3.3085320045090636e-13,1.6981602184693706e-16,1.4995321833260653e-16,1.2761641648741146e-09,1.1660352190715893e-09,7.852736250152452e-10,3.358410383692543e-10,5.6922193662055864e-08,4.866943521972855e-08,7.298025744654967e-09,6.239935047481578e-09,7.480926315002939e-13,6.194972522970158e-13,8.038754865775457e-13,6.6569116464225e-13,1.2251185724754982e-13,9.835626096283542e-14,1.514754922663319e-06,8.543913990512223e-07,6.735868139185019e-09,3.799339231156938e-09,7.342778517533733e-10,3.0900793007330266e-10,7.183251501793547e-12,4.23095489654194e-12,1.2299735184238742e-12,7.2445778615618e-13,2.718756030393137e-15,1.6013547815251444e-15,3.723464287299002e-18,1.5918123693506865e-18,1.2748336260859208e-20,5.450021212207748e-21,8.471845535388717e-21,3.6217853788635584e-21,-1.5043676713059655e-20,0.0,-8.495751561402708e-18,0.0,-6.470386397192227e-19,0.0,2.51959555063685e-17,2.2219274033747063e-17
0.005578125,0.5578124999999999,1523.4105507506754,99997.6425,0.2107387814716305,808304256.9927564,0.11485741043735342,0.16939062634527927,2.981026775282539e-11,4.6504004046690364e-11,0.0012127685964018146,0.0010738273415248382,5.526324645655834e-07,3.3359539130082754e-07,0.7634366836034038,0.7240399334108992,0.11666697456025008,0.09687009408591216,0.00014090178015111125,0.00185690879021196,2.2570683899080396e-06,1.3034797941324034e-06,1.0185317625239574e-18,6.773644705020112e-19,-1.0478274035781544e-19,0.0,3.755745027587383e-05,0.0009899202051304773,0.0010960884225367305,0.0018201927155105705,0.002516640817059343,0.003931498770845717,2.4692373133519766e-05,1.987625480628533e-05,5.75141469236061e-06,4.492432857395429e-06,4.0084995540316433e-13,6.262081963697008e-13,4.110645159514175e-11,6.816018746741011e-11,5.168280723313204e-10,9.145035134221382e-10,1.80242673882929e-10,3.4188269020563074e-10,3.99142526233684e-20,3.309167826288236e-20,1.390189110776081e-16,1.1899940048877414e-16,3.652222668193675e-13,3.2312200523445575e-13,1.751809512719274e-16,1.5498731976782899e-16,1.1639971761886129e-09,1.0655877244895377e-09,8.770827092571204e-10,3.7582482308557933e-10,5.772551766523058e-08,4.94509539054409e-08,7.275000606948761e-09,6.23217831951929e-09,7.504781828829538e-13,6.226646893826356e-13,8.181297731432019e-13,6.78794577494531e-13,1.2134202976127e-13,9.760392926762383e-14,1.6451563796276412e-06,9.29723568433413e-07,7.036895527903159e-09,3.976745130074521e-09,8.742475368490581e-10,3.686173502111499e-10,7.202016004694923e-12,4.250143217243159e-12,1.2034998775749826e-12,7.10224309178685e-13,2.400194159863729e-15,1.416432415862646e-15,4.424283447019256e-18,1.8950461221669882e-18,1.3957332349598012e-20,5.978321430269442e-21,8.77891584697666e-21,3.760258724800241e-21,-1.4555953678259267e-20,0.0,-8.22551120456505e-18,0.0,-6.307213796937064e-19,0.0,2.4342487698726142e-17,2.1507808003791125e-17
0.00559375,0.559375,1505.0074263194454,99997.6425,0.20540111967625524,783374704.6802512,0.11249590517207232,0.16622475702015815,2.7420966274333975e-11,4.2858391177170135e-11,0.0011800485058873302,0.001046851339682214,5.458714481428059e-07,3.3014343530291437e-07,0.7630995179512009,0.7251023516671011,0.1196177674797062,0.09950986046272142,0.00013148289498460567,0.0017360890135785258,2.3741998671160093e-06,1.3737430240060189e-06,9.845561703703086e-19,6.56019839207421e-19,-1.0264955644650575e-19,0.0,3.486707578954139e-05,0.0009207638335149205,0.001045475576564274,0.0017394594621362456,0.00235878264862948,0.003691930113588118,2.55163733189095e-05,2.0578765149496773e-05,5.847105307480099e-06,4.575899389150887e-06,3.5179666460686776e-13,5.506266974944044e-13,3.798882600602754e-11,6.311103442005588e-11,4.835916198046572e-10,8.573273696701537e-10,1.541023932988825e-10,2.928582842734644e-10,3.6989722445744194e-20,3.0725609236927663e-20,1.3655453533136102e-16,1.1711314901224857e-16,3.5568057474338785e-13,3.1528119915590447e-13,1.8021027081416737e-16,1.5974139246567674e-16,1.058440669544686e-09,9.708059732149983e-10,9.812578498430147e-10,4.2126627756961324e-10,5.86118740158965e-08,5.030615025465902e-08,7.263969046170943e-09,6.2346124299448115e-09,7.551368944375964e-13,6.277265461630723e-13,8.324250109673063e-13,6.919742379471916e-13,1.2058574214640876e-13,9.718083932997288e-14,1.7921524264287577e-06,1.0147293871903903e-06,7.361125108145685e-09,4.1679211320797766e-09,1.0486096180983954e-09,4.4297970670314305e-10,7.21226996151095e-12,4.264323030214032e-12,1.174928084852795e-12,6.946873755171253e-13,2.1038688462711746e-15,1.2439324126220694e-15,5.47130661021379e-18,2.3479915720496702e-18,1.5795267460607686e-20,6.778482274516155e-21,9.24052169250635e-21,3.965536680917114e-21,-1.407468289927607e-20,0.0,-7.95986392046884e-18,0.0,-6.145987554156534e-19,0.0,2.350503741404489e-17,2.0807541881541858e-17
0.005609375,0.5609375,1486.2468210643262,99997.6425,0.20009203471965484,758119194.2598594,0.11013068269680235,0.16303924583569562,2.5390211251892515e-11,3.975980613763745e-11,0.0011477256301353324,0.0010201124969947844,5.380487019267372e-07,3.260308595635272e-07,0.7627724622202365,0.7261694500027005,0.12255778511701296,0.10214948054311652,0.00012272610274174488,0.0016235456639810794,2.5012282626697376e-06,1.4499946009094514e-06,9.5118757364483e-19,6.349908644299709e-19,-1.0052053593301721e-19,0.0,3.2299015130491705e-05,0.000854568421785827,0.000994328252685127,0.001657505712985195,0.002204606180951293,0.003457175302389223,2.637180492941567e-05,2.1309097284202712e-05,5.93721318225108e-06,4.655250211137743e-06,3.069717917635123e-13,4.813808952295724e-13,3.5142866854776606e-11,5.849401703283711e-11,4.5177030959516056e-10,8.024360693608816e-10,1.3157521417183795e-10,2.5052268046237874e-10,3.3869328694185814e-20,2.818712966297435e-20,1.339916314712863e-16,1.1513358799219051e-16,3.460112315860444e-13,3.072932049003309e-13,1.8465091007276506e-16,1.6398880950751002e-16,9.593433529051761e-10,8.815862863091204e-10,1.099731281087315e-09,4.730259467932396e-10,5.95828356490503e-08,5.12367387041971e-08,7.265203559410738e-09,6.247526361432312e-09,7.621217176931568e-13,6.347372372920528e-13,8.467246445697411e-13,7.05199247264698e-13,1.2023165625045908e-13,9.70796828569064e-14,1.9579972395017226e-06,1.110739464659589e-06,7.710574769062559e-09,4.374081596450966e-09,1.2677693891903013e-09,5.365807520502272e-10,7.213435310226504e-12,4.2731200776940876e-12,1.14429090348223e-12,6.778590538492105e-13,1.8303688361609055e-15,1.0842803029364289e-15,7.180791752247167e-18,3.0874692912085845e-18,1.8827007189460983e-20,8.094902142877687e-21,9.92569751826336e-21,4.267675117005475e-21,-1.3599853107665103e-20,0.0,-7.698796191392034e-18,0.0,-5.986703387164722e-19,0.0,2.268353707774864e-17,2.0118492729130395e-17
0.005625,0.5625,1467.133680166724,99997.6425,0.19481360580020604,732551405.9632412,0.10776246526753792,0.15983507607016226,2.3657090252973812e-11,3.711590190136018e-11,0.0011157976501806,0.0009936105129829298,5.29215283970003e-07,3.212848498343642e-07,0.7624559611590942,0.7272412093410455,0.12548526756362452,0.10478732342985096,0.00011460355695754877,0.0015189602529179181,2.639413046014311e-06,1.5329965036731512e-06,9.190019976689444e-19,6.146650393162428e-19,-9.839543557921198e-20,0.0,2.9851054579086597e-05,0.0007912942079120924,0.0009428274003448491,0.0015746288254654083,0.0020545506734973426,0.003227958821586928,2.726067544635019e-05,2.2068995055040175e-05,6.021033420987154e-06,4.729902308338062e-06,2.6623197536817196e-13,4.182840873986922e-13,3.254243348363665e-11,5.426815209994561e-11,4.2127724685369753e-10,7.496896366817505e-10,1.1218519634214647e-10,2.140076332644779e-10,3.0360232657692687e-20,2.531454392440971e-20,1.3129362899960562e-16,1.1302870821434456e-16,3.3617183120973136e-13,2.9911957016964897e-13,1.8820933489115682e-16,1.6746523690569316e-16,8.66545147966323e-10,7.978159187531346e-10,1.2347867188428073e-09,5.321218379322247e-10,6.063840304101542e-08,5.224308483853649e-08,7.279008046971061e-09,6.271237629412528e-09,7.715288891772206e-13,6.437875587833588e-13,8.609982187004292e-13,7.184435334950196e-13,1.202836889439251e-13,9.730541418736857e-14,2.145133641289594e-06,1.2192007716805394e-06,8.08749014260519e-09,4.596578056039101e-09,1.5459407887685427e-09,6.555539401434197e-10,7.204913641138456e-12,4.27614558617079e-12,1.1116341982905888e-12,6.59759423529426e-13,1.579978170091197e-15,9.377234780032861e-16,1.0192687170572528e-17,4.390760589660527e-18,2.410780205563681e-20,1.0385052086640406e-20,1.0960707877390133e-20,4.72160514469346e-21,-1.3131452693441042e-20,0.0,-7.442294065346204e-18,0.0,-5.829356833633656e-19,0.0,2.187791727673855e-17,1.944067715695564e-17
0.005640625,0.5640625,1447.6734295831686,99997.6425,0.1895678982490213,706684259.1883544,0.10539198897549265,0.15661326968330558,2.217585902409853e-11,3.485744297117539e-11,0.0010842620514205264,0.0009673449648451405,5.194328589060102e-07,3.1593931330464043e-07,0.7621504510115786,0.7283176069138483,0.1283984742176644,0.10742175696072911,0.00010708752619550157,0.0014220130460182664,2.7902178050537884e-06,1.62363458294164e-06,8.877471649032593e-19,5.948777600041519e-19,-9.627400120722243e-20,0.0,2.7520934327155043e-05,0.0007308998357171941,0.000891154650332556,0.0014911298416235763,0.001909029690283851,0.003004970366208585,2.818502816489408e-05,2.2860240771225485e-05,6.097974397628045e-06,4.799357613984076e-06,2.2941458132765496e-13,3.611174943870302e-13,3.016599590714292e-11,5.039982836826429e-11,3.9202246051172056e-10,6.989415134410477e-10,9.550899766276787e-11,1.8253845949749534e-10,2.6194567953125667e-20,2.1882283168807344e-20,1.284229384220341e-16,1.1076539391429712e-16,3.2611990759999473e-13,2.9072153351068024e-13,1.905651788261233e-16,1.6988046338471508e-16,7.798783072171078e-10,7.19373979650659e-10,1.3891387137139908e-09,5.997650154554817e-10,6.177640788957674e-08,5.33236773141644e-08,7.3057259359657995e-09,6.306099458736772e-09,7.834905596885124e-13,6.549988495904157e-13,8.752193760840278e-13,7.316842269320899e-13,1.207588650854353e-13,9.787362447619632e-14,2.35614014925368e-06,1.3416473491494172e-06,8.494400825996254e-09,4.836932282835718e-09,1.9028932342267994e-09,8.084373690400759e-10,7.1860711726422705e-12,4.272987274100019e-12,1.0770154433455244e-12,6.404157672338309e-13,1.352674783372994e-15,8.043285401003827e-16,1.5761111046414734e-17,6.802276372672803e-18,3.350587991554756e-20,1.4460671879282697e-20,1.2565416192172282e-20,5.423058909051775e-21,-1.2669469852048583e-20,0.0,-7.190343236153367e-18,0.0,-5.673943298086609e-19,0.0,2.108810701641946e-17,1.877411142747082e-17
0.00565625,0.5656249999999999,1427.8720138657714,99997.6425,0.1843569675569266,680530557.5078858,0.10302000851661754,0.15337489449337371,2.0911588448262907e-11,3.2931676172951014e-11,0.0010531161468830175,0.0009413153238213103,5.087721911207602e-07,3.1003402279686875e-07,0.7618563591953208,0.7293986154958361,0.13129568159112967,0.11005114615906511,0.00010015026750749289,0.001332381358751284,2.955356416981038e-06,1.7229464968774994e-06,8.561543778188843e-19,5.747808099942322e-19,-9.415596773946491e-20,0.0,2.5306374901197798e-05,0.0006733430277338934,0.0008394927319402976,0.0014073141815880749,0.0017684285219545786,0.00278886030635586,2.914690218260468e-05,2.368462266702851e-05,6.167615162205696e-06,4.863249177790578e-06,1.9634051527267752e-13,3.096343803413791e-13,2.7995315216097707e-11,4.686066972250076e-11,3.6391516770036005e-10,6.500425457812234e-10,8.117290821836512e-11,1.5542931723450194e-10,2.0999586532797558e-20,1.757534575386127e-20,1.2534151297550058e-16,1.0830990275084518e-16,3.1581378799857045e-13,2.8206078911285675e-13,1.9139486269787913e-16,1.709392941544244e-16,6.991683193072516e-10,6.461321715999393e-10,1.5660403313764644e-09,6.774078061706581e-10,6.299189529014496e-08,5.447457554221704e-08,7.345754102564272e-09,6.352513048409458e-09,7.981683091424182e-13,6.685178213279537e-13,8.89363787784224e-13,7.448999602806814e-13,1.2168576930243272e-13,9.880938139893677e-14,2.593648640464988e-06,1.479653885345683e-06,8.934194748178817e-09,5.096880034300943e-09,2.3669314252016963e-09,1.007463622015476e-09,7.156223223722428e-12,4.263199966005307e-12,1.040502499091829e-12,6.198619132019378e-13,1.1481387679054348e-15,6.839844151420618e-16,2.6242826238306504e-17,1.1347228193208198e-17,5.0132947153088137e-20,2.1677161833802873e-20,1.5101508561689733e-20,6.52979454861638e-21,-1.2213892735965178e-20,0.0,-6.942929124623469e-18,0.0,-5.520458101207708e-19,0.0,2.0314033978662983e-17,1.811881156805161e-17
0.005671875,0.5671875,1407.7359381639992,99997.6425,0.1791828628144473,654103687.7338789,0.10064730184656694,0.15012107128249444,1.983704434097165e-11,3.129756857844832e-11,0.001022357103643351,0.0009155209749033365,4.973115005205596e-07,3.036136657089512e-07,0.7615741038357022,0.7304842026343262,0.13417518171349413,0.1126738521988239,9.376392117377653e-05,0.001249738122457857,3.136860437079815e-06,1.8321623161857794e-06,8.248408575040519e-19,5.547881369800689e-19,-9.204105924562334e-20,0.0,2.3205098486105453e-05,0.0006185811312162948,0.0007880259253800543,0.0013234924001773716,0.0016331012406314307,0.0025802345223681247,3.0148272119739777e-05,2.454388547648105e-05,6.229765138811767e-06,4.921389647341319e-06,1.668168943457171e-13,2.6356400876814774e-13,2.6014497336216847e-11,4.362599955218152e-11,3.3686723175030085e-10,6.0284715505849e-10,6.884965461944849e-11,1.3207798112627694e-10,1.4256805338796765e-20,1.1954245651711992e-20,1.2201165328772158e-16,1.0562856207020298e-16,3.0521370006127915e-13,2.7310048800353983e-13,1.9040452723024805e-16,1.7037101969611405e-16,6.242345933344135e-10,5.779553379368229e-10,1.7694368605010141e-09,7.668124352562491e-10,6.42765535746734e-08,5.5688892934912426e-08,7.399563194082815e-09,6.41094550910651e-09,8.157472029313812e-13,6.845117772693341e-13,9.034069499471641e-13,7.580690374219025e-13,1.2310323520808924e-13,1.0014624671320965e-13,2.8602312950700597e-06,1.6347711823641035e-06,9.410212034543192e-09,5.378426381293853e-09,2.9808639675038345e-09,1.2711379287830942e-09,7.114618508997547e-12,4.246296005633419e-12,1.0021727227856665e-12,5.981377672376631e-13,9.6576951011049e-16,5.764108374831952e-16,4.5857420025371607e-17,1.9865322672422115e-17,7.883130108892686e-20,3.4149527643551785e-20,1.9126693857793194e-20,8.28563719745847e-21,-1.1764709611754162e-20,0.0,-6.70003696112386e-18,0.0,-5.368896531267983e-19,0.0,1.955562478144836e-17,1.7474793494113074e-17
0.0056875,0.56875,1387.2723145214347,99997.6425,0.17404762933967674,627418370.4045303,0.09827467459402627,0.1468529806437763,1.893042535215719e-11,2.992234604312227e-11,0.000991981962355379,0.0008899612309604106,4.851347219110836e-07,2.967268217327474e-07,0.7613040931121534,0.7315743298902757,0.13703528133677262,0.1152882320761362,8.790043258187005e-05,0.0011737508027940843,3.337182852356287e-06,1.9527668145598937e-06,7.945000417172389e-19,5.353681842110292e-19,-8.992898900107716e-20,0.0,2.1214844382260537e-05,0.0005665715149157488,0.000736940502035931,0.0012399809274843156,0.0015033673940771963,0.002379648615190462,3.119096024001926e-05,2.5439657937516807e-05,6.284520877904504e-06,4.973817931384868e-06,1.406395842193383e-13,2.2261543861268922e-13,2.4209296698054178e-11,4.0673707208417604e-11,3.1079761339125637e-10,5.572213606242114e-10,5.825500292421012e-11,1.11960161813439e-10,5.244868757955357e-21,4.405916017890749e-21,1.183970927644005e-16,1.0268871690135324e-16,2.9428317203203996e-13,2.638065134079235e-13,1.8736846527110475e-16,1.6796414556922807e-16,5.548909216006408e-10,5.147018147117559e-10,2.0041955386959317e-09,8.701533593811454e-10,6.561827477293543e-08,5.695638840494555e-08,7.467723600711958e-09,6.481952891549658e-09,8.364304041551268e-13,7.031642388788373e-13,9.173218143702826e-13,7.711674422693572e-13,1.2505892564472654e-13,1.0192519182191993e-13,3.1582594069835347e-06,1.8084447735229599e-06,9.926355921844895e-09,5.683911349173944e-09,3.816394058472997e-09,1.6304420385099071e-09,7.060423790889884e-12,4.221735788951732e-12,9.62112487258018e-13,5.752890818955504e-13,8.047106881964186e-16,4.811716708130648e-16,8.177012042565212e-17,3.5488061481338664e-17,1.2658636474687714e-19,5.493821791446274e-20,2.5440165437589107e-20,1.1040978666106558e-20,-1.1321909023524608e-20,0.0,-6.461651869857356e-18,0.0,-5.219253898033878e-19,0.0,1.8812805240965842e-17,1.6842073143552396e-17
0.005703125,0.5703125,1366.4889125376212,99997.6425,0.16895331026318183,600491439.5287247,0.09590296408844741,0.14357186935482527,1.817370246223212e-11,2.877894412271273e-11,0.0009619876307492244,0.0008646353240176418,4.723297147901402e-07,2.894248973462793e-07,0.7610467243679135,0.7326689521107881,0.13987430214524382,0.11789263918286359,8.253150677152816e-05,0.0011040807493886155,3.559361228649721e-06,2.0865972072152237e-06,7.651822026868346e-19,5.16558685160893e-19,-8.781945956274005e-20,0.0,1.933337799457462e-05,0.0005172717983582762,0.00068642508484834,0.0011571026788045862,0.0013795083800863918,0.0021876015512728693,3.227651179257188e-05,2.6373349449646625e-05,6.332313167952389e-06,5.020838694901856e-06,1.175956148034657e-13,1.864811791508203e-13,2.256658513021925e-11,3.798337957028462e-11,2.8563743488775077e-10,5.130519931552192e-10,4.914417888715078e-11,9.462339931230625e-11,-7.042416659597693e-21,0.0,1.1446439344107732e-16,9.94599585271066e-17,2.829907613881103e-13,2.541490652857513e-13,1.8216610697445273e-16,1.6360020230768744e-16,4.909457328880374e-10,4.562235958922664e-10,2.276458421649287e-09,9.90174200347501e-10,6.700092948040755e-08,5.8263240592926253e-08,7.550934526056214e-09,6.56620614676241e-09,8.604345880685521e-13,7.246711938304754e-13,9.31076221547923e-13,7.841666599327191e-13,1.2760745881906422e-13,1.0419312838376802e-13,3.489741271667439e-06,2.001920633101304e-06,1.048721184074909e-08,6.016080887758323e-09,5.013128461409698e-09,2.14564150028878e-09,6.992709711784641e-12,4.188918915544316e-12,9.204171942902647e-13,5.513675176386987e-13,6.63881896330088e-16,3.976923893376947e-16,1.454798298930625e-16,6.325379659812093e-17,2.026432736317161e-19,8.810813445204052e-20,3.509487350425401e-20,1.5259049944632403e-20,-1.0885479963848e-20,0.0,-6.227758955182718e-18,0.0,-5.071525589554049e-19,0.0,1.8085500636973523e-17,1.6220666623469927e-17
0.00571875,0.571875,1345.394214418614,99997.6425,0.16390194684243353,573342591.0559049,0.09353304284634349,0.14027905604118385,1.755138515808007e-11,2.7844106477755856e-11,0.0009323708194171564,0.0008395423448919787,4.5898647363614946e-07,2.8176104755892855e-07,0.7608023829255817,0.7337680167577673,0.14269058215683408,0.12048542497052422,7.762860029962507e-05,0.0010403830448649314,3.807268081968245e-06,2.2359931100390445e-06,7.369092401560525e-19,4.983784517880133e-19,-8.571216286971771e-20,0.0,1.7558493059165227e-05,0.0004706399033764959,0.0006366708381753867,0.0010751873787940443,0.0012617635812947935,0.0020045288649675774,3.340602247523476e-05,2.7346006437368053e-05,6.373936810642116e-06,5.063048462414923e-06,9.746549544939842e-14,1.548407339243366e-13,2.1073929538779883e-11,3.553560624675478e-11,2.6133510477941875e-10,4.702561168591161e-10,4.1308122783608556e-11,7.968055834514818e-11,-2.401717399186683e-20,0.0,1.101846641062256e-16,9.591564714656195e-17,2.713121372864613e-13,2.441045802950363e-13,1.7480899630655041e-16,1.5727890798395324e-16,4.322021637211325e-10,4.0236633483626424e-10,2.594183488860651e-09,1.1304282997389921e-09,6.840442398939001e-08,5.95920664739124e-08,7.650051644237603e-09,6.6645161164280916e-09,8.879864741753898e-13,7.492382408905879e-13,9.44630067023154e-13,7.970312502406371e-13,1.308077416830163e-13,1.0700077229034731e-13,3.85615085773495e-06,2.216144571680724e-06,1.109815649928826e-08,6.378152771753243e-09,6.8855791271208595e-09,2.9524275361725783e-09,6.9104390490596435e-12,4.147176716491166e-12,8.771918827456825e-13,5.264310597621109e-13,5.420154780212852e-16,3.252809198474275e-16,2.5437193497990177e-16,1.1080094220785503e-16,3.180486765711445e-19,1.3853766153419605e-19,4.934648929477233e-20,2.1494657061686504e-20,-1.0455412053268665e-20,0.0,-5.998343390305129e-18,0.0,-4.925707132290963e-19,0.0,1.737363598213427e-17,1.5610590369980588e-17
0.005734375,0.5734374999999999,1323.9974744137446,99997.6425,0.15889557729203885,545995001.3706423,0.09116582135604905,0.13697593588385473,1.7049595843669958e-11,2.7096951465773948e-11,0.000903127874522651,0.0008146810896381586,4.4519538957116474e-07,2.737891163705268e-07,0.7605714405384928,0.7348714633244767,0.1454824784710308,0.12306494187299769,7.31629536431413e-05,0.000982306902948033,4.085966182666065e-06,2.4040097606795792e-06,7.096923105691179e-19,4.808391379379752e-19,-8.360678037759875e-20,0.0,1.5888007257222778e-05,0.00042663392948793166,0.0005878713729902115,0.0009945714027719936,0.0011503263797303267,0.0018307956058554611,3.457990525343752e-05,2.835811748751431e-05,6.410555153513509e-06,5.10134185086584e-06,8.002545614421454e-14,1.2736407340302287e-13,1.9719243621955367e-11,3.3311402161821473e-11,2.37860833978608e-10,4.2878945310210323e-10,3.4569606429896584e-11,6.680297447325366e-11,-4.7682208316772243e-20,0.0,1.0553557872567549e-16,9.203471271755808e-17,2.5923252005920617e-13,2.3365799371674575e-13,1.6545035281953232e-16,1.4912788523102872e-16,3.7845799196363604e-10,3.5296922124664526e-10,2.9679451908161305e-09,1.295634974069689e-09,6.98050748674745e-08,6.092221829634438e-08,7.766107121534642e-09,6.77785210128585e-09,9.19320666262591e-13,7.770788051720026e-13,9.579320537125571e-13,8.097160469166396e-13,1.347192041560783e-13,1.1039958191048667e-13,4.258262341265884e-06,2.451663956284489e-06,1.176542723155374e-08,6.773860218605834e-09,1.0197907388332366e-08,4.3806070028148966e-09,6.812459254521889e-12,4.0957672996467794e-12,8.325525499263996e-13,5.005448666665686e-13,4.3769700795720923e-16,2.631509452558464e-16,4.331314053892294e-16,1.890072181730456e-16,4.843733111815383e-19,2.113678457959402e-19,6.951404130547368e-20,3.033410971274835e-20,-1.0031695729594677e-20,0.0,-5.773390508638832e-18,0.0,-4.781794255073943e-19,0.0,1.6677136295937144e-17,1.501186132179295e-17
0.00575,0.575,1302.308782661296,99997.6425,0.15393623394785552,518475743.21535987,0.08880225000823039,0.1336639841328028,1.665537307376944e-11,2.6517886957967868e-11,0.0008742544550803911,0.0007900497643708706,4.310456126811393e-07,2.6556262690909214e-07,0.7603542533954202,0.7359792228803635,0.14824837147052503,0.12562954762357753,6.91056653958932e-05,0.000929496639494445,4.40214374447838e-06,2.594680472082861e-06,6.828048457726107e-19,4.634517321347152e-19,-8.150298323713909e-20,0.0,1.4319751896403912e-05,0.00038521186909496526,0.0005402222325968814,0.0009155969003118377,0.0010453402050071272,0.001666689276632193,3.5797583003788024e-05,2.940935556858588e-05,6.443672360200666e-06,5.1368920727604085e-06,6.504964366694998e-14,1.0371508053467778e-13,1.8490496235200204e-11,3.1291719794515e-11,2.152098510288033e-10,3.8865253885747936e-10,2.8779261333157405e-11,5.571334229134112e-11,-8.09220497278797e-20,0.0,1.0050361527844647e-16,8.780366705051915e-17,2.467494395997893e-13,2.2280531235831607e-13,1.5437381516479789e-16,1.3939365440312478e-16,3.295054927721722e-10,3.0786478811366646e-10,3.4120361071629917e-09,1.4921710486565412e-09,7.117629158196198e-08,6.22303541980966e-08,7.9003147826025e-09,6.907347605089431e-09,9.546786635389281e-13,8.084133225238852e-13,9.709157764154077e-13,8.221627639537501e-13,1.3939670617033266e-13,1.14437572529039e-13,4.696006905494453e-06,2.7085412884257847e-06,1.249610982612483e-08,7.2074488155375724e-09,1.6794979950982808e-08,7.227380574932231e-09,6.697502024487388e-12,4.033874801892978e-12,7.866283259883542e-13,4.737826388193655e-13,3.494077712990457e-16,2.1044670073641117e-16,7.145534860496624e-16,3.12371686849897e-16,7.1154419773962585e-19,3.1105615696448477e-19,9.674819062241277e-20,4.229409847466343e-20,-9.614322448255958e-21,0.0,-5.552885898134313e-18,0.0,-4.639782957427716e-19,0.0,1.5995926883725752e-17,1.4424497108076248e-17
0.005765625,0.5765625,1280.3391335398442,99997.6425,0.14902593865466465,490816103.0331657,0.08644332004374963,0.1303447582178439,1.6356150978808573e-11,2.6087794244516874e-11,0.0008457450178670081,0.0007656455133155507,4.1662356043397704e-07,2.571338502928721e-07,0.7601511595976171,0.7370912177882545,0.15098667052427142,0.1281776110555297,6.542780712626305e-05,0.0008815932081717171,4.764520019071904e-06,2.813264200518608e-06,6.555829770647257e-19,4.4576635185073e-19,-7.940043253276743e-20,0.0,1.285155684314081e-05,0.0003463311923470482,0.0004939198106920952,0.0008386099404362335,0.0009468948021184705,0.0015124130621481803,3.705709469445777e-05,3.0498246528815332e-05,6.475068590765213e-06,5.171101527365588e-06,5.231229945122979e-14,8.355501036021974e-14,1.737547306887125e-11,2.945704672676096e-11,1.9340371224311086e-10,3.4989349463185177e-10,2.381159435985555e-11,4.617849190278569e-11,-1.279743155853389e-19,0.0,9.508634288201084e-17,8.321867835609218e-17,2.338757063150867e-13,2.1155640510461095e-13,1.419634066243091e-16,1.284155093961787e-16,2.8513128762422606e-10,2.668787140081495e-10,3.945819139847394e-09,1.7286770495859752e-09,7.248951048709697e-08,6.34912362205216e-08,8.054053352134818e-09,7.054286895813669e-09,9.94308400716597e-13,8.434688613754085e-13,9.834947905637223e-13,8.342957080193376e-13,1.448840306724189e-13,1.1915392273158972e-13,5.1683669376853904e-06,2.9862885767794357e-06,1.3297993905475476e-08,7.68359672848393e-09,3.0862043879976586e-08,1.3304477358883783e-08,6.56419383099142e-12,3.960615275093641e-12,7.395646572516653e-13,4.462286083937804e-13,2.7556756225780255e-16,1.6626826149552157e-16,1.1392129074309284e-15,4.989000154997524e-16,1.0050221924203318e-18,4.401333447905122e-19,1.3173895211762026e-19,5.769296048586673e-20,-9.203284895340306e-21,0.0,-5.3368154989610364e-18,0.0,-4.499669582933575e-19,0.0,1.5329933621570533e-17,1.3848516250807547e-17
0.00578125,0.578125,1258.1004986353123,99997.6425,0.1441666964163989,463052226.2029066,0.0840900634373528,0.12701989830164198,1.6139380320055397e-11,2.5787429509588867e-11,0.0008175921301527629,0.0007414637862443099,4.020116117435563e-07,2.4855297900223034e-07,0.7599624760731819,0.738207361621157,0.15369582117451383,0.13070751941175665,6.210057512076589e-05,0.0008382362563571316,5.1840144356358725e-06,3.066355574511508e-06,6.287773800774119e-19,4.282934899573038e-19,-7.729877960742901e-20,0.0,1.1481232195440056e-05,0.00030994834025794605,0.00044915955316938397,0.0007639574136267847,0.0008550229480850297,0.0013680797237988955,3.835460770787316e-05,3.1621756989226105e-05,6.506696794570039e-06,5.205521076068995e-06,4.1589938047387336e-14,6.654599281120635e-14,1.636159919587886e-11,2.7787102561675164e-11,1.724892884803419e-10,3.12606598754909e-10,1.9561093919655533e-11,3.800225402566331e-11,-1.9520831971502147e-19,0.0,8.929444814463322e-17,7.828743711162857e-17,2.2064239002050278e-13,1.9993782713447811e-13,1.2866143729193292e-16,1.1658815065299828e-16,2.4511625887576975e-10,2.2982968868031324e-10,4.595119689623245e-09,2.0166868545694882e-09,7.371528488795654e-08,6.467867475585136e-08,8.228822458419568e-09,7.220067482893484e-09,1.0384630217010542e-12,8.824780874129229e-13,9.955563360981366e-13,8.460163077858865e-13,1.5120608736219638e-13,1.2457246235588355e-13,5.67331897326027e-06,3.2838293750345307e-06,1.4179243507278206e-08,8.207226945008179e-09,6.105307239800127e-08,2.6366082502608555e-08,6.411082798758093e-12,3.875052542744153e-12,6.915276485665831e-13,4.179802471861563e-13,2.1457616846207603e-16,1.2969633263390954e-16,1.7535370862539301e-15,7.692872315865592e-16,1.362915728097451e-18,5.979193001236805e-19,1.7443519690938041e-19,7.652576656268187e-20,-8.798577215724796e-21,0.0,-5.125165705275491e-18,0.0,-4.361450898739352e-19,0.0,1.4679083248561937e-17,1.3283938380937049e-17
0.005796875,0.5796875,1235.6059041313554,99997.6425,0.1393604876086473,435226754.6677382,0.08174355170665563,0.12369112619381421,1.5992268478949548e-11,2.5597009508425358e-11,0.0007897857360448798,0.0007174976575350292,3.8728701852378713e-07,2.3986742606117814e-07,0.7597884950171958,0.7393275592480527,0.15637431372220376,0.1332176870990391,5.909547258164381e-05,0.0007990666197973514,5.6734473182517e-06,3.3617181432790925e-06,6.02652752699088e-19,4.112156811579152e-19,-7.519766652044569e-20,0.0,1.0206548145993577e-05,0.0002760181641850964,0.0004061333142793319,0.0006919824553574039,0.0007696979214369798,0.0012337066583217435,3.968383959461745e-05,3.2774803514376104e-05,6.5405444565112e-06,5.2417403115644945e-06,3.2663531851420943e-14,5.2354586919203156e-14,1.543583750574425e-11,2.6260662122968453e-11,1.525352541351449e-10,2.769262980072824e-10,1.593854906866454e-11,3.1018654949820955e-11,-2.9242370426557557e-19,0.0,8.315300222620771e-17,7.303037181928343e-17,2.0710148013034952e-13,1.879953802466976e-13,1.149231738302368e-16,1.043209626013996e-16,2.0923559322241905e-10,1.965294023492947e-10,5.393270213182594e-09,2.371110418637167e-09,7.482441588610171e-08,6.576651958372546e-08,8.426170680329625e-09,7.406137588928968e-09,1.0873967096502555e-12,9.256757101569969e-13,1.0069537416210827e-12,8.571964689594663e-13,1.5836022715859826e-13,1.3069436077009649e-13,6.2078312378654955e-06,3.599492253195689e-06,1.51478418514307e-08,8.783186479728788e-09,1.2341995057785097e-07,5.3392641885537796e-08,6.236689068184089e-12,3.776228468911455e-12,6.427096804576851e-13,3.891517704434733e-13,1.6485202888652923e-16,9.981561014719326e-17,2.6061134494533993e-15,1.1453147290303345e-15,1.773872481378978e-18,7.795678583259849e-19,2.2387616908077073e-19,9.838737986670186e-20,-8.400195260062546e-21,0.0,-4.917923472413417e-18,0.0,-4.2251241830220576e-19,0.0,1.4043303669608944e-17,1.273078446595778e-17
0.0058125,0.5812499999999999,1212.869511531042,99997.6425,0.13460925940693702,407391888.24859977,0.07940489372298998,0.12036024263301608,1.590162318464479e-11,2.549595953374654e-11,0.0007623126272098184,0.0006937373242355776,3.725210573432719e-07,2.3112126578489726e-07,0.7596294801475715,0.7404517069526667,0.15902069304203895,0.1357065656902218,5.638451346586371e-05,0.0007637291406492386,6.24668962278581e-06,3.7077884306925876e-06,5.77286444660803e-19,3.9458868584342724e-19,-7.30967267113459e-20,0.0,9.02521410072214e-06,0.0002444933399484935,0.0003650257842385016,0.0006230182326559404,0.0006908321364778048,0.001109212800038266,4.103541162785277e-05,3.394970079165805e-05,6.578468837404916e-06,5.281255354090508e-06,2.5320690753193647e-14,4.065536735515677e-14,1.4584681717977835e-11,2.4855538431236868e-11,1.3362614866653498e-10,2.430167268577701e-10,1.2867713813417256e-11,2.508570535169922e-11,-4.350151571892448e-19,0.0,7.670122540442724e-17,6.748055189536073e-17,1.9332777589291358e-13,1.7579599418610798e-13,1.0117618780534028e-16,9.200110248540924e-17,1.7725900036768665e-10,1.6678270384586772e-10,6.381337390417994e-09,2.8103606219583977e-09,7.578901201341558e-08,6.672959903713699e-08,8.647609448564686e-09,7.61392048533808e-09,1.1413537256210694e-12,9.732891002743538e-13,1.0174986575179949e-12,8.676717223375845e-13,1.663073798856317e-13,1.3749059770811895e-13,6.76791570902376e-06,3.931036062948596e-06,1.621079609288115e-08,9.41578275941827e-09,2.444250491113396e-07,1.0592354301913987e-07,6.03958875868885e-12,3.663213938816152e-12,5.933364343347403e-13,3.598785254270111e-13,1.2486674874580268e-16,7.573588745462529e-17,3.7425058400177384e-15,1.647573358353853e-15,2.2165824895164502e-18,9.758120394285486e-19,2.7823395364054603e-19,1.2248767777619603e-19,-8.008136855723733e-21,0.0,-4.71507643146949e-18,0.0,-4.09068732314954e-19,0.0,1.3422524273235722e-17,1.2189077043831129e-17
0.005828125,0.5828125,1189.9066991133807,99997.6425,0.1299149174157733,379613454.9077568,0.07707523268375197,0.11702912303781324,1.5853789320779057e-11,2.546280864273679e-11,0.0007351564405061842,0.000670170078922412,3.5777843337246315e-07,2.223548254939382e-07,0.7594856632698095,0.7415796923291786,0.16163356932648074,0.1381726547910279,5.3940437347564036e-05,0.000731875666985954,6.917511208696102e-06,4.112995260662243e-06,5.520527493162584e-19,3.779872632845403e-19,-7.099558596165275e-20,0.0,7.934857627638424e-06,0.00021532377208019493,0.0003260099860231171,0.000557380072034579,0.0006182774464539559,0.000994418202828863,4.239618728101572e-05,3.513559231062028e-05,6.622019174682207e-06,5.325324774948063e-06,1.9357806912574326e-14,3.1134494183985834e-14,1.3794262690006293e-11,2.354875937887771e-11,1.158542664724041e-10,2.1105714928693763e-10,1.0282455011431739e-11,2.008006258060799e-11,-6.475464604642977e-19,0.0,6.998970679073412e-17,6.168134254572205e-17,1.7941946476143273e-13,1.6342842569443076e-13,8.778916151454949e-17,7.996481584890424e-17,1.4895113577506968e-10,1.403879569852393e-10,7.60718680863719e-09,3.355967499523918e-09,7.658338949659566e-08,6.754452841920342e-08,8.894593650057658e-09,7.844796861600023e-09,1.2005422993937127e-12,1.025515870703962e-12,1.0269567552291826e-12,8.772372714780885e-13,1.7496403035615748e-13,1.4489505804206882e-13,7.348729521397236e-06,4.275704375544814e-06,1.7373127728634606e-08,1.0108190542315458e-08,4.625600137217139e-07,2.0079745103169448e-07,5.818550995770502e-12,3.5351926068888146e-12,5.436759609067536e-13,3.3032265918745514e-13,9.317442163667379e-17,5.661023281578922e-17,5.1993330344286e-15,2.2928372602291054e-15,2.6613908759554658e-18,1.173638257833793e-18,3.351299771487852e-19,1.4778789770501968e-19,-7.622402106858936e-21,0.0,-4.516613013239783e-18,0.0,-3.9581389277743253e-19,0.0,1.2816676268462909e-17,1.1658840455595762e-17
0.00584375,0.584375,1166.7341399257518,99997.6425,0.12527931860571337,351974608.88357294,0.07475574246096722,0.11369971192406617,1.5834670760529174e-11,2.547522101414326e-11,0.000708298441734969,0.0006467809993298117,3.431169376682481e-07,2.1360443076404207e-07,0.759357241705242,0.7427113936387821,0.1642116292378464,0.1406145131530472,5.1736923701129807e-05,0.0007031680763557606,7.698711513258508e-06,4.585240107779392e-06,5.269055792623468e-19,3.6138080850611418e-19,-6.889386374013896e-20,0.0,6.933003603318192e-06,0.00018845599847701615,0.000289241955969796,0.0004953561085886145,0.0005518275948172202,0.0008890471089155543,4.3748695376267915e-05,3.631794635445106e-05,6.6722630037935295e-06,5.374827381921404e-06,1.458217464179715e-14,2.3493280018527458e-14,1.3050584792159497e-11,2.2316969075017774e-11,9.930969886659989e-11,1.8122386984734697e-10,8.124545196945828e-12,1.589289455475342e-11,-9.695529786125322e-19,0.0,6.307367655122061e-17,5.568054653808562e-17,1.6549683548647959e-13,1.5100225515051152e-13,7.505097922160864e-17,6.847784781143405e-17,1.2407221552168915e-10,1.1713758639712167e-10,9.123374222843536e-09,4.031668849862614e-09,7.718475779408585e-08,6.81903366839024e-08,9.169009636014639e-09,8.100535287106795e-09,1.2650716217427131e-12,1.08246965886423e-12,1.0350539509795163e-12,8.856530159766222e-13,1.8419627631059193e-13,1.5279929280903978e-13,7.944716896322695e-06,4.630304288384916e-06,1.8636718779904146e-08,1.0861768898015224e-08,8.267881846966067e-07,3.595175280163864e-07,5.572784396348885e-12,3.391612095801583e-12,4.940529980478521e-13,3.0068202983843325e-13,6.843576634854023e-17,4.165019789483146e-17,6.998699184380444e-15,3.0915666989941866e-15,3.073958227887939e-18,1.3578733191800718e-18,3.922302523286553e-19,1.7326162398058593e-19,-7.242993726235195e-21,0.0,-4.3225225822341546e-18,0.0,-3.8274784554656753e-19,0.0,1.222569304092508e-17,1.1140101067911082e-17
0.0058515625,0.5851562499999999,1155.0760450971532,99997.6425,0.12299497219483538,338362502.76200086,0.07360571060227383,0.11204423561902768,1.583049781279961e-11,2.5489815849581032e-11,0.0006950365072175117,0.0006352018973014642,3.358691780117936e-07,2.0926734017132303e-07,0.7592990944661459,0.743275867412825,0.16548116480256347,0.14182017270165734,5.072086447969812e-05,0.0006899353447263828,8.133442301963838e-06,4.8482123096972835e-06,5.146635783411692e-19,3.532798980357407e-19,-6.784778822822906e-20,0.0,6.466553457577811e-06,0.00017592380708461,0.0002718357944489034,0.0004659357983276475,0.0005209464605569477,0.0008399968447574497,4.441043193244603e-05,3.6898131692538444e-05,6.69994386236583e-06,5.401641176736736e-06,1.2591066804375829e-14,2.0302386499561957e-14,1.2692860907430737e-11,2.1723408200897478e-11,9.156427341602577e-11,1.6722953870249146e-10,7.191257261832145e-12,1.4079005277452973e-11,-1.1948568855605007e-18,0.0,5.957258520461877e-17,5.2633832383388804e-17,1.5861450204273458e-13,1.4484377486191806e-13,6.902803560205855e-17,6.303510157735296e-17,1.1287976589852004e-10,1.0665986682198219e-10,1.0007727413726293e-08,4.426169435865132e-09,7.740440141492721e-08,6.844159920907427e-08,9.317991495999e-09,8.239043616965947e-09,1.2991316130571367e-12,1.1125434279990295e-12,1.038463570525273e-12,8.893139147661452e-13,1.8893661534580904e-13,1.5686275276911296e-13,8.244770750678068e-06,4.809200613761666e-06,1.930277480801406e-08,1.1259369030530026e-08,1.0832117058243387e-06,4.71413868713438e-07,5.441335227352092e-12,3.3143824455435387e-12,4.694425898753082e-13,2.859431029450409e-13,5.831573256755827e-17,3.552081102251489e-17,8.024269207309566e-15,3.547561940880063e-15,3.2555174352987772e-18,1.4392774535551377e-18,4.201767947071674e-19,1.8576186401950276e-19,-7.05654597634958e-21,0.0,-4.227558762875097e-18,0.0,-3.763163162989183e-19,0.0,1.1937101591516872e-17,1.0886235789807587e-17
0.005859375,0.5859375,1143.3721566328388,99997.6425,0.12072601679339781,324826694.70684683,0.0724586862316441,0.11038998848289787,1.5828074604828232e-11,2.5507120785430196e-11,0.0006818420421780261,0.0006236618379962055,3.2866011101520806e-07,2.049460369819139e-07,0.7592448589644923,0.7438412088035633,0.16674152265531167,0.14301922754115054,4.9755526641657435e-05,0.0006773674115165383,8.600299980639146e-06,5.130764294813889e-06,5.025466421821337e-19,3.4524952594784066e-19,-6.680149475019271e-20,0.0,6.021171998023724e-06,0.00016394342361085418,0.00025504024607586774,0.00043751140573518803,0.0004914933560738257,0.0007931648118350428,4.5060428069963346e-05,3.746932908969536e-05,6.729361751556575e-06,5.429872938751971e-06,1.0828972618277966e-14,1.7475638120026027e-14,1.2341720885487828e-11,2.1140019653938967e-11,8.415556938994332e-11,1.538264527306397e-10,6.345432317972877e-12,1.2433390862124709e-11,-1.4755963417799411e-18,0.0,5.603626409437067e-17,4.955060296678356e-17,1.517814417460047e-13,1.3871928467351237e-13,6.323468205204993e-17,5.779276939203442e-17,1.0244994554734998e-10,9.688530107075303e-11,1.0985523770740705e-08,4.862667334856258e-09,7.75680989233916e-08,6.864341226426054e-08,9.474566239227904e-09,8.384459145075679e-09,1.3344680940982067e-12,1.1437556186005934e-12,1.0413756351670801e-12,8.925498024746741e-13,1.9374475608567882e-13,1.6098851042902768e-13,8.54627940349132e-06,4.989219611675777e-06,1.9992765884380275e-08,1.1671546755333484e-08,1.3965213463235382e-06,6.082719827297283e-07,5.3035894651270845e-12,3.2331679202748273e-12,4.4497627728269134e-13,2.7126591046564736e-13,4.9482124590801435e-17,3.016523411285338e-17,9.135249035859851e-15,4.04209123601529e-15,3.416830335859629e-18,1.511851499758202e-18,4.477952842181535e-19,1.981368418925435e-19,-6.871686329865077e-21,0.0,-4.1336877055374844e-18,0.0,-3.6993270105543526e-19,0.0,1.1652213559902734e-17,1.063526967506181e-17
0.0058671875,0.58671875,1131.6249327488704,99997.6425,0.11847266917354679,311381614.69444025,0.07131482080203558,0.10873722665183669,1.5825574610726035e-11,2.5524195484279637e-11,0.0006687128238887566,0.0006121590439852307,3.2149500808917553e-07,2.0064391138210297e-07,0.759194550798829,0.7444073991628501,0.16799256319738992,0.1442115171419736,4.8837992734358084e-05,0.0006654263608682582,9.1008307896212e-06,5.4338635413108776e-06,4.907882357723857e-19,3.3745050605515286e-19,-6.575493451413606e-20,0.0,5.59649875090954e-06,0.0001525065871432333,0.00023886843755594454,0.0004101083895815068,0.00046343112286034407,0.0007484972483995528,4.5694212689519744e-05,3.8027784734060644e-05,6.760414563138982e-06,5.459443107012344e-06,9.275737257900511e-15,1.498143623061758e-14,1.199555813978292e-11,2.056408312019494e-11,7.709259927909438e-11,1.4103278286166628e-10,5.5809801452700355e-12,1.0944554094463821e-11,-1.826846456107283e-18,0.0,5.2466559132811396e-17,4.6432447643157226e-17,1.4501636539438377e-13,1.3264607603910614e-13,5.768257087144454e-17,5.2762091100106166e-17,9.27518434585814e-11,8.778654068890526e-11,1.2063298403463975e-08,5.3441555021100315e-09,7.76732589143081e-08,6.879335146375194e-08,9.638445082670667e-09,8.536540752947515e-09,1.3710315845535293e-12,1.176066095234374e-12,1.0437072482409968e-12,8.952884250338572e-13,1.985880761074353e-13,1.6514952087048112e-13,8.848396594610389e-06,5.1698666111485225e-06,2.0705427088721586e-08,1.2097592488197603e-08,1.7726725792314566e-06,7.727481709571513e-07,5.15952233999497e-12,3.14794461864534e-12,4.2070051075704115e-13,2.566791694326232e-13,4.180349241082752e-17,2.5505283300192873e-17,1.032883932852278e-14,4.574003228856417e-15,3.554455099275513e-18,1.5740480206730608e-18,4.752286224770564e-19,2.1044932392862795e-19,-6.6884158137518705e-21,0.0,-4.040908278561239e-18,0.0,-3.6359700024845734e-19,0.0,1.137102096896981e-17,1.0387206261474634e-17
0.005875,0.5875,1119.8369223970315,99997.6425,0.1162351424504777,298042670.864322,0.07017426676373913,0.10708620902407878,1.5821176912257393e-11,2.5538098940283946e-11,0.0006556468357373253,0.0006006919223619988,3.1437872773194454e-07,1.9636410729209732e-07,0.7591481833654338,0.7449744188623426,0.16923415340030637,0.14539688639025922,4.7965438242741656e-05,0.0006540754012922896,9.636772701297206e-06,5.7585946287983715e-06,4.790590059098118e-19,3.2965688653859e-19,-6.470805871709694e-20,0.0,5.1921635513562685e-06,0.00014160472969065215,0.00022333134503422773,0.0003837485702370832,0.0004367203708001834,0.0007059365458742934,4.630690755861491e-05,3.856939362738165e-05,6.79294837679542e-06,5.49022994351164e-06,7.912259519875028e-15,1.2789770134348006e-14,1.1652851983151378e-11,1.999301650874793e-11,7.038256166520457e-11,1.2886342208824296e-10,4.892140096713426e-12,9.601601651433775e-12,-2.26764414001758e-18,0.0,4.8862083823772856e-17,4.3278099684922256e-17,1.383383374082448e-13,1.2664182108931061e-13,5.237721773855792e-17,4.794872023383875e-17,8.375453104386035e-11,7.933610971178813e-11,1.3247312622007984e-08,5.873513955892628e-09,7.77173843677219e-08,6.888906977816834e-08,9.809461308192448e-09,8.695154501712425e-09,1.4087463235256767e-12,1.209411989758881e-12,1.0453728139915745e-12,8.974549880955534e-13,2.0343120330212672e-13,1.6931635930817538e-13,9.150267765388586e-06,5.350640408117307e-06,2.143910804749149e-08,1.2536568412435893e-08,2.216614930536809e-06,9.670677869232603e-07,5.009194515776298e-12,3.058740872976485e-12,3.966677106745503e-13,2.4221533737789507e-13,3.5158127489646113e-17,2.1468441928379137e-17,1.1601024556806275e-14,5.141602465741206e-15,3.665583232401299e-18,1.6245954565311817e-18,5.028219297249894e-19,2.228519094191526e-19,-6.506735672842864e-21,0.0,-3.949219433421527e-18,0.0,-3.573092256315036e-19,0.0,1.1093516038646418e-17,1.0142049241303774e-17
0.0058828125,0.58828125,1108.0107662960645,99997.6425,0.11401364622995151,284826015.281958,0.0690371774381614,0.10543719702457896,1.581307570950664e-11,2.5545904992111395e-11,0.0006426423277859909,0.0005892591208652903,3.0731572900569306e-07,1.9210952951123936e-07,0.7591057679206572,0.7455422471820801,0.17046616685024235,0.14657518563566546,4.713513563181315e-05,0.0006432789269850586,1.0210112613585651e-05,6.106193864616761e-06,4.67012961235723e-19,3.2163051166090784e-19,-6.366081859449234e-20,0.0,4.807785403529014e-06,0.00013122894393324577,0.00020843765949718224,0.00035844988127296156,0.00041131985052014324,0.0006654218370560908,4.6893192654414956e-05,3.9089669459424e-05,6.8267561933575184e-06,5.522068338755681e-06,6.720451015741452e-15,1.0872159111905414e-14,1.1312188990052607e-11,1.9424413331611474e-11,6.403078061630055e-11,1.1732985967915176e-10,4.273424120300929e-12,8.394135195516694e-12,-2.8219836747385057e-18,0.0,4.5217178165977535e-17,4.0082501614374195e-17,1.31766483427069e-13,1.2072430526465843e-13,4.731800970330235e-17,4.335270775515003e-17,7.542708487825443e-11,7.150642682914886e-11,1.4543437910595364e-08,6.453457657688098e-09,7.769805943238791e-08,6.892828625886399e-08,9.98745647407187e-09,8.860173135235444e-09,1.4475067702453526e-12,1.2437046034943787e-12,1.0462821693691185e-12,8.98970545317652e-13,2.0823635059043873e-13,1.73457491596613e-13,9.451035405251544e-06,5.5310363942306206e-06,2.2191749956362098e-08,1.2987294132037767e-08,2.73199331883128e-06,1.1928929171552784e-06,4.8527429059918385e-12,2.9656318516844637e-12,3.729344423782443e-13,2.279095106277954e-13,2.943297889942791e-17,1.798722524663806e-17,1.2946658399761073e-14,5.742685099175527e-15,3.748113773140918e-18,1.6625322496674617e-18,5.311739682144561e-19,2.3561020443633443e-19,-6.326647388896754e-21,0.0,-3.8586202079632935e-18,0.0,-3.5106939782429797e-19,0.0,1.0819691193415133e-17,9.899802463001061e-18
0.005890625,0.5890625,1096.1491976910108,99997.6425,0.11180838677637453,271748369.091718,0.06790370689862978,0.10379045438335212,1.5799490725842166e-11,2.5544719359996034e-11,0.0006296978671608922,0.000577859574958535,3.003100871425639e-07,1.8788285225860316e-07,0.7590673136269828,0.7461108621972541,0.17168848372350634,0.14774627068095078,4.6344457731353284e-05,0.0006330025704388264,1.0823127902580255e-05,6.478074707500472e-06,4.545503874660908e-19,3.1330220041330187e-19,-6.261316550628717e-20,0.0,4.442971496094071e-06,0.00012136995511812029,0.00019419366868340043,0.0003342261486102965,0.0003871868227768951,0.0006268895828596917,4.744729053916304e-05,3.958373024430468e-05,6.861577922557403e-06,5.554749630658097e-06,5.683261667683595e-15,9.201701417895591e-15,1.0972284553411326e-11,1.885608059242709e-11,5.8040637128303274e-11,1.0644004048076548e-10,3.719582969384491e-12,7.312187487144178e-12,-3.520012700219607e-18,0.0,4.1520663903843665e-17,3.68356855361824e-17,1.253196787207279e-13,1.1491114102162464e-13,4.2498092246587936e-17,3.896837528749542e-17,6.773863162828069e-11,6.426984876564029e-11,1.595703249517942e-08,7.086480856796672e-09,7.761293469077105e-08,6.890877335444437e-08,1.0172233717035025e-08,9.031434650788363e-09,1.4871729359555555e-12,1.2788252910706818e-12,1.0463396098739244e-12,8.99751147835435e-13,2.1296374084991366e-13,1.7753962147238867e-13,9.749844237833993e-06,5.710549607682203e-06,2.296086981534894e-08,1.3448336498267194e-08,3.3209110637597338e-06,1.451216398304118e-06,4.690380338039266e-12,2.8687395428412263e-12,3.4956038980219627e-13,2.1379880533435716e-13,2.4523548029695817e-17,1.4999140132197413e-17,1.4359581666732474e-14,6.374589251649341e-15,3.800705709910801e-18,1.6872314479195228e-18,5.611959428630053e-19,2.4912937636140535e-19,-6.14815269309404e-21,0.0,-3.7691097305461236e-18,0.0,-3.448775467340396e-19,0.0,1.054953907168189e-17,9.660469935258191e-18
0.0058984375,0.58984375,1084.2550428428494,99997.6425,0.10961956720311243,258826897.02542278,0.06677400986166816,0.10214624693222367,1.577867843349019e-11,2.5531698094275273e-11,0.0006168123776415622,0.0005664925452249848,2.9336551094206634e-07,1.836865289031715e-07,0.7590328275873277,0.7466802406645776,0.17290099068692652,0.14891000270730406,4.55908804495983e-05,0.0006232132460973215,1.1478401120066791e-05,6.875837214771133e-06,4.421089793973748e-19,3.049732696660783e-19,-6.15650510285812e-20,0.0,4.097316351779469e-06,0.0001120180965446837,0.00018060316019014613,0.00031108690547133834,0.000364277419673083,0.0005902741490780603,4.7962968920597305e-05,4.004629910393977e-05,6.897101620158476e-06,5.588022438499749e-06,4.7846981884819935e-15,7.753112049426971e-15,1.0632004068798821e-11,1.8286076206461908e-11,5.241350882563977e-11,9.619823899251978e-11,3.225587332767172e-12,6.346187512260413e-12,-4.399461548167537e-18,0.0,3.7754375484410674e-17,3.35214492054215e-17,1.1901622615195073e-13,1.0921947055138213e-13,3.7904140505218316e-17,3.478408189820837e-17,6.065839914137897e-11,5.759871977315281e-11,1.74928046957633e-08,7.774795303350066e-09,7.745971431456449e-08,6.882834584162457e-08,1.0363535824711076e-08,9.208722678585448e-09,1.5275651199753428e-12,1.3146208136919693e-12,1.0454436530136784e-12,8.997076247827203e-13,2.1757211450439725e-13,1.8152810863785942e-13,1.0045846152738584e-05,5.888677650198338e-06,2.374355259880332e-08,1.3918004058499956e-08,3.983774889898284e-06,1.742291225496974e-06,4.522398448057118e-12,2.768234711449822e-12,3.2660758548534616e-13,1.9992189223215725e-13,2.0333741949369655e-17,1.2446618962132972e-17,1.5832765337089436e-14,7.034256825586927e-15,3.822796194266364e-18,1.6984102050292392e-18,5.941806646602834e-19,2.639854319211884e-19,-5.971253577988932e-21,0.0,-3.68068722398578e-18,0.0,-3.387337121351816e-19,0.0,1.0283052534310143e-17,9.424055830819717e-18
0.00590625,0.590625,1072.3312212397934,99997.6425,0.10744738768740231,246079122.58613583,0.06564824159163521,0.10050484242447452,1.5748943998892455e-11,2.5504067278030708e-11,0.0006039851691311658,0.0005551576456431519,2.864853616169503e-07,1.795228026744336e-07,0.7590023148671614,0.7472503579087986,0.17410358071805185,0.1500662481309797,4.487198480864242e-05,0.0006138791848956818,1.217879916805642e-05,7.301256223661335e-06,4.298925658070746e-19,2.967845623707934e-19,-6.05164270470947e-20,0.0,3.7704010948345353e-06,0.00010316328821634923,0.00016766734995644547,0.0002890372505637838,0.0003425469926598921,0.0005555083648452465,4.843356179800232e-05,4.047172062066804e-05,6.932965954402542e-06,5.621594501461319e-06,4.009834390911978e-15,6.5027473413184626e-15,1.0290383089905082e-11,1.7712744815311317e-11,4.7148728945608806e-11,8.660496856673352e-11,2.7866186619157978e-12,5.486944510403387e-12,-5.5073404742102e-18,0.0,3.389146442527184e-17,3.011582477499747e-17,1.1287353338162661e-13,1.036656663831693e-13,3.3516000491396834e-17,3.078187083673638e-17,5.4155772690741816e-11,5.1465426303774836e-11,1.9154657773112033e-08,8.520259948608863e-09,7.723614784077347e-08,6.868485380891025e-08,1.05610325250608e-08,9.391754966215611e-09,1.568458456909685e-12,1.350898509849134e-12,1.043487411649694e-12,8.987458885084592e-13,2.2201930928684362e-13,1.8538744928828143e-13,1.0338204803496819e-05,6.064923422494105e-06,2.4536452073042027e-08,1.4394346572855879e-08,4.719233475476542e-06,2.065600618975238e-06,4.349171242451746e-12,2.6643392707590906e-12,3.041396705126358e-13,1.8631854732069377e-13,1.6775663888380624e-17,1.027691428992142e-17,1.7358470422164084e-14,7.71830313022958e-15,3.814585254074928e-18,1.6961244044556521e-18,6.31884485824463e-19,2.809623132839624e-19,-5.795952309335448e-21,0.0,-3.5933520092066285e-18,0.0,-3.3263794419116705e-19,0.0,1.0020224672113694e-17,9.190564489843034e-18
0.0059140625,0.59140625,1060.3807455113995,99997.6425,0.10529204571300618,233522873.46191734,0.06452655782156139,0.09886651038146396,1.5708653816656185e-11,2.5459143775927466e-11,0.0005912159589035496,0.0005438548644283456,2.796726727489779e-07,1.7539371814476174e-07,0.7589757785055656,0.7478211877089639,0.17529615284265443,0.15121487838854009,4.4185458301922953e-05,0.000604969959626538,1.2927411555567202e-05,7.756244909778347e-06,4.1795798428566717e-19,2.8877581355597975e-19,-5.946724585563534e-20,0.0,3.4617928242300498e-06,9.479501834288993e-05,0.00015538483964871915,0.0002680777558420725,0.0003219504429282291,0.0005225240554821335,4.885201024359927e-05,4.085399372418426e-05,6.968763862991841e-06,5.6551354958060806e-06,3.344813044076981e-15,5.428615847595716e-15,9.946645726612343e-12,1.7134750727297893e-11,4.2243571788000125e-11,7.765693914567417e-11,2.39806629004889e-12,4.725644301219395e-12,-6.901940714379069e-18,0.0,2.9894450223296685e-17,2.658531532499632e-17,1.0690779964646554e-13,9.826503938880753e-14,2.930620241017599e-17,2.693699752212155e-17,4.820035557361666e-11,4.5842456119790645e-11,2.0945512531327004e-08,9.324300427989864e-09,7.694002891246902e-08,6.847618180322432e-08,1.0764311269675955e-08,9.580174922047265e-09,1.6095776529752684e-12,1.3874216088239404e-12,1.0403595071707085e-12,8.967677070602598e-13,2.2626289879470444e-13,1.890818082022185e-13,1.0626099812262875e-05,6.238797641924465e-06,2.5335800930413668e-08,1.4875160020473384e-08,5.524211563090073e-06,2.419869868808693e-06,4.171158008740045e-12,2.557328261996083e-12,2.822210908037494e-13,1.7302916123808028e-13,1.3769347060710236e-17,8.441957920031772e-18,1.892841609749878e-14,8.423090556763158e-15,3.776990133926453e-18,1.680749713351211e-18,6.766233503288562e-19,3.010954389043436e-19,-5.622251437537078e-21,0.0,-3.507103508617796e-18,0.0,-3.2659030404075145e-19,0.0,9.761048812310893e-18,8.960000422745204e-18
0.005921875,0.5921875,1048.4067210173805,99997.6425,0.10315373634405682,221176244.34072694,0.06340911469280935,0.09723152196973507,1.5656248467356148e-11,2.539435676533367e-11,0.0005785048874274891,0.0005325845799693117,2.7293017102566725e-07,1.7130113327900584e-07,0.758953219517829,0.7483927021831569,0.17647861178988009,0.15235576964997316,4.3529095582400376e-05,0.0005964565011870624,1.3727445991923906e-05,8.242792538760844e-06,4.0621832481084775e-19,2.808874838796773e-19,-5.841746025716106e-20,0.0,3.1710440846184302e-06,8.690232748994512e-05,0.00014375160569735543,0.0002482044288802136,0.0003024425306622701,0.0004912525437769734,4.921092406454877e-05,4.118682224518382e-05,7.0040473401669404e-06,5.688280786860561e-06,2.776839186743549e-15,4.510375280752558e-15,9.60022050969903e-12,1.6551106625163225e-11,3.769326893978238e-11,6.934707174543256e-11,2.0555285331153912e-12,4.053853422718553e-12,-8.655176155028895e-18,0.0,2.5713005042791147e-17,2.2884886709461714e-17,1.0113372265607892e-13,9.303156396594392e-14,2.523933137603139e-17,2.3217324644044274e-17,4.276203331686325e-11,4.070246114500757e-11,2.2867106429202493e-08,1.0187817722806569e-08,7.656920298746919e-08,6.820025595858798e-08,1.0972869446612547e-08,9.773544397237828e-09,1.6505923245664312e-12,1.4239050447525947e-12,1.0359454952389478e-12,8.936719229849389e-13,2.3026087379630324e-13,1.9257558920973267e-13,1.090873054358931e-05,6.409821118650767e-06,2.6137430820638612e-08,1.5357997467437508e-08,6.394032620603149e-06,2.8031171200900622e-06,3.988904783932303e-12,2.447530954186636e-12,2.609161948490421e-13,1.600941857308721e-13,1.1242439198418138e-17,6.898188708220762e-18,2.0533947887274782e-14,9.144802656373677e-15,3.71157400906883e-18,1.6529511053495122e-18,7.313824117605414e-19,3.257214763868015e-19,-5.450153808964663e-21,0.0,-3.4219412491684922e-18,0.0,-3.205908643144739e-19,0.0,9.505518523833628e-18,8.732368312353891e-18
0.0059296875,0.59296875,1036.4123450760226,99997.6425,0.10103265253332264,209057562.81888518,0.0622960687158363,0.0956001499114391,1.5590255898352137e-11,2.530726972531207e-11,0.0005658525320215204,0.0005213475748227101,2.662602974436489e-07,1.6724673185422544e-07,0.7589346368932716,0.7489648716697346,0.17765086756815088,0.15348880246093244,4.2900798498630036e-05,0.0005883111058807649,1.4582083216956492e-05,8.762877414610003e-06,3.948604526891455e-19,2.732492977268013e-19,-5.73670236711481e-20,0.0,2.897692432070598e-06,7.947379530794585e-05,0.00013276102186133234,0.00022940873340985366,0.00028397816052789257,0.000461625115180646,4.950266541839257e-05,4.146368412812082e-05,7.038333269657576e-06,5.720636052162758e-06,2.29416500349251e-15,3.729315599523424e-15,9.250752931110252e-12,1.5961196648441298e-11,3.3491058409204216e-11,6.166457393527454e-11,1.7548161367401746e-12,3.4635278949388965e-12,-1.0855302598276835e-17,0.0,2.128145307151583e-17,1.8955696559766143e-17,9.55642358865437e-14,8.797762998995368e-14,2.1271254887512324e-17,1.95825831133869e-17,3.7811040794937864e-11,3.6018323406076634e-11,2.4919771148582953e-08,1.1111086819227756e-08,7.612158561613983e-08,6.785506057794339e-08,1.1186107346437224e-08,9.9713371112824e-09,1.6911134124483675e-12,1.4600121832825385e-12,1.030129798743536e-12,8.893561161876669e-13,2.339723479925244e-13,1.9583402887377926e-13,1.1185319431047897e-05,6.577526779097456e-06,2.6936802718231815e-08,1.584018608629365e-08,7.322615597445994e-06,3.2127369710245548e-06,3.803043831624473e-12,2.3353307218929254e-12,2.4028822760945293e-13,1.4755351368271201e-13,9.129845438687593e-18,5.606353616490862e-18,2.2166198531861595e-14,9.879515330558755e-15,3.620454898248665e-18,1.613643386773378e-18,7.999357746058819e-19,3.5653284153895393e-19,-5.279662576847799e-21,0.0,-3.337864865101398e-18,0.0,-3.1463970972580512e-19,0.0,9.253627621504102e-18,8.507673015279344e-18
0.0059375,0.59375,1024.4009057928188,99997.6425,0.09892898546703822,197185344.22424346,0.061187576753765176,0.09397266843004988,1.5509304590234114e-11,2.5195602497508957e-11,0.0005532599215304202,0.0005101450506901999,2.5966522868306065e-07,1.6323203606300124e-07,0.7589200275924372,0.7495376646027025,0.17881283496751688,0.15461386131737848,4.229857550444775e-05,0.0005805074340676076,1.549429628460906e-05,9.3183580328766e-06,3.837531647952285e-19,2.6577110260285676e-19,-5.631589024449365e-20,0.0,2.641260097616079e-06,7.249752993743456e-05,0.00012240391626062256,0.00021167766997108324,0.0002665126415565892,0.00043357344365672245,4.971945496953949e-05,4.167791989210385e-05,7.07111019420366e-06,5.751782691190014e-06,1.8860665665871796e-15,3.068328659627128e-15,8.898113891974277e-12,1.536479248995939e-11,2.962826712181749e-11,5.459507748029482e-11,1.4919568634848846e-12,2.947024251532817e-12,-1.3610050901402e-17,0.0,1.6515967796068428e-17,1.4722544317573554e-17,9.021028575700579e-14,8.311383045410368e-14,1.7348204115071124e-17,1.5983495489495537e-17,3.3318031612468464e-11,3.176322345311174e-11,2.7102194132694096e-08,1.209364778051182e-08,7.559519238267292e-08,6.74386651949864e-08,1.1403321747615225e-08,1.0172932606021089e-08,1.7306912055151068e-12,1.4953529276826032e-12,1.0227981461456655e-12,8.83718711572265e-13,2.3735826825250394e-13,1.9882379670611437e-13,1.1455114859750744e-05,6.741461436777623e-06,2.772904786070215e-08,1.6318850497807418e-08,8.302726201859131e-06,3.6456084637505578e-06,3.6142907220325024e-12,2.2211634446090497e-12,2.203982328342764e-13,1.354457999307357e-13,7.373337310345853e-18,4.531286650151477e-18,2.3816235421923463e-14,1.0623262380850903e-14,3.506201118612189e-18,1.5639455095729832e-18,8.869690308430328e-19,3.9563367473521507e-19,-5.110781212006293e-21,0.0,-3.2548741003475436e-18,0.0,-3.0873693758353424e-19,0.0,9.005370168941523e-18,8.285919562290695e-18
0.0059453125,0.59453125,1012.3757804495204,99997.6425,0.09684292494666583,185578222.98377424,0.06008379602983426,0.09234935323249832,1.541213643633738e-11,2.505725297331375e-11,0.0005407285546514212,0.0004989786468027988,2.5314689838025076e-07,1.5925841912719425e-07,0.7589093865475532,0.7501110473787562,0.17996443299643752,0.1557308341778701,4.172054047628951e-05,0.0005730205005741766,1.646664227324755e-05,9.910847128829334e-06,3.7280210001043456e-19,2.583879926255285e-19,-5.526401496996474e-20,0.0,2.4012537584764496e-06,6.596116037709453e-05,0.00011266866284298685,0.00019499391694347592,0.0002500019201974997,0.0004070299759101102,4.9853500420652424e-05,4.182284029730776e-05,7.101845886899951e-06,5.7812839156967255e-06,1.5428129359121518e-15,2.5118651554437544e-15,8.542403357418902e-12,1.476206125390733e-11,2.609442589476834e-11,4.812083684923845e-11,1.2632003049686747e-12,2.4971110401461454e-12,-1.7050208573518812e-17,0.0,1.1311452642322947e-17,1.0091028072260768e-17,8.508065686820828e-14,7.844879256381578e-14,1.3405709785658e-17,1.2360761950567048e-17,2.925414914124474e-11,2.791071068099792e-11,2.941117315889151e-08,1.3134193251249708e-08,7.498818098319563e-08,6.694926259340552e-08,1.1623700209767526e-08,1.037761081076414e-08,1.768815549409945e-12,1.5294837098012198e-12,1.0138405019570006e-12,8.766615222244075e-13,2.4038210836122047e-13,2.0151358430848344e-13,1.171739362366382e-05,6.901187319925222e-06,2.8509019222104778e-08,1.6790942446599735e-08,9.326260644911556e-06,4.0982179002960365e-06,3.4234387282084986e-12,2.1055142433501375e-12,2.0130388903164818e-13,1.2380773813928092e-13,5.921135524776498e-18,3.641670312804887e-18,2.5475190005007144e-14,1.1372093327909399e-14,3.3717196354569855e-18,1.5051314774266682e-18,9.981926607208776e-19,4.455919698624771e-19,-4.9435135130595664e-21,0.0,-3.172968810574052e-18,0.0,-3.0288265838793033e-19,0.0,8.760740480186832e-18,8.067113157611866e-18
0.005953125,0.5953125,1000.3404334168995,99997.6425,0.09477465980559348,174254851.30484816,0.05898488415899204,0.0907304815278647,1.5297619032228944e-11,2.4890317909242254e-11,0.0005282604235538063,0.0004878504632443512,2.4670701805180877e-07,1.553271177645811e-07,0.7589027066693753,0.7506849842138007,0.1811055842629012,0.15683961192062792,4.116491097986998e-05,0.0005658266573869966,1.7501036473871616e-05,1.0541574594926684e-05,3.619397799354223e-19,2.5105350311803824e-19,-5.421135380871876e-20,0.0,2.1771644340736762e-06,5.98518323003866e-05,0.00010354130627169644,0.00017933603052055998,0.0002344027857391489,0.0003819282724110176,4.989714627612052e-05,4.189185235099363e-05,7.129995564865998e-06,5.808691393748826e-06,1.255628282873507e-15,2.0458798702245844e-15,8.18394863164925e-12,1.415356401417067e-11,2.2877414907332714e-11,4.2220985244629416e-11,1.0650222134178826e-12,2.1069793965440685e-12,-2.1333681502887725e-17,0.0,5.538093780569184e-18,4.9443969324063304e-18,8.018185170132657e-14,7.398905845091118e-14,9.36739602246931e-18,8.643911273351747e-18,2.559109860895355e-11,2.4434774976312724e-11,3.184137616656261e-08,1.4230457849115364e-08,7.429890519181358e-08,6.638521761703395e-08,1.1846316261693677e-08,1.0584547389527246e-08,1.804918819866458e-12,1.5619098781310528e-12,1.0031544524043274e-12,8.680926982729302e-13,2.430105251475771e-13,2.0387466557735415e-13,1.1971462988151325e-05,7.056283372277931e-06,2.927135315256611e-08,1.7253276624499102e-08,1.0384539868187038e-05,4.566786884068758e-06,3.2313503783760175e-12,1.9889124470551224e-12,1.830583142621226e-13,1.1267331522118727e-13,4.727474107711713e-18,2.90978414438736e-18,2.7134366223093187e-14,1.2122122136052754e-14,3.2201432292140787e-18,1.4385804775825195e-18,1.1404296088501298e-18,5.094803723215992e-19,-4.77786361638225e-21,0.0,-3.092148964806055e-18,0.0,-2.970769963371326e-19,0.0,8.519733119850667e-18,7.851259176909106e-18
0.0059609375,0.59609375,988.2984135617039,99997.6425,0.09272437835606959,163233744.78185722,0.05789099920314043,0.08911633208187916,1.5164757048753326e-11,2.4693112331600643e-11,0.0005158580431603026,0.00047676308957791854,2.403470974515795e-07,1.5143924436838365e-07,0.7588999788622555,0.7512594369872169,0.18223621431135414,0.15794008775421378,4.0630006034918254e-05,0.0005589035692543738,1.859852048119476e-05,1.1211246109621267e-05,3.508488804674406e-19,2.435475894654187e-19,-5.3157863820985694e-20,0.0,1.968467530735721e-06,5.4156207997804284e-05,9.500571826593883e-05,0.0001646787005181944,0.00021967304759121714,0.00035820330410026827,4.9843042549629913e-05,4.1878601816705134e-05,7.155010562875695e-06,5.833552301017162e-06,1.016647854591161e-15,1.657766506242812e-15,7.823296830143095e-12,1.3540244289257455e-11,1.996363675136641e-11,3.6871843056487326e-11,8.941278112421854e-13,1.7702516135933062e-12,-2.6650063393879924e-17,0.0,-9.62421667781601e-19,0.0,7.551802900282774e-14,6.973901969882663e-14,5.14363753700769e-18,4.750021210214207e-18,2.2301217982977268e-11,2.13099175306714e-11,3.438512098132235e-08,1.5379116016414128e-08,7.352597967271936e-08,6.574512589278662e-08,1.2070125721320365e-08,1.0792810087294956e-08,1.8383821923943503e-12,1.5920909563249542e-12,9.906489759085743e-13,8.579300223651718e-13,2.452139565694868e-13,2.0588141059663447e-13,1.2216662395087297e-05,7.206346347574992e-06,3.001054042564691e-08,1.7702572223988095e-08,1.1468594482246048e-05,5.047396898431891e-06,3.038946120426509e-12,1.8719247525566374e-12,1.657089103122674e-13,1.0207308673481387e-13,3.752153087418549e-18,2.3112447412311552e-18,2.878532668863352e-14,1.2869566209339348e-14,3.054721624835326e-18,1.3657285403483862e-18,1.3216562824766869e-18,5.908962999554713e-19,-4.613836005366934e-21,0.0,-3.0124146466203473e-18,0.0,-2.913200899242826e-19,0.0,8.282342901733779e-18,7.63836316390204e-18
0.00596875,0.596875,976.2533581370259,99997.6425,0.09069226887148893,152533120.30394357,0.056802299755471075,0.08750718531551815,1.5012702474946054e-11,2.446418717198846e-11,0.0005035244851236232,0.00046571963790499024,2.3406846420916572e-07,1.475957988008481e-07,0.7589011920477254,0.7518343650692115,0.1833562509211025,0.15903215658537528,4.011424343570979e-05,0.0005522301829510129,1.9759036312279774e-05,1.1919904785340563e-05,3.4012242307128545e-19,2.3628194802566995e-19,-5.210350330674771e-20,0.0,1.774623065233891e-06,4.8860471296377504e-05,8.704378260636532e-05,0.00015099305745725945,0.00020577168427281904,0.0003357917042428082,4.9684328883188465e-05,4.177712932935164e-05,7.176347278437195e-06,5.855416626880806e-06,8.188687279133045e-16,1.3362835934830824e-15,7.461201271624062e-12,1.2923405899384951e-11,1.7338213288514747e-11,3.2047272016484977e-11,7.474536751557838e-13,1.4809868930712052e-12,-3.3225734943306074e-17,0.0,-8.381023040237747e-18,0.0,7.109100071617698e-14,6.570090585356436e-14,6.300869284918262e-19,5.82313957482145e-19,1.9357541401359737e-11,1.8511214831209227e-11,3.703219096209513e-08,1.6575695563787278e-08,7.266835394443803e-08,6.502788099756831e-08,1.2293964647657473e-08,1.100135652869527e-08,1.8685455680606017e-12,1.6194490990559268e-12,9.762484811332619e-13,8.461044516387746e-13,2.4696714226425985e-13,2.075117365234106e-13,1.2452364849020157e-05,7.350991719161289e-06,3.0721005504333865e-08,1.8135499546051013e-08,1.2569424371954223e-05,5.536103322209543e-06,2.8471904350070234e-12,1.7551467764252534e-12,1.4929613426452627e-13,9.203340442750844e-14,2.9600869420048875e-18,1.8247416787860725e-18,3.041995682348209e-14,1.3610775701490656e-14,2.8787211177494283e-18,1.2880237690076682e-18,1.5509738596188067e-18,6.939509298005123e-19,-4.451435520223961e-21,0.0,-2.9337660552777814e-18,0.0,-2.856120924605992e-19,0.0,8.048564887060079e-18,7.42843082662173e-18
0.0059765625,0.59765625,964.2089695080382,99997.6425,0.08867852004423854,142170708.13057628,0.05571894502562164,0.08590332340643664,1.484076289238993e-11,2.4202343755109458e-11,0.0004912634137971498,0.00045472377788864106,2.2787228244665628e-07,1.437976796097091e-07,0.7589063331952306,0.752409725145174,0.18446562340776543,0.1601157143830757,3.9616136673042256e-05,0.0005457866908139352,2.09812188035908e-05,1.266680326518226e-05,3.2977632074686233e-19,2.292683113472774e-19,-5.1048231936226574e-20,0.0,1.5950761021014306e-06,4.3950338446541725e-05,7.96356045634326e-05,0.00013824702380254295,0.00019265896305222126,0.00031463197343668044,4.94148293559544e-05,4.1582036199176715e-05,7.193476206524867e-06,5.873844587534828e-06,6.560963166085947e-16,1.071473009034859e-15,7.098602102311447e-12,1.2304680692455406e-11,1.498520207740314e-11,2.7719067423035626e-11,6.221679094119555e-13,1.2336836978124691e-12,-4.13295083045556e-17,0.0,-1.6945704142660045e-17,0.0,6.690029433089901e-14,6.187483357249724e-14,-4.293921185688806e-18,0.0,1.673388796064267e-11,1.601440718150943e-11,3.976970300567735e-08,1.781451436431262e-08,7.17253921185107e-08,6.423274708371188e-08,1.2516549024041568e-08,1.1209033566435613e-08,1.8947214519025383e-12,1.6433810188534527e-12,9.598969860464163e-13,8.325637973536076e-13,2.4824955318743035e-13,2.0874748382497907e-13,1.2677978032024873e-05,7.4898544318582795e-06,3.139719241968774e-08,1.8548730735964732e-08,1.3678221550992159e-05,6.029033778551755e-06,2.657075181338786e-12,1.6391928578242802e-12,1.338526446319274e-13,8.257587162851578e-14,2.320853796402904e-18,1.431772421735229e-18,3.203050856905298e-14,1.4342253803780013e-14,2.6953344810450956e-18,1.206885964045478e-18,1.838487432909325e-18,8.232168190835918e-19,-4.29066736397035e-21,0.0,-2.8562035049225438e-18,0.0,-2.79953172604923e-19,0.0,7.818394376718257e-18,7.221468028319187e-18
0.005984375,0.5984375,952.1690107358496,99997.6425,0.08668332144937134,132163476.3277854,0.0546410949443894,0.08430503042123913,1.464840821769854e-11,2.3906645832543005e-11,0.00047907912085536867,0.0004437797706438128,2.2175957037255243e-07,1.4004569466091343e-07,0.7589153873582748,0.7529854710262976,0.18556426191754802,0.16119065752791364,3.913429153374394e-05,0.000539554489564122,2.2262218093516697e-05,1.3450293473901374e-05,3.1958576991286786e-19,2.2235096167106266e-19,-4.99920108854363e-20,0.0,1.429257434921746e-06,3.941107583818077e-05,7.275974113762503e-05,0.0001264057032786385,0.00018029653172042944,0.00029466463991347863,4.9029251742241407e-05,4.1288654681169345e-05,7.205890785816405e-06,5.888413918441035e-06,5.228878187251861e-16,8.545730156291343e-16,6.73660105538864e-12,1.168598591936108e-11,1.2887826988850768e-11,2.3857378632558017e-11,5.156684307850336e-13,1.0232783330422917e-12,-5.1278824025747445e-17,0.0,-2.6926288198143187e-17,0.0,6.294326352213068e-14,5.825890088047556e-14,-9.767083017852368e-18,0.0,1.4404929372523274e-11,1.3795967349974056e-11,4.2582042975488767e-08,1.908864708524055e-08,7.069695599593243e-08,6.335943481719771e-08,1.2736476450592453e-08,1.1414578436991202e-08,1.916212638540259e-12,1.6632732750011716e-12,9.415622022875619e-13,8.172763378750911e-13,2.490457128569505e-13,2.0957470270318547e-13,1.2892945167272327e-05,7.622589506917415e-06,3.203365517613872e-08,1.8938993429808025e-08,1.4786549532017852e-05,6.522467750492237e-06,2.4696013705250852e-12,1.5246848417459452e-12,1.194023437082328e-13,7.371673246284857e-14,1.8082533655779244e-18,1.1163811817720826e-18,3.360962619805918e-14,1.5060669093368264e-14,2.5076051646024464e-18,1.1236724674753908e-18,2.195074300390841e-18,9.836255684227854e-19,-4.131537108355193e-21,0.0,-2.7797274233182114e-18,0.0,-2.743435147344084e-19,0.0,7.591826901982734e-18,7.01748077704609e-18
0.0059921875,0.59921875,940.1373011321299,99997.6425,0.08470686399642319,122527363.62781033,0.053568910283129406,0.08271259247213586,1.4435275112337903e-11,2.3576427840189672e-11,0.00046697655407919986,0.0004328924973315294,2.1573121674481418e-07,1.3634057111646586e-07,0.7589283377119469,0.7535615534486816,0.1866520967313493,0.16225688216296874,3.866740243963476e-05,0.0005335161352514846,2.359756306921015e-05,1.4267740709422369e-05,3.0961220116166466e-19,2.1557300272749418e-19,-4.8934802978929947e-20,0.0,1.2765845486526557e-06,3.5227525602847765e-05,6.639344692697911e-05,0.00011543179940731751,0.00016864748256170965,0.0002758323749727062,4.852338419560728e-05,4.089321679491537e-05,7.213115810738032e-06,5.898726843731663e-06,4.1449363889924187e-16,6.779274916648843e-16,6.3764312494507905e-12,1.106947277710222e-11,1.1028717714106956e-11,2.0431148108887734e-11,4.255792906577187e-13,8.451395881473623e-13,-6.344649901353428e-17,0.0,-3.863948926000771e-17,0.0,5.921525751506691e-14,5.484933643050565e-14,-1.5947951827353656e-17,0.0,1.2346256576623219e-11,1.1833168482067895e-11,4.545088161129375e-08,2.0389927980904198e-08,6.95834868802308e-08,6.240817647539624e-08,1.2952229456758207e-08,1.1616621384302072e-08,1.932333511914384e-12,1.6785207730084512e-12,9.212393206566774e-13,8.002341868523882e-13,2.4934540387326844e-13,2.0998384386016303e-13,1.3096745660243344e-05,7.748872516377537e-06,3.262515024820664e-08,1.93031258802287e-08,1.5886476980202897e-05,7.012896367730792e-06,2.285759441709264e-12,1.4122398850812944e-12,1.0595976986043667e-13,6.546647494061932e-14,1.3998772727649595e-18,8.649040151570601e-19,3.5150357561138906e-14,1.5762861392852055e-14,2.3183657579385154e-18,1.0396502521135423e-18,2.6320311036760447e-18,1.1803106525092386e-18,-3.9740506985280704e-21,0.0,-2.7043383499575665e-18,0.0,-2.687833194455014e-19,0.0,7.36885821317197e-18,6.816475213474248e-18
0.006,0.6,928.1177114217357,99997.6425,0.08274934035646536,113276999.21313623,0.052502552784822146,0.08112629789420518,1.4201168958010783e-11,2.321129919212598e-11,0.00045496133541520883,0.00042206747789140124,2.0978799613674594e-07,1.3268296471200433e-07,0.7589451655875041,0.7541379198625492,0.18772905759200434,0.1633142835589789,3.821424859046466e-05,0.0005276552952019844,2.498107526689679e-05,1.5115467957384016e-05,2.998753386052615e-19,2.0894860298830694e-19,-4.788870080232074e-20,0.0,1.1364628893761894e-06,3.138413986920694e-05,6.051293036958675e-05,0.00010528605423292075,0.00015767638960566155,0.00025808006506931766,4.7894281562678005e-05,4.039301509162884e-05,7.21471519090424e-06,5.904416541315532e-06,3.2679786386365124e-16,5.348931072139212e-16,6.019422866624502e-12,1.0457467539317006e-11,9.390152163607347e-12,1.740855794824144e-11,3.4974504845315496e-13,6.950594464054952e-13,-7.826801382981394e-17,0.0,-5.245424007306816e-17,0.0,5.570982735092723e-14,5.164068381574398e-14,-2.301687705112404e-17,0.0,1.053444210637655e-11,1.0104148190750603e-11,4.8355280556596733e-08,2.170899426610578e-08,6.838608202811446e-08,6.13797965301257e-08,1.3162180953141466e-08,1.1813690225218392e-08,1.9424342100241667e-12,1.6885478383365903e-12,8.989542390020368e-13,7.814561899687293e-13,2.4914375429588424e-13,2.099698485060928e-13,1.3288895538725833e-05,7.868399938668483e-06,3.316672843133488e-08,1.963813194215024e-08,1.6970667140314707e-05,7.497062910113039e-06,2.1065089825860886e-12,1.302457863930824e-12,9.352970530590332e-14,5.782956597567123e-14,1.0766964651514528e-18,6.6572314179330545e-19,3.664615448541773e-14,1.6445842773985512e-14,2.130191101115684e-18,9.559744649723586e-19,3.160601146719327e-18,1.4183957432943692e-18,-3.818214456885488e-21,0.0,-2.6300369334161147e-18,0.0,-2.6327280390826884e-19,0.0,7.149484265941431e-18,6.6184575967212686e-18
0.0060078125,0.60078125,916.1141585706387,99997.6425,0.08081094535179222,104425421.78365892,0.05144218530373216,0.07954643743931865,1.3946063235554728e-11,2.2811144324512946e-11,0.00044303976345744174,0.0004113108753570712,2.0393058296719174e-07,1.2907346830595522e-07,0.7589658504994029,0.754714514213639,0.18879507306756518,0.16436275550670426,3.7773689973844713e-05,0.0005219566978309686,2.640484086053549e-05,1.598873521946108e-05,2.903373556202687e-19,2.0245183823172563e-19,-4.686600682644605e-20,0.0,1.0082874608242035e-06,2.7865024247331002e-05,5.5093614853771855e-05,9.592769769950878e-05,0.00014734932069640722,0.00024135484282791862,4.714043311234013e-05,3.978654837331909e-05,7.210298851912333e-06,5.905152931553538e-06,2.562588203069867e-16,4.1974613120811407e-16,5.666965883915008e-12,9.852407282348583e-12,7.954295706817914e-12,1.4757472641194238e-11,2.862232901350864e-13,5.692400289915313e-13,-9.624931753629516e-17,0.0,-6.879724806105755e-17,0.0,5.241896751819578e-14,4.862601967175847e-14,-3.117806056474651e-17,0.0,8.947098115089273e-12,8.587968706544923e-12,5.127189391079923e-08,2.3035372710084816e-08,6.710656133584246e-08,6.027577373019697e-08,1.3364602067636815e-08,1.2004217086783412e-08,1.945926586984388e-12,1.6928309466388375e-12,8.747659773549787e-13,7.609901254435952e-13,2.4844120375439926e-13,2.095321369627664e-13,1.3468947706196077e-05,7.980889403540474e-06,3.365382311883329e-08,1.994123417630945e-08,1.8032427347742916e-05,7.971985826520728e-06,1.932758665743551e-12,1.1959088589338863e-12,8.210705422436059e-14,5.0804353004984295e-14,8.226694519983339e-19,5.090328674017877e-19,3.809086613231329e-14,1.710679538985884e-14,1.945365482428753e-18,8.736732094986797e-19,3.791397580902358e-18,1.7027353075356153e-18,-3.664035085505665e-21,0.0,-2.5568239279582088e-18,0.0,-2.5781220231858533e-19,0.0,6.933701205201586e-18,6.423434288211853e-18
0.006015625,0.6015625,904.1306003501021,99997.6425,0.07889187629697725,95983809.33912365,0.05038797195065334,0.07797330448274911,1.3670096230036508e-11,2.237611834081813e-11,0.00043121879602539353,0.0004006294816607602,1.981595642807995e-07,1.2551261968716105e-07,0.7589903701603877,0.755291276719043,0.1898500699625246,0.16540218974859858,3.734466330234862e-05,0.0005164060811528844,2.7859246078343072e-05,1.688175727868971e-05,2.8097599256860566e-19,1.9606756614137227e-19,-4.5843805098703794e-20,0.0,8.91444755911535e-07,2.4653990811887383e-05,5.011039919197261e-05,8.731489808947402e-05,0.00013763382652468538,0.00022560608027706556,4.62619034725023e-05,3.907364533458017e-05,7.19952859383481e-06,5.900647634781868e-06,1.9985066384422139e-16,3.275904336102838e-16,5.3204712407249286e-12,9.256772592260541e-12,6.7034312857476475e-12,1.2445866917943572e-11,2.3327545412012286e-13,4.642770778036879e-13,-1.1797511724333867e-16,0.0,-8.815873210650205e-17,0.0,4.9333380747907854e-14,4.5797194394021474e-14,-4.0661739389081893e-17,0.0,7.56292884751297e-12,7.264671891181752e-12,5.417526587118464e-08,2.4357609923230655e-08,6.574751999866835e-08,5.9098290799872804e-08,1.355767260855537e-08,1.2186547544395645e-08,1.9423105874726606e-12,1.6909219107588895e-12,8.487680441510139e-13,7.389139987515612e-13,2.47243353776556e-13,2.0867449911521902e-13,1.363649201765499e-05,8.08607983119697e-06,3.408233202618016e-08,2.0209923288206963e-08,1.90657247824596e-05,8.434966899431584e-06,1.7653472229185502e-12,1.0931212295945206e-12,7.16770026676345e-14,4.438314019615922e-14,6.243743902579931e-19,3.866190698041711e-19,3.947872893273068e-14,1.7743067745544814e-14,1.76586287980901e-18,7.936381325544097e-19,4.533753204074772e-18,2.0376210788991945e-18,-3.5115196675840705e-21,0.0,-2.484700189282996e-18,0.0,-2.52401766184898e-19,0.0,6.72150534641071e-18,6.23141173336693e-18
0.0060234375,0.60234375,892.1710297206557,99997.6425,0.07699233328223394,87961230.83493441,0.04934007824105632,0.07640719523877129,1.3373565079053927e-11,2.1906638263880848e-11,0.0004195060094886676,0.0003900306817187977,1.9247545128615015e-07,1.2200090864151927e-07,0.7590187004808192,0.755868143639747,0.19089397278747086,0.1664324754606759,3.692617793369453e-05,0.000510990140763073,2.9333078688307906e-05,1.778776170309188e-05,2.7181791374628657e-19,1.8981476067139535e-19,-4.4892535888770895e-20,0.0,7.853150182645428e-07,2.1734620487769735e-05,4.553791215008075e-05,7.940520421654895e-05,0.00012849890937093993,0.000210785348610455,4.526043904354323e-05,3.825555946174015e-05,7.18212275469747e-06,5.890657967538958e-06,1.5500684288183854e-16,2.542680834709357e-16,4.981331960665012e-12,8.673019888346133e-12,5.620174759773434e-12,1.0442228062521367e-11,1.8935618325294142e-13,3.771403962285524e-13,-1.4411760968133816e-16,0.0,-1.11098284917389e-16,0.0,4.6442755208027434e-14,4.314508555901426e-14,-5.172650978838884e-17,0.0,6.361776318232909e-12,6.115327889409028e-12,5.703821992053742e-08,2.5663444505668987e-08,6.431236329495018e-08,5.7850268220758006e-08,1.3739494420849756e-08,1.2358952411972347e-08,1.9311994158986292e-12,1.6824701146779246e-12,8.21088560570447e-13,7.153362585400689e-13,2.45560711156322e-13,2.07404893664719e-13,1.3791155183199872e-05,8.183731468307653e-06,3.444868949163776e-08,2.044200217383554e-08,2.006517556239442e-05,8.883587618652416e-06,1.605026246971049e-12,9.945707715461252e-13,6.221545731034874e-14,3.855243831434035e-14,4.70667297692368e-19,2.9165375849200806e-19,4.080435629886287e-14,1.835217083874403e-14,1.5933388416169483e-18,7.166202160178579e-19,5.3950411581444034e-18,2.4264741806276398e-18,-3.3606756672673843e-21,0.0,-2.4136666694408816e-18,0.0,-2.470417647152645e-19,0.0,6.512893154296376e-18,6.042396441175654e-18
0.00603125,0.603125,880.2394691286428,99997.6425,0.07511251939259958,80364430.10159677,0.048298671243784806,0.07484840898184487,1.3056917280281529e-11,2.1403370063336624e-11,0.0004079095328398369,0.00037952239383019017,1.8687868967778676e-07,1.185387832894761e-07,0.7590508155493855,0.7564450470520686,0.19192670329604777,0.16745349879393454,3.65173118243841e-05,0.0005056964779945941,3.081369517273628e-05,1.8699087059787597e-05,2.627878348024636e-19,1.8364120324856284e-19,-4.400970578216269e-20,0.0,6.892748141324511e-07,1.9090334335311547e-05,4.1350756099535916e-05,7.215597066720947e-05,0.00011991497484239472,0.000196846349690656,4.413953311778703e-05,3.733502930096845e-05,7.15785956481249e-06,5.874989878384851e-06,1.1956615735056634e-16,1.9627374856169012e-16,4.65088578936904e-12,8.103516090376575e-12,4.687670412156987e-12,8.71592308742924e-12,1.531014642130388e-13,3.0515175513394253e-13,-1.7544560152151875e-16,0.0,-1.3825079728009682e-16,0.0,4.373604352075077e-14,4.065985425156161e-14,-6.466181239369608e-17,0.0,5.324657998375869e-12,5.122076226080675e-12,5.983232999585414e-08,2.6940016948648532e-08,6.280532032162467e-08,5.653537915361798e-08,1.3908107941685945e-08,1.2519642472421673e-08,1.9123417760039066e-12,1.6672422833804632e-12,7.918890161847326e-13,6.903948175449183e-13,2.434083370138605e-13,2.057351664280875e-13,1.393260050291475e-05,8.273625822595842e-06,3.47499267562278e-08,2.0635622996833416e-08,2.1026014436014014e-05,9.31569692023121e-06,1.4524455288381643e-12,9.00671402277392e-13,5.3689744660456834e-14,3.3293377721318206e-14,3.5236794688228256e-19,2.185057728739327e-19,4.2062730721841997e-14,1.893177534497094e-14,1.4291324060416252e-18,6.432300800515647e-19,6.3800205116545986e-18,2.8715471618258748e-18,-3.211510928371341e-21,0.0,-2.3437244108189824e-18,0.0,-2.41732485022047e-19,0.0,6.307861218794955e-18,5.856394961441018e-18
0.0060390625,0.60390625,868.339964815428,99997.6425,0.07325264085953422,73197651.21867178,0.047263919728463485,0.07329724827052791,1.2720739871128905e-11,2.0867211787348642e-11,0.0003964379561342205,0.00036911298591707823,1.81369668783916e-07,1.1512665571601645e-07,0.7590866875934072,0.7570219146198706,0.1929481800961073,0.16846514248274558,3.611720756068859e-05,0.0005005135488662628,3.228724999594194e-05,1.9607319352048875e-05,2.541602240785374e-19,1.7773911038508155e-19,-4.3153754569927424e-20,0.0,6.026998800873627e-07,1.670447281268418e-05,3.752373539538767e-05,6.552475827157451e-05,0.00011185377030343016,0.00018374482523035842,4.29044443551606e-05,3.631629938008514e-05,7.1265791225718615e-06,5.853499760513351e-06,9.172199595644392e-17,1.506738849399303e-16,4.3303808520003825e-12,7.550478271407546e-12,3.889762353456571e-12,7.237522606594341e-12,1.233158440334337e-13,2.459608312961438e-13,-2.1283395739242425e-16,0.0,-1.7033237402747188e-16,0.0,4.120173376434705e-14,3.8331195128843035e-14,-7.979060202624875e-17,0.0,4.433795414922975e-12,4.268158248883531e-12,6.252845949033933e-08,2.81741110839206e-08,6.123143440905423e-08,5.515804335391644e-08,1.4061512308827227e-08,1.2666786480462293e-08,1.885639506145063e-12,1.645138312281033e-12,7.613616138185862e-13,6.642548357261209e-13,2.408054172993618e-13,2.03680700623395e-13,1.4060527437067831e-05,8.355565497947493e-06,3.49837180611344e-08,2.0789315971954385e-08,2.1944051900122883e-05,9.72939327427124e-06,1.308141508105645e-12,8.117677434121783e-13,4.6059539270016747e-14,2.858226577487864e-14,2.619742960898596e-19,1.625682556903352e-19,4.324920016521307e-14,1.947971071360599e-14,1.2742763718659666e-18,5.739420613169656e-19,7.490264678623801e-18,3.3736621382721416e-18,-3.0640336713695105e-21,0.0,-2.274874539251224e-18,0.0,-2.3647423243267403e-19,0.0,6.1064062283342116e-18,5.673413859782183e-18
0.006046875,0.6046875,856.476581242227,99997.6425,0.0714129071444488,66462512.95030925,0.046235994310196434,0.07175401917169771,1.2365746582000671e-11,2.029927327554427e-11,0.0003851002146610334,0.0003588111687627416,1.759487295932967e-07,1.1176490692217158e-07,0.7591262869181377,0.7575986693691453,0.19395831833990343,0.1694672855255625,3.5725068503678906e-05,0.0004954306143408369,3.3738980133519405e-05,2.0503462707343195e-05,2.4568587357533226e-19,1.7193476511518983e-19,-4.22584622646103e-20,0.0,5.249681975340357e-07,1.4560381687548395e-05,3.403206574967665e-05,5.946970310722317e-05,0.00010428831395001021,0.00017143845003816558,4.156216508643693e-05,3.52050985899688e-05,7.0881839711844945e-06,5.82609511832615e-06,6.997519341000525e-17,1.1503147615448608e-16,4.020945674262391e-12,7.015920673716241e-12,3.2111385564804277e-12,5.979075064673544e-12,9.895902707270896e-14,1.9751977641747576e-13,-2.5727330560319434e-16,0.0,-2.0814616365562476e-16,0.0,3.882810384829779e-14,3.614857214108619e-14,-9.747222691905165e-17,0.0,3.672632734560868e-12,3.537939973634778e-12,6.509735010908985e-08,2.935241910669118e-08,5.95965290167898e-08,5.3723398893183906e-08,1.4197689414957893e-08,1.2798532806943052e-08,1.8511591531751993e-12,1.6162018618532976e-12,7.297252575409603e-13,6.371053066162035e-13,2.3777477269590737e-13,2.0126001403313123e-13,1.4174671017979102e-05,8.429373933409095e-06,3.514841097723191e-08,2.0902008866126728e-08,2.2815624725565164e-05,1.0123003749588579e-05,1.172529253503306e-12,7.281298686862636e-13,3.927797757187321e-14,2.4391262364004984e-14,1.9340566402506116e-19,1.2010313630042862e-19,4.435947991988443e-14,1.9993966710366163e-14,1.1295142572319586e-18,5.091013352448381e-19,8.723727763806458e-18,3.93201008701767e-18,-2.9182524892132153e-21,0.0,-2.2071182561627316e-18,0.0,-2.312673306024476e-19,0.0,5.908524940286338e-18,5.493459690185132e-18
0.0060546875,0.60546875,844.6533957339954,99997.6425,0.06959353095684591,60157937.9353731,0.045215067590691084,0.07021903148332373,1.1992763338550728e-11,1.9700853054711188e-11,0.00037390545194017144,0.0003486258690254333,1.7061617172438563e-07,1.0845389113315166e-07,0.759169581825696,0.7581752294662145,0.19495702949581947,0.1704598029409181,3.534015507752211e-05,0.0004904376923103939,3.515353498524647e-05,2.1378138462774454e-05,2.3716601149979613e-19,1.660892727327896e-19,-4.136659862908774e-20,0.0,4.554632322872415e-07,1.2641502907114564e-05,3.0851561632026984e-05,5.394984863910924e-05,9.719281853973652e-05,0.00015988671585629238,4.012133804322377e-05,3.40085746231904e-05,7.042638306440707e-06,5.792734106790818e-06,5.3090807452004026e-17,8.733685238471846e-17,3.723564658947733e-12,6.5016110384973754e-12,2.6374453958551773e-12,4.914327073145444e-12,7.913215526883669e-14,1.5805701760290325e-13,-3.098799273471099e-16,0.0,-2.5258801863053115e-16,0.0,3.660345222164308e-14,3.4101433247887355e-14,-1.1810554115688727e-16,0.0,3.0258446312248086e-12,2.9169246042973982e-12,6.751023977087175e-08,3.046182087094069e-08,5.7907149089833424e-08,5.2237251557540807e-08,1.4314632313954107e-08,1.2913035106903657e-08,1.8091364038383002e-12,1.5806247449197298e-12,6.972203356246405e-13,6.09154573868188e-13,2.3434232708013717e-13,1.984943190500662e-13,1.4274801113836245e-05,8.494895051782883e-06,3.524304006661181e-08,2.0973036631764944e-08,2.363754479507577e-05,1.0495062220085933e-05,1.0458982042715324e-12,6.49950372796724e-13,3.3292906395094096e-14,2.0689142437192745e-14,1.4177426442172708e-19,8.81024899340588e-20,4.538966035443591e-14,2.0472697614311322e-14,9.953223637747703e-19,4.489333831362548e-19,1.0074494216169037e-17,4.544032101015714e-18,-2.7741763413495583e-21,0.0,-2.1404568298277565e-18,0.0,-2.261121217437489e-19,0.0,5.714214148782913e-18,5.316538965218645e-18
0.0060625,0.60625,832.8744934411887,99997.6425,0.06779472821208579,54280140.143944636,0.04420131429527773,0.06869259895442009,1.1602712542856893e-11,1.907341311233364e-11,0.0003628628662026141,0.0003385660862843886,1.6537225940564203e-07,1.0519393950206456e-07,0.7592165385152677,0.7587515080004109,0.19594422120197977,0.17144256559949547,3.496178122271854e-05,0.00048552551162247637,3.6515339161142725e-05,2.2221805153400996e-05,2.289803454608554e-19,1.6046874426948205e-19,-4.057481444998497e-20,0.0,3.935772671951158e-07,1.093146843981228e-05,2.7958799548144264e-05,4.892543700663561e-05,9.054261364574561e-05,0.00014905081212146523,3.859212242554767e-05,3.273518502739032e-05,6.989965895207256e-06,5.753424003521356e-06,4.005898035129869e-17,6.594489946446828e-17,3.4390597864203576e-12,6.009037644241671e-12,2.155371772897328e-12,4.018887839614118e-12,6.30640609911405e-14,1.2605086678231128e-13,-3.719057481619211e-16,0.0,-3.046518953642569e-16,0.0,3.451629969122679e-14,3.2179399127761453e-14,-1.4213226781075261e-16,0.0,2.4793330143620573e-12,2.391754265481384e-12,6.973948709799548e-08,3.1489667354038235e-08,5.617047906027848e-08,5.0706002885561715e-08,1.441037834622944e-08,1.3008482359956633e-08,1.7599727947559918e-12,1.5387445685057072e-12,6.641025399310255e-13,5.806249842580023e-13,2.305365538740279e-13,1.9540706185701858e-13,1.4360721559752238e-05,8.551992826538314e-06,3.526732372566084e-08,2.1002141031572204e-08,2.4407049992482076e-05,1.0844288372674686e-05,9.284117115858453e-13,5.77343797574946e-13,2.8048210034870692e-14,1.7442110967182286e-14,1.0318419851094541e-19,6.416631358115727e-20,4.633622032812026e-14,2.0914228977309715e-14,8.71935496867289e-19,3.935551606452442e-19,1.1532741703240374e-17,5.205396534498109e-18,-2.6318145465699306e-21,0.0,-2.0748915856563605e-18,0.0,-2.21008966643076e-19,0.0,5.523470649741509e-18,5.142658123708146e-18
0.0060703125,0.60703125,821.1439627112924,99997.6425,0.06601671793607468,48822671.75421806,0.043194911405748715,0.06717503950141249,1.1196596595001862e-11,1.8418552299264782e-11,0.0003519815462810787,0.0003286407395858674,1.6021722654007015e-07,1.0198536325107147e-07,0.7592671209670596,0.7593274127717313,0.19691979719977334,0.17241544013071702,3.458931102881816e-05,0.0004806854683622491,3.780897362453904e-05,2.3024990640579813e-05,2.209279422544551e-19,1.5493283694044377e-19,-3.977253363798637e-20,0.0,3.387147487410056e-07,9.414194894146455e-06,2.5331255883351765e-05,4.435815691767265e-05,8.431406996578938e-05,0.00013889350946292306,3.698601257277969e-05,3.1394547440224e-05,6.93024683023321e-06,5.708218711811399e-06,3.005992591707577e-17,4.9518764857540345e-17,3.168078939394701e-12,5.539387811503661e-12,1.7527031073508194e-12,3.270337915076944e-12,5.0097757146550744e-14,1.002034706080925e-13,-4.447483503910836e-16,0.0,-3.654348991903897e-16,0.0,3.2555559008632297e-14,3.037242260994763e-14,-1.7004062129009345e-16,0.0,2.0202125083427193e-12,1.950200786910094e-12,7.175917964354623e-08,3.2424057950830034e-08,5.439423983346146e-08,4.9136558859397004e-08,1.4483047233292684e-08,1.308313352702343e-08,1.7042246996461663e-12,1.4910355955166461e-12,6.306360348480412e-13,5.517469474354715e-13,2.263879188137445e-13,1.9202345640325813e-13,1.4432269176843467e-05,8.600550779067154e-06,3.522164482155581e-08,2.0989460569104514e-08,2.5121759745431184e-05,1.1169568680364166e-05,8.201102327134528e-13,5.103483356955331e-13,2.3485159627670934e-14,1.4614635510484563e-14,7.45565651489077e-20,4.6395981200023957e-20,4.719604547103783e-14,2.1317066598583356e-14,7.593750449609929e-19,3.4298738898938853e-19,1.3084927895645799e-17,5.910077350872784e-18,-2.4911767740174385e-21,0.0,-2.0104238956090584e-18,0.0,-2.1595824480767459e-19,0.0,5.336291203349662e-18,4.971823496024619e-18
0.006078125,0.6078125,809.4658909499165,99997.6425,0.06425972212548067,43776528.17848702,0.04219603828905582,0.06566667542029893,1.0775481123845571e-11,1.7737979129343442e-11,0.0003412703037018266,0.00031885850979779544,1.551512809281541e-07,9.88284562928604e-08,0.7593212908131606,0.7599028460838004,0.19788365734331562,0.17337828890031157,3.4222155554526764e-05,0.0004759095845142946,3.901955947456421e-05,2.3778526832901606e-05,2.1286931913313779e-19,1.4938393852034632e-19,-3.904394548026219e-20,0.0,2.90295565198116e-07,8.073976614340015e-06,2.2947418812762485e-05,4.0211347029360657e-05,7.848452870897278e-05,0.00012937905094599514,3.531561475264417e-05,2.9997253504620935e-05,6.863613286352678e-06,5.657215426122005e-06,2.2432974880318774e-17,3.6979988892755863e-17,2.9110908721948225e-12,5.09353796901923e-12,1.418346596483892e-12,2.648284583593967e-12,3.9677395742226045e-14,7.941556838850662e-14,-5.299609190996441e-16,0.0,-4.3614186994429506e-16,0.0,3.071067074758616e-14,2.867091728294153e-14,-2.0236918046624472e-16,0.0,1.6367849055788205e-12,1.5811457011001522e-12,7.354570385765163e-08,3.325410158429535e-08,5.258656812616034e-08,4.753622220749471e-08,1.4530884170818136e-08,1.313535686828274e-08,1.6425851826597886e-12,1.4380933092206967e-12,5.970863349479463e-13,5.227527146722082e-13,2.2192833598908423e-13,1.8837002751069523e-13,1.4489312705541121e-05,8.640471421610375e-06,3.5107016454791666e-08,2.0935511472509418e-08,2.5779636795793557e-05,1.1469940052983772e-05,7.209178643906243e-13,4.489296278195529e-13,1.954373072499579e-14,1.2170262652589673e-14,5.347899889086839e-20,3.3302416619310035e-20,4.7966450106087546e-14,2.1679907170186472e-14,6.574782825094558e-19,2.971674597493221e-19,1.4714191436288815e-17,6.65052977065336e-18,-2.3522730330526597e-21,0.0,-1.9470551666517895e-18,0.0,-2.1096035438642722e-19,0.0,5.1526724938564274e-18,4.804041266780045e-18
0.0060859375,0.60859375,797.8443610376851,99997.6425,0.0625239655728682,39130307.60763396,0.0412048768221671,0.06416783359439392,1.0340478379479295e-11,1.7033484721374922e-11,0.0003307375081639237,0.000309227684488099,1.5017460772348958e-07,9.572349737580728e-08,0.7593790071986534,0.7604777045421114,0.1988356976790147,0.17433097005348974,3.385976983741537e-05,0.0004711904690485315,4.013312836965807e-05,2.447377722613738e-05,2.0511707274208015e-19,1.440416374336949e-19,-3.8281924886450925e-20,0.0,2.4775817448293333e-07,6.8955749555167405e-06,2.0786874539253932e-05,3.645015502858353e-05,7.303223844335557e-05,0.00012047305504291067,3.359438958279017e-05,2.8554652694693372e-05,6.790244474064834e-06,5.600550617884407e-06,1.6649521365717874e-17,2.7464839455605306e-17,2.6683864846805853e-12,4.672054744465813e-12,1.1423301129555337e-12,2.134368054853325e-12,3.1335886557439046e-14,6.276244893021981e-14,-6.292620376964062e-16,0.0,-5.180894009052311e-16,0.0,2.897170566832078e-14,2.7065855295142662e-14,-2.397109850673071e-16,0.0,1.3185031463822267e-12,1.2745499376735074e-12,7.507825678916975e-08,3.3970152467849326e-08,5.075588236410128e-08,4.5912572056518166e-08,1.455230760755241e-08,1.3163673657123268e-08,1.575859844526285e-12,1.3806136385128816e-12,5.637132663343789e-13,4.938702045205305e-13,2.1719065164308812e-13,1.8447417551476689e-13,1.453175168415042e-05,8.671675664129408e-06,3.4925034807928276e-08,2.0841160859024845e-08,2.637895590167632e-05,1.1744576494079223e-05,6.306517635297048e-13,3.929863814525431e-13,1.6163841495476296e-14,1.0072388514585504e-14,3.8077686233619854e-20,2.3727852663541703e-20,4.86452013018073e-14,2.2001649916667798e-14,5.6592792620620905e-19,2.559625158749671e-19,1.640093841725711e-17,7.417950706433034e-18,-2.2151136612483054e-21,0.0,-1.884786828364367e-18,0.0,-2.0601571223456444e-19,0.0,4.972611086954446e-18,4.639317435128114e-18
0.00609375,0.609375,786.2834483509318,99997.6425,0.06080967566607696,34870419.2855045,0.04022161151322459,0.0626788456972515,9.892731202220958e-12,1.6306916571062085e-11,0.00032039093348780446,0.00029975601198209146,1.4528737219293843e-07,9.267075179508273e-08,0.7594402266364811,0.7610518788575915,0.19977581058792987,0.17527333761696973,3.350165009064431e-05,0.00046652128140790535,4.113696427538473e-05,2.5102847850494918e-05,1.97410917532755e-19,1.3872354317408296e-19,-3.7394851305653504e-20,0.0,2.1056250425526072e-07,5.86430155146621e-06,1.883036879547436e-05,3.304165381812885e-05,6.793630106286028e-05,0.00011214243313712083,3.183636922171816e-05,2.7078613702989324e-05,6.7103610070487246e-06,5.5383955174613805e-06,1.2289642432318355e-17,2.028650932099127e-17,2.4400857504220163e-12,4.275205994124149e-12,9.15777884246968e-13,1.7122240938887691e-12,2.4683324726495824e-14,4.947141328752286e-14,-7.445452409624047e-16,0.0,-6.1270917053368e-16,0.0,2.7329435226210828e-14,2.5548835733879304e-14,-2.8271779813690577e-16,0.0,1.0559256890451936e-12,1.0214140024642321e-12,7.633928248087237e-08,3.456401264759629e-08,4.891073994811716e-08,4.427333523843115e-08,1.4545960929458746e-08,1.3166805598896682e-08,1.5049382153356228e-12,1.3193681827213984e-12,5.307643712370928e-13,4.653171916271511e-13,2.1220816737760156e-13,1.803637724942432e-13,1.4559515307433062e-05,8.694102205738378e-06,3.467782153177169e-08,2.07075935086697e-08,2.6918279485443725e-05,1.1992778786604685e-05,5.490339022027831e-13,3.4235747488664483e-13,1.3286471550747434e-14,8.284958054533916e-15,2.690974097446511e-20,1.6779930953095987e-20,4.9230543406772546e-14,2.2281408485439218e-14,4.842811221575093e-19,2.191823359620672e-19,1.8123570503698236e-17,8.202604514660005e-18,-2.0797093112705583e-21,0.0,-1.8236203196048537e-18,0.0,-2.01124753739117e-19,0.0,4.796103384582999e-18,4.4776577724562144e-18
0.0061015625,0.61015625,774.7872184160449,99997.6425,0.059117082170550714,30981332.902266547,0.039246429619185084,0.06120004839049628,9.43339792867209e-12,1.5560153754580854e-11,0.00031023762053483407,0.0002904505707473667,1.4048972185073565e-07,8.967047271090111e-08,0.7595049028591988,0.7616252536553133,0.200703884982441,0.17620524165201523,3.3147331080487014e-05,0.00046189569732471515,4.201990282186496e-05,2.5658773141755702e-05,1.897671079700706e-19,1.3344122917577815e-19,-3.641499304553569e-20,0.0,1.7819255473354634e-07,4.966093597512925e-06,1.7059845116953083e-05,2.9954917231837935e-05,6.317662777760195e-05,0.00010435532313505066,3.0055859611008435e-05,2.5581272061398862e-05,6.624218909495381e-06,5.470951276880124e-06,9.022111368788689e-18,1.490274774659863e-17,2.2261494093931203e-12,3.902980258430992e-12,7.308666362033082e-13,1.3674097706741063e-12,1.9396332575329087e-14,3.890096472598146e-14,-8.778882398120429e-16,0.0,-7.215504644426098e-16,0.0,2.5775372998762143e-14,2.4112126026418115e-14,-3.3210444799612764e-16,0.0,8.40662405284564e-13,8.137296985246629e-13,7.731481971290237e-08,3.50290950890061e-08,4.7059691033963166e-08,4.2626253888474834e-08,1.4510766691025175e-08,1.314372473549944e-08,1.4307625216511285e-12,1.2551770231459256e-12,4.984690714996608e-13,4.372961381272594e-13,2.0701421131386306e-13,1.7606679756158118e-13,1.457256130235483e-05,8.707706932838865e-06,3.436795844385722e-08,2.053627387799934e-08,2.7396439734928243e-05,1.2213967003475039e-05,4.757045406996618e-13,2.9683016806437764e-13,1.0854631817278696e-14,6.773074273919931e-15,1.8873734896302e-20,1.1776835035108198e-20,4.9721221410769645e-14,2.2518522337630066e-14,4.1199719636734496e-19,1.8659171690077371e-19,1.9859301024890563e-17,8.994190026913812e-18,-1.946070935843278e-21,0.0,-1.763557074350812e-18,0.0,-1.9628793280283972e-19,0.0,4.623145577456524e-18,4.319067777705644e-18
0.006109375,0.6109375,763.3597252054906,99997.6425,0.057446417002002106,27445860.115413126,0.03827952125970544,0.05973178351573925,8.963638528474876e-12,1.4795084058247602e-11,0.00030028376259678594,0.0002813176593474094,1.357817880312115e-07,8.672290211256115e-08,0.7595729866704473,0.7621977072884801,0.20161980654806733,0.17712652845010854,3.2796383675803404e-05,0.00045730787685545213,4.2772576958240464e-05,2.61356696777461e-05,1.8229068772617472e-19,1.282687761326853e-19,-3.553056491722186e-20,0.0,1.5015864554212787e-07,4.18757946383116e-06,1.5458461845605152e-05,2.7161058516715907e-05,5.8733905297169946e-05,9.708103955131767e-05,2.8267138651573914e-05,2.407477323055196e-05,6.532103486993066e-06,5.39844399725817e-06,6.587492607863083e-18,1.0888440453129268e-17,2.0263943808020313e-12,3.555112849311366e-12,5.807661796886096e-13,1.0872996104338678e-12,1.5208379365370073e-14,3.0521864487757997e-14,-1.0315617169338549e-15,0.0,-8.462817460959271e-16,0.0,2.430179063246763e-14,2.2748679599158915e-14,-3.886531200853626e-16,0.0,6.653133554743552e-13,6.444246658090203e-13,7.799475191832737e-08,3.53605429345147e-08,4.5211134028841105e-08,4.097895404897839e-08,1.4445981388002205e-08,1.3093704022414093e-08,1.3542957543673547e-12,1.1888808043945397e-12,4.670338399741878e-13,4.09989889990729e-13,2.0164176263057346e-13,1.7161101605982336e-13,1.4570874858917474e-05,8.712462346684449e-06,3.399841745483774e-08,2.0328905078808682e-08,2.7812526327469127e-05,1.2407675486820714e-05,4.102367799878391e-13,2.561490258891568e-13,8.81416565218914e-15,5.5035044539420385e-15,1.3136173453423181e-20,8.202136420106198e-21,5.0116501587905655e-14,2.2712566934908414e-14,3.484636231605336e-19,1.5792210379114501e-19,2.1585001615542804e-17,9.782222989432123e-18,-1.8142097716054844e-21,0.0,-1.7045985066027272e-18,0.0,-1.9150572157109463e-19,0.0,4.453733595110783e-18,4.16355263009047e-18
0.0061171875,0.61171875,752.0050100636937,99997.6425,0.05579791399516936,24245458.34539513,0.0373210795268848,0.05827439827961278,8.484602192580875e-12,1.4013583410886935e-11,0.00029053461742822,0.00027236271098802004,1.311636869609649e-07,8.382827146492948e-08,0.7596444257982824,0.7627691116577514,0.20252345802094332,0.1780370407626603,3.2448412559105095e-05,0.00045275243450252457,4.338760060577256e-05,2.6528852531230338e-05,1.7482213049470785e-19,1.2309417211765095e-19,-3.468330670396408e-20,0.0,1.2599926097324756e-07,3.5161333114367966e-06,1.4010590152447926e-05,2.4633235423250057e-05,5.458957171217227e-05,9.029003933421681e-05,2.6484161226866827e-05,2.2571020470269808e-05,6.434323271783391e-06,5.321119795201184e-06,4.783989922483527e-18,7.912621856661681e-18,1.8405117847531937e-12,3.231116646735967e-12,4.595684810784969e-13,8.609595860196688e-13,1.1901104616914875e-14,2.3900116128280943e-14,-1.208037601317652e-15,0.0,-9.886911347119274e-16,0.0,2.2901712359021607e-14,2.1452133472570458e-14,-4.53217431474902e-16,0.0,5.234019536032254e-13,5.073011752723832e-13,7.837295446263517e-08,3.5555302523484804e-08,4.3373177798091987e-08,3.933881982986546e-08,1.4351248114783696e-08,1.3016366164113704e-08,1.2764908883523489e-12,1.1213137117470477e-12,4.366385474344012e-13,3.8355839025805984e-13,1.961231319403936e-13,1.6702370500973158e-13,1.4554467653135294e-05,8.708357042709336e-06,3.357248859743181e-08,2.0087386532185828e-08,2.816587875608694e-05,1.2573549852427564e-05,3.5215156774814036e-13,2.2002516524292956e-13,7.114372350681545e-15,4.4450773343652176e-15,9.071765932921815e-21,5.66806165651904e-21,5.041618807247912e-14,2.2863362102777668e-14,2.930198068735519e-19,1.3288227856903437e-19,2.3278024147777415e-17,1.055640887333089e-17,-1.684137320965475e-21,0.0,-1.6467459944759084e-18,0.0,-1.8677861033443586e-19,0.0,4.2878630537854075e-18,4.01111713948647e-18
0.006125,0.6125,740.7271012285756,99997.6425,0.0541718086721769,21360546.677120563,0.03637130058989072,0.05682824543014947,7.997416518999405e-12,1.3217497873531638e-11,0.00028099444855503606,0.0002635902352545914,1.2663552038549806e-07,8.098680207073148e-08,0.7597191647518814,0.7633393320363631,0.20341471949174492,0.1789366180565711,3.21030540881576e-05,0.00044822441128113675,4.385968540413706e-05,2.6834911044107705e-05,1.6787187100276557e-19,1.1827714420205433e-19,-3.387118732305543e-20,0.0,1.0528246247847761e-07,2.9399177805984408e-06,1.2701795575850191e-05,2.2346626136667426e-05,5.0725801020966096e-05,8.395390176750228e-05,2.4720281456721326e-05,2.10814364026394e-05,6.331204230803129e-06,5.239240064865096e-06,3.4557175781270437e-18,5.719396603917508e-18,1.6680864768402802e-12,2.9303156977490868e-12,3.6220910965157435e-13,6.790061610894362e-13,9.296637803748552e-15,1.868187514689084e-14,-1.409996702919247e-15,0.0,-1.1506856224458599e-15,0.0,2.1568892329122817e-14,2.021678967908506e-14,-5.26726065421776e-16,0.0,4.0930411913863987e-13,3.9697070655195104e-13,7.84473387854891e-08,3.5612149715731246e-08,4.1553515122749014e-08,3.771287728991149e-08,1.4226643883152863e-08,1.2911727766657336e-08,1.1982628770985922e-12,1.0532787792192112e-12,4.074340652761078e-13,3.5813648498018997e-13,1.9048969733037712e-13,1.623314249105763e-13,1.4523376996720969e-05,8.695395262579602e-06,3.309370882626601e-08,1.9813771894379116e-08,2.8456082166970005e-05,1.2711345541748376e-05,3.0093257779233035e-13,1.881454633241354e-13,5.708453053777466e-15,3.568970672919978e-15,6.215454210949443e-21,3.885951866254991e-21,5.0620634274426296e-14,2.2970978063944736e-14,2.449783701924311e-19,1.1116796240291767e-19,2.4916949821503642e-17,1.1306984117726343e-17,-1.5558653328238942e-21,0.0,-1.5900008633430432e-18,0.0,-1.8210710714820306e-19,0.0,4.125529201882518e-18,3.8617656942309305e-18
0.0061328125,0.61328125,729.530013896097,99997.6425,0.052568338012134556,18770823.91539335,0.035430383793213255,0.05539368342235603,7.503178371363039e-12,1.2408628325264468e-11,0.0002716664968711718,0.0002550037881261001,1.2219737580087924e-07,7.81987051795292e-08,0.759797144682494,0.7639082269016699,0.2042934687272869,0.1798250967879723,3.1759974297239504e-05,0.00044371924859146254,4.4185689161263495e-05,2.7051742970137547e-05,1.6103908544382703e-19,1.135358893416014e-19,-3.308797341192719e-20,0.0,8.760685217077552e-08,2.447914236508597e-06,1.1518805666260332e-05,2.027838047610027e-05,4.7125494826251324e-05,7.804532007374613e-05,2.298800152772018e-05,1.9616746339805238e-05,6.2230843950777085e-06,5.153077068479124e-06,2.4830736000440208e-18,4.11225971412299e-18,1.50861708423136e-12,2.6518798489156625e-12,2.8438463605829366e-13,5.334570360648908e-13,7.250880271370124e-15,1.458022613099791e-14,-1.6403356010218424e-15,0.0,-1.3342888677195089e-15,0.0,2.0297778890419194e-14,1.9037584300728525e-14,-6.101857024104731e-16,0.0,3.181750302028791e-13,3.087858641188039e-13,7.821979691584811e-08,3.553167088830672e-08,3.975931129322847e-08,3.610769162861638e-08,1.4072718002283185e-08,1.278023550899538e-08,1.1204647030207329e-12,9.855266690019828e-13,3.795411195796274e-13,3.3383282339923206e-13,1.847716936884965e-13,1.575598361124226e-13,1.4477665144117909e-05,8.673596537677264e-06,3.25657939149707e-08,1.9510228654677936e-08,2.868296563881327e-05,1.2820927450574628e-05,2.5604045205932727e-13,1.6018140637480598e-13,4.5537878376920405e-15,2.848894127108402e-15,4.2243196389208245e-21,2.6427756055604125e-21,5.073074832500821e-14,2.303573876190755e-14,2.0364377031668644e-19,9.247024434671264e-20,2.648222793697681e-17,1.2025008594023909e-17,-1.4294057811484393e-21,0.0,-1.5343643681589237e-18,0.0,-1.7749173764616378e-19,0.0,3.966726863334442e-18,3.715502206635527e-18
0.006140625,0.6140625000000001,718.4177507549762,99997.6425,0.05098774022109356,16455579.53015462,0.03449853174661284,0.05397107656984202,7.0029464211056746e-12,1.1588717877527073e-11,0.00026255298195061976,0.00024660596986432145,1.1784932633492767e-07,7.546418187070908e-08,0.7598783032489067,0.7644756477741992,0.20515958150214256,0.18070231068767173,3.141886702779242e-05,0.00043923276376440167,4.436459800445234e-05,2.7178548010399222e-05,1.545011987155362e-19,1.0899581052082534e-19,-3.23152964108179e-20,0.0,7.260208579191959e-08,2.0299404666143156e-06,1.0449466321623878e-05,1.8407550804549877e-05,4.3772279451140377e-05,7.253810187390038e-05,2.1298754979659914e-05,1.8186790236194422e-05,6.110309034000151e-06,5.062909959761869e-06,1.7749124765990088e-18,2.941331446732357e-18,1.3615356680686635e-12,2.394858873169827e-12,2.2246911137087976e-13,4.175794511594838e-13,5.647694537779702e-15,1.1363727380397885e-14,-1.902172636668467e-15,0.0,-1.5416373661475812e-15,0.0,1.908346967868153e-14,1.7910047704010323e-14,-7.046829192848082e-16,0.0,2.458750446957418e-13,2.3877114921865517e-13,7.769605340120719e-08,3.53162015950273e-08,3.7997110914149404e-08,3.452928055929889e-08,1.3890517839237329e-08,1.2622790945044374e-08,1.0438683531658055e-12,9.187387068073584e-13,3.530503173105729e-13,3.107297878895679e-13,1.789980512345765e-13,1.5273355650737068e-13,1.4417418782318312e-05,8.642995439701772e-06,3.199257533721705e-08,1.917900054918287e-08,2.8846601920331077e-05,1.2902270199123314e-05,2.169259825757402e-13,1.357973114116014e-13,3.6120586708508165e-15,2.2611761409965787e-15,2.8477097777353447e-21,1.7826879330232726e-21,5.0747992034254354e-14,2.3058222225512856e-14,1.6832814074274458e-19,7.648278326822744e-20,2.7956679420094404e-17,1.2702597697281093e-17,-1.304770842345189e-21,0.0,-1.4798376748031684e-18,0.0,-1.7293304454009217e-19,0.0,3.811450378561303e-18,3.572330055911307e-18
0.0061484375,0.61484375,707.3943029041706,99997.6425,0.04943025449965234,14393989.296019914,0.033575950404540485,0.05256079517893636,6.497735330290913e-12,1.0759441959929915e-11,0.0002536551310701328,0.00023839844902411462,1.1359143031811807e-07,7.27834227352902e-08,0.7599625744871257,0.765041439065468,0.2060129319338023,0.18156809105299607,3.107945217935272e-05,0.00043476112716477316,4.43974472646511e-05,2.7215783638436506e-05,1.481267558376916e-19,1.0456458216686844e-19,-3.1535542003773055e-20,0.0,5.99289472910547e-08,1.6766561085890962e-06,9.482689306573163e-06,1.671500695884854e-05,4.065050660105473e-05,6.740717543649363e-05,1.9662730540096213e-05,1.6800368629044707e-05,5.993226460431777e-06,4.969021313973965e-06,1.2622387785523444e-18,2.0930600354785176e-18,1.2262263051219726e-12,2.158214839865964e-12,1.7343223356258548e-13,3.2574095056668716e-13,4.393931543501577e-15,8.846592777188258e-15,-2.198852879867646e-15,0.0,-1.7749748153819314e-15,0.0,1.7921660915022425e-14,1.6830259122755832e-14,-8.113846925544706e-16,0.0,1.8889624989368012e-13,1.8355401011200975e-13,7.688543459817887e-08,3.496972722370168e-08,3.627276508625605e-08,3.298304591993493e-08,1.3681598592635473e-08,1.2440760817818053e-08,9.691511593474976e-13,8.5351458168255e-13,3.2802320582500787e-13,2.888843361549486e-13,1.7319627797598325e-13,1.478760562405181e-13,1.4342748722717574e-05,8.603641450426946e-06,3.137794352381376e-08,1.88223736432781e-08,2.894730776796067e-05,1.2955458662130771e-05,1.8304190800330731e-13,1.1465771317054462e-13,2.8492381519424206e-15,1.7847668566374644e-15,1.910136674938362e-21,1.1965123472580027e-21,5.0674373113989027e-14,2.303925784825151e-14,1.3836436914061885e-19,6.290778122643126e-20,2.9325853000393844e-17,1.3333088253034096e-17,-1.181972870280201e-21,0.0,-1.4264218405790097e-18,0.0,-1.6843158732730573e-19,0.0,3.6596935433699655e-18,3.432252028835513e-18
0.00615625,0.615625,696.4636510496539,99997.6425,0.04789612080350158,12565388.763058465,0.03266284913208332,0.051163215660604076,5.9885114880148835e-12,9.922400946756445e-12,0.0002449732327407965,0.00023038200969088327,1.0942373057853827e-07,7.015660737781403e-08,0.7600498886838292,0.7656054379364644,0.20685339281650222,0.18242226704231673,3.0741474072841655e-05,0.00043030084075189486,4.42871886281301e-05,2.716508766912229e-05,1.4195331333077676e-19,1.00269023222028e-19,-3.086104977280285e-20,0.0,4.92790092776728e-08,1.3795564307266753e-06,8.608393289405347e-06,1.518333925359633e-05,3.7745255712900905e-05,6.262859865766754e-05,1.808874061016426e-05,1.546512625299588e-05,5.872184514782038e-06,4.87169420731141e-06,8.931709372978119e-19,1.4819887455577203e-18,1.1020420630709166e-12,1.940851790098427e-12,1.3476125296711777e-13,2.5326649363085675e-13,3.415217423188968e-15,6.880361591675775e-15,-2.533951877997459e-15,0.0,-2.0366444443862827e-15,0.0,1.680859382328253e-14,1.5794798307221064e-14,-9.315370732013536e-16,0.0,1.4429094816993191e-13,1.4029745195515281e-13,7.580056746803442e-08,3.4497751015470923e-08,3.45913801787601e-08,3.147372471909561e-08,1.3448014491928627e-08,1.2235970462874472e-08,8.96887534602516e-13,7.903647613883623e-13,3.0449418536533133e-13,2.683296008423961e-13,1.6739238010375352e-13,1.4300958451086593e-13,1.4253789807325475e-05,8.555598958535026e-06,3.072579838018962e-08,1.8442646634694048e-08,2.898564417136247e-05,1.2980688440699453e-05,1.5385310088320018e-13,9.643377113665596e-14,2.2354662496216926e-15,1.4011705936521447e-15,1.2621260154711798e-21,7.910894913581648e-22,5.051243066483523e-14,2.2979920567228628e-14,1.1311647660823812e-19,5.14607516029058e-20,3.05782337292133e-17,1.391113777212576e-17,-1.061024369965826e-21,0.0,-1.3741177936775904e-18,0.0,-1.6398794164975664e-19,0.0,3.511449545418876e-18,3.2952702578120707e-18
0.0061640625,0.61640625,685.6297668677806,99997.6425,0.04638557959078928,10949519.171647657,0.03175944075425959,0.04977872061509362,5.476190182280487e-12,9.079115140788185e-12,0.0002365067106518484,0.0002225566181898993,1.0534625349155312e-07,6.758390375735291e-08,0.7601401722527595,0.7661674741687842,0.20768083595046663,0.18326466597007374,3.0404699919716486e-05,0.00042584871801683413,4.403851293862721e-05,2.702917318942622e-05,1.3601986536085023e-19,9.613703138853247e-20,-3.0199521346136063e-20,0.0,4.03739137513647e-08,1.130955375829357e-06,7.817440522792664e-06,1.379675326896523e-05,3.504233627010111e-05,5.817956792434946e-05,1.658413644520312e-05,1.4187475264883882e-05,5.7475277406089894e-06,4.771209858903604e-06,6.289537587202618e-19,1.0442299749849068e-18,9.88320021629257e-13,1.7416420883332647e-12,1.0438811987143007e-13,1.9630478668028402e-13,2.6524172337474663e-15,5.346897550222644e-15,-2.9112780290588785e-15,0.0,-2.329079111165518e-15,0.0,1.5741000478208e-14,1.4800696404987076e-14,-1.0664615845681595e-15,0.0,1.0960319816317025e-13,1.0663531090412251e-13,7.445702147216105e-08,3.390713550571518e-08,3.295728846574451e-08,3.000535996157444e-08,1.3192290124052026e-08,1.201067904300247e-08,8.275457886542015e-13,7.297073659112717e-13,2.8247307159255055e-13,2.49077070826345e-13,1.616108140668265e-13,1.3815512326384158e-13,1.4150701034245065e-05,8.49894738701316e-06,3.004000746556949e-08,1.8042105641091882e-08,2.8962415903680942e-05,1.2978266022923903e-05,1.2884501921948076e-13,8.080861211395653e-14,1.7448389143396676e-15,1.094322558096161e-15,8.220615612404547e-22,5.1557797296699515e-22,5.026521412729022e-14,2.2881522019061057e-14,9.198745511246953e-20,4.1874147284107706e-20,3.1705313297260864e-17,1.4432761044155794e-17,-9.419379686315514e-22,0.0,-1.3229263117553327e-18,0.0,-1.596026988716715e-19,0.0,3.366710898628042e-18,3.161386156684599e-18
0.006171875,0.6171875,674.8966144114703,99997.6425,0.04489887154881466,9526741.92177725,0.030865941584791813,0.04840769888312425,4.961634067260067e-12,8.231021893244525e-12,0.00022825421336035838,0.00021492150495260704,1.0135900780954867e-07,6.506546738339935e-08,0.7602333476134581,0.766727370051107,0.20849513246516332,0.1840951136018627,3.006891839162124e-05,0.00042140186523099884,4.365763916897395e-05,2.6811702201115242e-05,1.3032555912873032e-19,9.216838721081352e-20,-2.953683667150259e-20,0.0,3.2964315383021854e-08,9.239590069418081e-07,7.1015710531725294e-06,1.2540959727239094e-05,3.2528288591934256e-05,5.403842437997285e-05,1.5154770069538006e-05,1.2972558301968183e-05,5.619595232547342e-06,4.667845822287816e-06,4.408275412435981e-19,7.323356617663669e-19,8.843941537822716e-13,1.5594491044921451e-12,8.062286716343467e-14,1.5170576233694252e-13,2.058692916884231e-15,4.152557134886584e-15,-3.3348733329899484e-15,0.0,-2.6547889154550466e-15,0.0,1.4716050900890366e-14,1.3845387785472762e-14,-1.2175488310605269e-15,0.0,8.28043207176394e-14,8.061109786865953e-14,7.28729078801618e-08,3.320592380949035e-08,3.137404002255974e-08,2.858129079685837e-08,1.2917372401609346e-08,1.1767537004358919e-08,7.614894358897135e-13,6.718690020304473e-13,2.6194810012689425e-13,2.311191729277219e-13,1.5587446415734228e-13,1.3333236262747773e-13,1.4033665899641085e-05,8.43378144996502e-06,2.932437180647e-08,1.7623003479055963e-08,2.8878669975432483e-05,1.2948608442697542e-05,1.0753038661587482e-13,6.748158038194199e-14,1.3551316509967527e-15,8.5042403652393085e-16,5.408123004177638e-22,3.3939121648053774e-22,4.993625605913423e-14,2.2745598824796332e-14,7.442475079277453e-20,3.3899928784473673e-20,3.270153884944466e-17,1.4895311389426902e-17,-8.247263852723559e-22,0.0,-1.2728479994085303e-18,0.0,-1.5527646526588135e-19,0.0,3.2254693751079334e-18,3.03060035390563e-18
0.0061796875,0.6179687500000001,664.2681514321025,99997.6425,0.04343623729200188,8278219.121123558,0.02998257143032928,0.0470505455571126,4.445652776205978e-12,7.379474621071025e-12,0.0002202137148260717,0.00020747525697915485,9.746198329428804e-08,6.260144038062966e-08,0.7603293330717953,0.7672849402838162,0.20929615313673722,0.18491343445056188,2.9733938286369623e-05,0.0004169576639567781,4.3152080504336815e-05,2.6517144621963335e-05,1.2481529027129709e-19,8.832447412140073e-20,-2.8903515780720586e-20,0.0,2.68285350948796e-08,7.524306543456702e-07,6.453336086294709e-06,1.1403062325764684e-05,3.0190381902113033e-05,5.0184655592673904e-05,1.3805001139313721e-05,1.1824250026909183e-05,5.488719110978686e-06,4.561874691126611e-06,3.075897081144798e-19,5.112980556398947e-19,7.896060186209287e-13,1.3931461216021841e-12,6.209377100741928e-14,1.1691029385612698e-13,1.5970756866272277e-15,3.2233719509195777e-15,-3.809012341873295e-15,0.0,-3.0163461373655336e-15,0.0,1.373130265599791e-14,1.2926663999423705e-14,-1.386248830821882e-15,0.0,6.223305898769346e-14,6.062110715787792e-14,7.106845084019173e-08,3.240314722814519e-08,2.9844414508648015e-08,2.7204160826211327e-08,1.2626566029829453e-08,1.1509528285727386e-08,6.989822300865557e-13,6.170889003230526e-13,2.4288917489558543e-13,2.1443208050958618e-13,1.5020463980825465e-13,1.2855969322966327e-13,1.3902892945661037e-05,8.360211532982406e-06,2.8582598964178397e-08,1.718754322836898e-08,2.8735692697584614e-05,1.289224230205243e-05,8.945414327267158e-14,5.617141657399338e-14,1.047480089579262e-15,6.577497510134435e-16,3.495579767476345e-22,2.1949980191305743e-22,4.9529539217308687e-14,2.257389821008832e-14,5.992364444809591e-20,2.7311181802315667e-20,3.356416153498498e-17,1.529741600610196e-17,-7.094023972494582e-22,0.0,-1.2238832647081573e-18,0.0,-1.5100986142945677e-19,0.0,3.0877159350327655e-18,2.902912623462503e-18
0.0061875,0.61875,653.7483304840758,99997.6425,0.04199791702232989,7186058.971896063,0.02910955356545691,0.04570766194488906,3.929003526837325e-12,6.525743475541649e-12,0.00021238262096026072,0.00020021591637671716,9.365514916991884e-08,6.019195043371293e-08,0.7604280427022178,0.7678399919052461,0.21008376870153517,0.18571945207609014,2.9399587286802042e-05,0.000412513754780379,4.2530398241300405e-05,2.615062918227224e-05,1.194055241752924e-19,8.454644748857883e-20,-2.82426784633295e-20,0.0,2.177097469117453e-08,6.109491556785662e-07,5.866031874808812e-06,1.0371445946384637e-05,2.801660881160539e-05,4.659889116560196e-05,1.253774543066919e-05,1.0745194481691124e-05,5.355223557451309e-06,4.45356326668934e-06,2.1371083388797898e-19,3.5545657778291704e-19,7.033133257585921e-13,1.2416315558162069e-12,4.769445579167222e-14,8.985252568839423e-14,1.2384781405438077e-15,2.501099359857177e-15,-4.3381990063341235e-15,0.0,-3.416367242269159e-15,0.0,1.278465382415415e-14,1.2042630711310214e-14,-1.5740575387596817e-15,0.0,4.654086434361003e-14,4.5362275824526426e-14,6.906554399958398e-08,3.150862543328145e-08,2.8370450837465435e-08,2.5875942824037046e-08,1.2323458245038488e-08,1.1239902487623354e-08,6.401960694831458e-13,5.655256119815125e-13,2.2525118325153558e-13,1.9897859316869498e-13,1.4462108739290787e-13,1.2385421101055234e-13,1.3758616496046388e-05,8.278364186508591e-06,2.7818282709213482e-08,1.673786571319138e-08,2.853500516701433e-05,1.2809802070126277e-05,7.419677508808653e-14,4.661842751445026e-14,8.060368485143761e-16,5.064394018720205e-16,2.2409755761224184e-22,1.408022886885428e-22,4.9049458504848437e-14,2.2368361206043206e-14,4.8028783898893713e-20,2.190289596023271e-20,3.4293008069748625e-17,1.56388758352973e-17,-5.9597880512427725e-22,0.0,-1.176032294556355e-18,0.0,-1.4680352125720417e-19,0.0,2.9534406539908667e-18,2.778321813121629e-18
0.0061953125,0.61953125,643.3410996816185,99997.6425,0.0405841501435111,6233425.7346566245,0.028247114673774727,0.04437945547819148,3.412392573317883e-12,5.671017426690026e-12,0.00020475787769865436,0.0001931410807509608,8.993845241290979e-08,5.783710962222221e-08,0.7605293862318975,0.7683923242430969,0.2108578501688419,0.18651298939242245,2.906571080977911e-05,0.00040806802223639543,4.180195339934008e-05,2.571779229097832e-05,1.1427526019082065e-19,8.096131953812025e-20,-2.757758347118405e-20,0.0,1.762034381934092e-08,4.947616041830692e-07,5.333635239803326e-06,9.43566722422637e-06,2.5995675690354008e-05,4.3262891388020403e-05,1.135456048810655e-05,9.736874572570591e-06,5.219424330832604e-06,4.343172122596345e-06,1.4789034543505735e-19,2.4612416419196284e-19,6.248965093353985e-13,1.1038407145178838e-12,3.653781087196056e-14,6.887463805968958e-14,9.600779165414452e-16,1.94000788161737e-15,-4.927161232085539e-15,0.0,-3.857491804537098e-15,0.0,1.1874299787313898e-14,1.1191668035743078e-14,-1.782499121456134e-15,0.0,3.464257314454748e-14,3.3785079681654433e-14,6.688730541006596e-08,3.0532765036313474e-08,2.6953492284573157e-08,2.4597977706935725e-08,1.2011842243729722e-08,1.0962105563574896e-08,5.852209040432664e-13,5.172655082463424e-13,2.0897722950116762e-13,1.8471095629530386e-13,1.3914201202124562e-13,1.1923173072445713e-13,1.360109755362935e-05,8.188382716991786e-06,2.7034888478125744e-08,1.6276040422268254e-08,2.8278357074602914e-05,1.2702027610645296e-05,6.137617717778587e-14,3.8585740595574174e-14,6.176214606521484e-16,3.8828390041224023e-16,1.543300583071163e-22,9.702363147657104e-23,4.8500778389659845e-14,2.213110369895757e-14,3.833414164016374e-20,1.7492025736845935e-20,3.4890198489204513e-17,1.5920540380572918e-17,-4.844683941542768e-22,0.0,-1.1292950290500131e-18,0.0,-1.4265809115288502e-19,0.0,2.822632648304795e-18,2.6568257704520276e-18
0.006203125,0.6203125,633.0504029766641,99997.6425,0.03919517482028137,5404614.643681817,0.0273954847497378,0.04306633955722985,2.896477369840536e-12,4.8164075447563194e-12,0.00019733607665740164,0.00018624800172460095,8.631181589146248e-08,5.5537013153348576e-08,0.7606332689277636,0.768941728895349,0.21161826913700085,0.18729386898644632,2.8732170942773417e-05,0.00040361858089591314,4.097666467899535e-05,2.522463019921388e-05,1.095812623526782e-19,7.768063243734792e-20,-2.7008139046666373e-20,0.0,1.4227748532090015e-08,3.9973197175415186e-07,4.850741599305907e-06,8.586349045311745e-06,2.4116988725467744e-05,4.0159528560474556e-05,1.025576331973958e-05,8.799709427302954e-06,5.081628676129726e-06,4.2309554952284e-06,1.019577826010083e-19,1.6977975687337537e-19,5.537634991350912e-13,9.787544074916875e-13,2.7916363968843734e-14,5.265344030699324e-14,7.440119962230809e-16,1.5042778013144926e-15,-5.580842792821618e-15,0.0,-4.3423581158464345e-15,0.0,1.0998694044173685e-14,1.0372394502308957e-14,-2.013103528330124e-15,0.0,2.567255225157131e-14,2.5051569846855734e-14,6.455764202138454e-08,2.9486361728028937e-08,2.5594244335116746e-08,2.3371025342150303e-08,1.169565350112817e-08,1.0679722002686297e-08,5.340758286444995e-13,4.723323670610668e-13,1.9400167098834264e-13,1.7157351738664932e-13,1.3378410562464235e-13,1.1470680498913234e-13,1.3430624826470176e-05,8.090427856034467e-06,2.6235743693209393e-08,1.580405933020969e-08,2.7967718803487128e-05,1.2569760919939994e-05,5.064824270622263e-14,3.185975866009244e-14,4.71376650881166e-16,2.9651465742228996e-16,8.978918490742032e-23,5.648096772142039e-23,4.788858643038576e-14,2.186439561195968e-14,3.048158661963628e-20,1.3916916710430778e-20,3.535983157312788e-17,1.6144167199651934e-17,-3.7488389373185123e-22,0.0,-1.0836711345960057e-18,0.0,-1.385742287405376e-19,0.0,2.6952799978321617e-18,2.5384212661661215e-18
0.0062109375,0.62109375,622.8801798356271,99997.6425,0.037831227474668674,4685092.336779062,0.02655489695603626,0.04176873332268232,2.3818693328836143e-12,3.962951295195904e-12,0.00019011355514073834,0.00017953367850907383,8.277513636643686e-08,5.3291737999810874e-08,0.7607395914876163,0.7694879897449185,0.21236489811760226,0.1880619134536383,2.839884546575869e-05,0.0003991637625925999,4.0064779809048106e-05,2.4677358834207327e-05,1.0506342912945944e-19,7.45204963423224e-20,-2.6558935366821417e-20,0.0,1.1464685996894595e-08,3.2228684824394714e-07,4.4125061597893395e-06,7.815080165239107e-06,2.2370635755852088e-05,3.727276111410332e-05,9.240574990657233e-06,7.933175308807181e-06,4.9421355354187124e-06,4.117161425709477e-06,7.004328250129686e-20,1.1670238453708399e-19,4.893528991504365e-13,8.654047685931061e-13,2.1268602539994004e-14,4.0137892905744154e-14,5.763282685138321e-16,1.1659119250114575e-15,-6.304392435659732e-15,0.0,-4.8735754262803416e-15,0.0,1.015651297670709e-14,9.58363459442843e-15,-2.2673791012067627e-15,0.0,1.8946227830169065e-14,1.849849381346463e-14,6.210083338194012e-08,2.8380410427554066e-08,2.4292842548492308e-08,2.2195324751466136e-08,1.1378939965317316e-08,1.039644773366916e-08,4.867206437134721e-13,4.3069741439286914e-13,1.80252874055283e-13,1.5950514488182786e-13,1.2856257841884532e-13,1.1029274640846954e-13,1.3247515842215348e-05,7.984678483287394e-06,2.5424032003664735e-08,1.5323833065454503e-08,2.7605271834724615e-05,1.2413942079929642e-05,4.170638759645574e-14,2.6249944453910495e-14,3.584413705195199e-16,2.256025181840621e-16,5.614756344196381e-23,3.533920117548653e-23,4.7218243552658085e-14,2.157063850706331e-14,2.4157982838492077e-20,1.1036054619181552e-20,3.570765663217049e-17,1.6312274561588007e-17,-2.6723793304085106e-22,0.0,-1.0391599759946964e-18,0.0,-1.3455260182024237e-19,0.0,2.5713696668318313e-18,2.4231039153243116e-18
0.00621875,0.6218750000000001,612.8343641982889,99997.6425,0.03649254221184349,4061502.9241123223,0.025725587430744698,0.04048706134557245,1.8691371159893675e-12,3.1116177072732035e-12,0.00018308648807206866,0.00017299494420008928,7.932828236294508e-08,5.110134144855374e-08,0.7608482499373105,0.7700308830131226,0.21309761087227685,0.18881694575543875,2.8065626955871076e-05,0.0003947021047575924,3.907666551843495e-05,2.4082284582884958e-05,1.0046511975619249e-19,7.129905017410097e-20,-2.611770656173018e-20,0.0,9.220981981191479e-09,2.593593224645033e-07,4.014588734833304e-06,7.114320806062411e-06,2.074736422132888e-05,3.458760105978806e-05,8.307287702243302e-06,7.1359463761403375e-06,4.8012359722436765e-06,4.002032080565449e-06,4.795455896240918e-20,7.994428288316115e-20,4.311357833818658e-13,7.628786466235131e-13,1.6150639800861453e-14,3.049647311790925e-14,4.461483240161659e-16,9.03065724144859e-16,-7.103149786833416e-15,0.0,-5.453692658550231e-15,0.0,9.346624416697845e-15,8.824389738783487e-15,-2.5467799829794093e-15,0.0,1.3926645825954748e-14,1.3605183852978348e-14,5.9541142336022254e-08,2.7225927064214496e-08,2.3048927949988277e-08,2.107066146486842e-08,1.1065897633906836e-08,1.0116122682793062e-08,4.430672909906922e-13,3.9228929622515854e-13,1.67655638585341e-13,1.4844136275951055e-13,1.2349119164969227e-13,1.0600165098222602e-13,1.3052118102962456e-05,7.871332374293349e-06,2.460279054190069e-08,1.4837188888634606e-08,2.719339751256642e-05,1.2235604446404052e-05,3.4280232245267384e-14,2.1588071114558185e-14,2.716446807470325e-16,1.710689893785068e-16,3.4834070350736285e-23,2.1936852194023175e-23,4.649533172897746e-14,2.125234190249047e-14,1.9089650684149184e-20,8.725602507870781e-21,3.594074700007499e-17,1.642799427540079e-17,-1.6154299434520888e-22,0.0,-9.9576058722792e-19,0.0,-1.3059388676043506e-19,0.0,2.450887422411265e-18,2.3108680959455007e-18
0.006234375,0.6234375,593.1281446722674,99997.6425,0.033871626487800774,3059725.2091435506,0.02408911910033954,0.03795365012330093,8.431866311644866e-13,1.4052398610992455e-12,0.00016950105950942608,0.00016033606085231173,7.26516132346933e-08,4.685232938119268e-08,0.7610738702066246,0.7711139939944716,0.2145318702218098,0.19029872655889493,2.7393992368231084e-05,0.0003856840686870549,3.688958958227735e-05,2.2759655587459486e-05,9.12758089167925e-20,6.48493763961774e-20,-2.5103213198333237e-20,0.0,5.988999513963908e-09,1.6864001923203787e-07,3.3223544242117947e-06,5.894134195083713e-06,1.7820388977218537e-05,2.9741054652795543e-05,6.664392953907455e-06,5.731055293095153e-06,4.5140487315664255e-06,3.766824904959342e-06,2.2449676198278018e-20,3.7467029906255326e-20,3.309652060778062e-13,5.862804385340188e-13,9.38996742860774e-15,1.775029791924887e-14,2.7110757002400733e-16,5.493680687436863e-16,-8.953533779909483e-15,0.0,-6.7762486269964585e-15,0.0,7.80841585827628e-15,7.380308228733757e-15,-3.189220667996735e-15,0.0,7.507282807225203e-15,7.342134500235985e-15,5.415066650901689e-08,2.4788542730874112e-08,2.071235660084667e-08,1.8955647739820087e-08,1.0459587142213238e-08,9.572462139032547e-09,3.6581913753248573e-13,3.242536441550398e-13,1.45491678355405e-13,1.2896046723849604e-13,1.1375917154422135e-13,9.775629747185518e-14,1.2623028995493217e-05,7.621009654503443e-06,2.2928649429294426e-08,1.3842910344875597e-08,2.6224631919836572e-05,1.1812804983412817e-05,2.313867449042191e-14,1.4587814650950528e-14,1.5518055601976186e-16,9.783383182060806e-17,1.3207802204639602e-23,8.32688020169236e-24,4.489945982490941e-14,2.054566654463636e-14,1.1883491986805457e-20,5.437799579301636e-21,3.609249964832499e-17,1.6515665565435038e-17,4.555099626461471e-23,4.6158498015061226e-23,-9.116399599057754e-19,0.0,-1.2280854924801578e-19,0.0,2.2183397338795714e-18,2.0939269540476385e-18
0.0062421875,0.62421875,583.4761294708464,99997.6425,0.032609949691722866,2657837.4239723184,0.023295094009526986,0.03672236649874882,3.3917653924166977e-13,5.655696751816059e-13,0.0001630348656048818,0.00015430245808881437,6.947203506314257e-08,4.482595066885855e-08,0.7611887769355667,0.771645293704448,0.21522217871893123,0.1910137580697756,2.7060625571486016e-05,0.0003811954990329139,3.573612020663129e-05,2.2059863710743653e-05,8.67607493944224e-20,6.167468934316155e-20,-2.453063681539434e-20,0.0,4.8130347587449e-09,1.3559976149670147e-07,3.023365657979955e-06,5.366588515991572e-06,1.651558481869138e-05,2.7578250031278748e-05,5.9551126195925555e-06,5.123863403062483e-06,4.370708614756763e-06,3.649174289462939e-06,1.5281576928286786e-20,2.5517664316891358e-20,2.8844732086762313e-13,5.112380110140186e-13,7.0991165152449475e-15,1.3427013553829923e-14,2.1049222615237224e-16,4.267675525268533e-16,-1.0008889571235554e-14,0.0,-7.515608454102048e-15,0.0,7.089787961542449e-15,6.704684931497147e-15,-3.5509624292969798e-15,0.0,5.478790245811508e-15,5.361147991110088e-15,5.1424247161191965e-08,2.3553133546941382e-08,1.9633163086540056e-08,1.797765125146947e-08,1.0172286398604917e-08,9.31453665912645e-09,3.32332137976051e-13,2.947300026474002e-13,1.3586822718650326e-13,1.2049524671989866e-13,1.0920393561890738e-13,9.38923429221276e-14,1.239367969204847e-05,7.486567803656828e-06,2.2096101676536985e-08,1.3347445432531394e-08,2.568253432392662e-05,1.1574842028972353e-05,1.8949292671021645e-14,1.1953038708964607e-14,1.1665002419844386e-16,7.358175731688053e-17,8.03547701973694e-24,5.0687046492660875e-24,4.405547760565947e-14,2.0170311034966438e-14,9.354346837059744e-21,4.282783787326624e-21,3.603583689002445e-17,1.6498607618856854e-17,1.4532946791091967e-22,1.4734691055487135e-22,-8.715531142294182e-19,0.0,-1.1904217744243177e-19,0.0,2.107994491352134e-18,1.9908406656937255e-18
0.00625,0.625,573.9641452125651,99997.6425,0.031374431345917136,2311137.016469921,0.022513312290357173,0.03550875531470526,-1.610620080755786e-13,0.0,0.00015674841978565379,0.00014843126422910266,6.638144622164746e-08,4.285446307925446e-08,0.7613055578725605,0.7721722607564837,0.21589808940557573,0.19171508439281598,2.672706669901717e-05,0.0003766960704069311,3.454614811439709e-05,2.133658527284876e-05,8.256597719998973e-20,5.872386907711852e-20,-2.3958211269047083e-20,0.0,3.869107939266491e-09,1.0906380210856002e-07,2.7513676966826096e-06,4.886367374694811e-06,1.530270823132342e-05,2.556647810960411e-05,5.312779887969801e-06,4.573611254845441e-06,4.227068600469237e-06,3.531115381932147e-06,1.0388219579887558e-20,1.7355763729671993e-20,2.503408430385996e-13,4.4393378512097077e-13,5.3551986830184226e-15,1.0133992341917419e-14,1.6349313495108426e-16,3.316535977646875e-16,-1.1162298271483568e-14,0.0,-8.312770680417886e-15,0.0,6.400323682944327e-15,6.055875330492137e-15,-3.942417141703419e-15,0.0,3.991209676947686e-15,3.907576833958357e-15,4.8684280260997696e-08,2.230998952440876e-08,1.8605957192555958e-08,1.7046081281075484e-08,9.896481356048914e-09,9.066785645371228e-09,3.0190508508847964e-13,2.6788740479452144e-13,1.2709239898212022e-13,1.127720419894618e-13,1.0484004636477798e-13,9.018804040683192e-14,1.215377540632758e-05,7.3455371813260385e-06,2.1264747735927312e-08,1.2852055425053383e-08,2.5102270179964808e-05,1.1319312642208042e-05,1.5507370176054498e-14,9.787084475624931e-15,8.750216782961766e-17,5.5224780128816644e-17,4.860488149808165e-24,3.067574164728526e-24,4.318241209880763e-14,1.9781054501288284e-14,7.371159246637158e-21,3.3765900446175138e-21,3.5900138761319114e-17,1.6445181427488486e-17,2.4310969735029944e-22,2.466150031459536e-22,-8.325704534787169e-19,0.0,-1.153414679544257e-19,0.0,2.0010078008781134e-18,1.8908003486709087e-18
0.0062578125,0.6257812500000001,564.596049558388,99997.6425,0.03016528246915283,2012031.8941762748,0.021744020042850733,0.034313260302286853,-6.57124602503884e-13,0.0,0.00015063801748414424,0.00014271936280928226,6.337953889383056e-08,4.0937801422931695e-08,0.7614240846291846,0.7726946355854492,0.21655948885404863,0.19240253741709426,2.6393271489736592e-05,0.00037218520819545326,3.332849569425383e-05,2.0595250966361667e-05,7.84645603109221e-20,5.583585534042338e-20,-2.3386013213065194e-20,0.0,3.112281370836076e-09,8.777578712952617e-08,2.503847808006719e-06,4.449093171727956e-06,1.4175350850233918e-05,2.3695316648838924e-05,4.733002084875594e-06,4.076619823968727e-06,4.083390990755384e-06,3.412869407933147e-06,7.05425064792126e-21,1.1791785938054088e-20,2.1627805863381593e-13,3.837293707682441e-13,4.030182183888284e-15,7.630548443882144e-15,1.2704203616546674e-16,2.5784500863724377e-16,-1.2419649694770517e-14,0.0,-9.169362873141544e-15,0.0,5.739484624726896e-15,5.43342874758603e-15,-4.36412950904851e-15,0.0,2.9033037200771855e-15,2.843947300071018e-15,4.595051345957114e-08,2.106818254572497e-08,1.762888279122302e-08,1.6159332578888176e-08,9.63390414151035e-09,8.830818316705915e-09,2.743495921378579e-13,2.435635398678889e-13,1.190947817382183e-13,1.0573059866397856e-13,1.0067450147616624e-13,8.664975231747583e-14,1.1903832982269816e-05,7.1982225725297955e-06,2.043691031326702e-08,1.2358156347525881e-08,2.4487001349292776e-05,1.10476206320762e-05,1.2684831443550548e-14,8.009879359644224e-15,6.551840066088252e-17,4.1371813844426676e-17,2.923710499813806e-24,1.8461868011608933e-24,4.228612225567887e-14,1.9380567705097165e-14,5.8178375616148545e-21,2.6664302316108393e-21,3.569490997610331e-17,1.6359684516267366e-17,3.3888075353084564e-22,3.4394595550956816e-22,-7.946888886480123e-19,0.0,-1.117071126116002e-19,0.0,1.897358179709392e-18,1.793792927804441e-18
0.006265625,0.6265625,555.3756666680118,99997.6425,0.02898270643427248,1753874.4681899443,0.02098746384301275,0.0331363265520612,-1.1486290432033792e-12,0.0,0.00014470009192450945,0.00013716375600607888,6.046596205499837e-08,3.9075870562008184e-08,0.7615442238827453,0.7732121523935941,0.21720626782058336,0.19307595259634727,2.6059206663750334e-05,0.0003676624943540903,3.2091413670172866e-05,1.9840950823943685e-05,7.445681400052214e-20,5.3011040932719664e-20,-2.2814124983028687e-20,0.0,2.5058159407557495e-09,7.0707796369877e-08,2.278548056341952e-06,4.050830032935984e-06,1.3127575024032155e-05,2.1955102258064056e-05,4.211255905289043e-06,3.629087208612894e-06,3.939933713695218e-06,3.294654474105739e-06,4.786508121580138e-21,8.005155184865819e-21,1.8591931749073373e-13,3.3003450735616927e-13,3.0253517909523746e-15,5.7309842187854594e-15,9.876230477968974e-17,2.005509643674057e-16,-1.3786855872206548e-14,0.0,-1.008669393886155e-14,0.0,5.106797338497039e-15,4.83695401027213e-15,-4.8163143346525355e-15,0.0,2.1095253545392988e-15,2.0674550630348954e-15,4.324114492163711e-08,1.983609337008548e-08,1.6699969780670434e-08,1.5315690082582202e-08,9.385641609416626e-09,8.607654984046456e-09,2.494772462390354e-13,2.215956115287501e-13,1.1180969515783311e-13,9.931381778041446e-14,9.671302451511111e-14,8.328275025836147e-14,1.1644404969045054e-05,7.044951417948937e-06,1.9614775977749472e-08,1.186708502534409e-08,2.3839993134182033e-05,1.0761220458900729e-05,1.0373785276834993e-14,6.553914692019318e-15,4.8983619620099575e-17,3.094670419035344e-17,1.7495464125146314e-24,1.105322467292063e-24,4.1372355429320726e-14,1.8971476657261207e-14,4.602787787859445e-21,2.1106287077340837e-21,3.5429503336290354e-17,1.624635553252633e-17,4.326322129836771e-22,4.393234760527567e-22,-7.579048017551331e-19,0.0,-1.0813979961506505e-19,0.0,1.7970224252085813e-18,1.6998035644518136e-18
0.0062734375,0.62734375,546.3067783043733,99997.6425,0.027826897741070916,1530880.442878232,0.020243890045980078,0.031978399374310185,-1.6352119454345937e-12,0.0,0.00013893122933237152,0.00013176157951941188,5.7640318697368056e-08,3.726854349893728e-08,0.761665837388649,0.773724539629951,0.21783832188762378,0.19373516967507223,2.5724849507810626e-05,0.0003631276622499,3.084254438855613e-05,1.9078410197152222e-05,7.079929516634227e-20,5.0432345790404924e-20,-2.226024003075674e-20,0.0,2.0198619284529438e-09,5.7024064605236694e-08,2.0734369186491066e-06,3.6880347751876946e-06,1.2153880551759872e-05,2.0336877414249153e-05,3.7429966778797556e-06,3.2271827914739854e-06,3.7969505449663866e-06,3.176685728154816e-06,3.2459684295449167e-21,5.431422644072243e-21,1.5895099005561023e-13,2.823036045408835e-13,2.2647950882402297e-15,4.292404057123847e-15,7.681373799590817e-17,1.5605970794726216e-16,-1.5269806954460295e-14,0.0,-1.1065702409369838e-14,0.0,4.501839397978216e-15,4.266106412173564e-15,-5.298804507321144e-15,0.0,1.5314219298362749e-15,1.5016355552716706e-15,4.0572714145355225e-08,1.8621358973727368e-08,1.581718275527086e-08,1.4513373394699697e-08,9.152200842289109e-09,8.397785513552553e-09,2.2710348815288845e-13,2.0182379597571625e-13,1.0517550114376507e-13,9.346804426972414e-14,9.296009393844723e-14,8.009123655984943e-14,1.1376079700672612e-05,6.886073904849678e-06,1.8800397227883584e-08,1.1380100013195492e-08,2.316459413759141e-05,1.046160816820288e-05,8.483871539761579e-15,5.362606934142249e-15,3.6577488795136245e-17,2.3120422572053755e-17,1.041812037199315e-24,6.585234616735976e-25,4.0446694637913825e-14,1.8556338095854194e-14,3.652901268218399e-21,1.6758964254225003e-21,3.5112978233412475e-17,1.6109308844258576e-17,5.243542338539853e-22,5.3273188259769765e-22,-7.222140093629906e-19,0.0,-1.0464021042026475e-19,0.0,1.6999755248121316e-18,1.6088155651051446e-18
0.00628125,0.628125,537.3931136199061,99997.6425,0.026698040684498003,1338045.1839930855,0.01951354399947736,0.030839923009049735,-2.116525562706025e-12,0.0,0.00013332817620250766,0.00012651010993721664,5.4902163017046915e-08,3.551565943309225e-08,0.7617887820583321,0.7742315205557058,0.21845555217343687,0.19438003348273789,2.5390187511714847e-05,0.00035858059217816805,2.9588903046253534e-05,1.8311976797767615e-05,6.702975673165691e-20,4.777077194000853e-20,-2.1706841673729524e-20,0.0,1.6303035517748863e-09,4.604890867827434e-08,1.8866840255101794e-06,3.3575132369156454e-06,1.1249172184380093e-05,1.883233852113781e-05,3.3237488301197314e-06,2.8671254897794944e-06,3.654691175569619e-06,3.059175389994929e-06,2.2004100538439636e-21,3.6837259080133954e-21,1.3508334735512531e-13,2.400321310134229e-13,1.6902726125083117e-15,3.205109103823612e-15,5.977176023655571e-17,1.2149609420396016e-16,-1.687432244316956e-14,0.0,-1.2106903920384207e-14,0.0,3.9242270179512935e-15,3.720576091581329e-15,-5.8110018541352124e-15,0.0,1.1109950095875987e-15,1.0899238851211663e-15,3.796002893873589e-08,1.743083640463421e-08,1.4978461922055573e-08,1.3750574290552489e-08,8.933578021552583e-09,8.201231134748411e-09,2.070505024325671e-13,1.8409383085246872e-13,9.913474677448344e-14,8.814320704316004e-14,8.941897456422963e-14,7.707836808248264e-14,1.1099481001979684e-05,6.7219628275452335e-06,1.7995694241418217e-08,1.0898382341039883e-08,2.2464215303602546e-05,1.0150311915617695e-05,6.939803229106825e-15,4.388776037478725e-15,2.7288838645218898e-17,1.7257636446296502e-17,6.175137872291867e-25,3.9051967652878147e-25,3.951450801026421e-14,1.8137615890644235e-14,2.9099717350096174e-21,1.335710660209308e-21,3.475398271599238e-17,1.5952479757789688e-17,6.140376341163414e-22,6.241561879345266e-22,-6.876117255021391e-19,0.0,-1.0120901623879276e-19,0.0,1.6061905666235178e-18,1.5208102902862245e-18
0.0062890625,0.62890625,528.6383376319769,99997.6425,0.025596307926113813,1171060.2920431576,0.018796669164093418,0.029721339181121412,-2.5922348651661466e-12,0.0,0.00012788783997799106,0.00012140676584379142,5.2250997580435705e-08,3.3817021798652246e-08,0.761912910079273,0.774732813898798,0.21905786610041755,0.19501039479516433,2.5055218049043214e-05,0.00035402130747451253,2.833687381854323e-05,1.7545616963152295e-05,6.397926507112859e-20,4.561883668118983e-20,-2.1154027189522144e-20,0.0,1.3177535542929524e-09,3.7238776793466526e-08,1.7166377721713876e-06,3.056381545486036e-06,1.0408728303378722e-05,1.7433785710510218e-05,2.949177902614886e-06,2.54524632276784e-06,3.5134011189078966e-06,2.9423326479866152e-06,1.491250507369861e-21,2.4977250849882092e-21,1.140484309756055e-13,2.027529701520563e-13,1.2571976734414061e-15,2.3850636577507034e-15,4.653358824815699e-17,9.463311957938022e-17,-1.8606098516028115e-14,0.0,-1.3210339310825078e-14,0.0,3.373603943919989e-15,3.20007757422207e-15,-6.351833396438688e-15,0.0,8.055680157446873e-16,7.906724738528564e-16,3.541612603754908e-08,1.6270582066763908e-08,1.4181756478081506e-08,1.3025487422906202e-08,8.72933097200729e-09,8.017609875194264e-09,1.8914925067127883e-13,1.6825884940144544e-13,9.363417619577953e-14,8.329284253276899e-14,8.609175265994766e-14,7.424628334493753e-14,1.0815267470894478e-05,6.553013186320793e-06,1.7202456296724016e-08,1.0423036069418306e-08,2.174230828920944e-05,9.828882151322284e-06,5.679138046539996e-15,3.593263211559219e-15,2.0346924473766845e-17,1.2873759112882205e-17,3.6442093223548943e-25,2.3057378049151053e-25,3.858090376616288e-14,1.771765992270414e-14,2.3279701681514038e-21,1.069082880989471e-21,3.4360664581529285e-17,1.5779582911367067e-17,7.016739751878149e-22,7.1358219144155355e-22,-6.540925244148995e-19,0.0,-9.784687482195202e-20,0.0,1.515638651863461e-18,1.4357670650004074e-18
0.006296875,0.6296875000000001,520.046038410394,99997.6425,0.024521858971412375,1026232.5725029465,0.018093506138515895,0.028623085497040165,-3.0620149230457464e-12,0.0,0.00012260728444964158,0.00011644910389200513,4.968627049223259e-08,3.2172396298759346e-08,0.7620380690804462,0.7752281346025499,0.21964517822050217,0.19562611126201304,2.471994809620947e-05,0.0003494499711378832,2.7092217959421942e-05,1.678291936690582e-05,6.100626244210875e-20,4.3519672371755756e-20,-2.0601899952435553e-20,0.0,1.0666903657967743e-09,3.015822817183816e-08,1.5618055391051436e-06,2.782031881035777e-06,9.628171097096004e-06,1.6134074936803506e-05,2.615145152662007e-06,2.258036127064207e-06,3.3733214570140232e-06,2.8263634196221814e-06,1.0104601768270539e-21,1.6932437167117415e-21,9.559796651860784e-14,1.7003283810153962e-13,9.314998246776338e-16,1.7680128742932045e-15,3.6245449996197176e-17,7.374564008931595e-17,-2.0470651064266797e-14,0.0,-1.4375524051741256e-14,0.0,2.849631535074714e-15,2.704340412918262e-15,-6.91971491248707e-15,0.0,5.838614650917376e-16,5.733376435495278e-16,3.295226254773564e-08,1.5145845201377513e-08,1.3425050933795121e-08,1.2336334639459589e-08,8.538653765959906e-09,7.846204140812595e-09,1.732407854319651e-13,1.5418057927455723e-13,8.862464380147123e-14,7.887403006885072e-14,8.297937583275668e-14,7.159613400704582e-14,1.0524131294352095e-05,6.3796414978544775e-06,1.6422342899331974e-08,9.955088674045662e-09,2.100234333563993e-05,9.498881540396296e-06,4.650292892331444e-15,2.943697317558667e-15,1.516674977567878e-17,9.600754546960486e-18,2.141675391030458e-25,1.355709038038034e-25,3.765068555513941e-14,1.7298685074037404e-14,1.8707860017908567e-21,8.595364840967707e-22,3.3940601737920595e-17,1.5594079417963494e-17,7.872556484768729e-22,8.009965742758806e-22,-6.216503030273432e-19,0.0,-9.455442638120397e-20,0.0,1.4282888092562734e-18,1.3536630908659914e-18
0.0063046875,0.63046875,511.6197130296858,99997.6425,0.023474838560259653,900407.1418118768,0.017404291589521937,0.027545593682927322,-3.5255486357849404e-12,0.0,0.00011748372108821027,0.00011163481097412873,4.720737259198122e-08,3.058150895407189e-08,0.7621641023472123,0.7757171946721338,0.2202174110937695,0.1962270483967904,2.4384393983763652e-05,0.00034486688287831347,2.5860091170397556e-05,1.602710452583486e-05,5.811083855377941e-20,4.1473473638527166e-20,-2.0050569543658585e-20,0.0,8.647274810779414e-10,2.445956796278246e-08,1.4208362645061749e-06,2.532102298854572e-06,8.903438467876876e-06,1.4926572771173e-05,2.3177463179136835e-06,2.0021797156960437e-06,3.2346884312099763e-06,2.7114699806557273e-06,6.845854147297435e-22,1.1477042322373554e-21,7.950135929294892e-14,1.4146883404452717e-13,6.871876144379977e-16,1.3049084382742615e-15,2.824620249995393e-17,5.749697445976916e-17,-2.2473255599016396e-14,0.0,-1.5601400778215453e-14,0.0,2.3519798836999983e-15,2.233100780928262e-15,-7.512524516194236e-15,0.0,4.230215304846323e-16,4.155900939414812e-16,3.0577935222311414e-08,1.4061074245117559e-08,1.2706385061095218e-08,1.168138351025263e-08,8.360450878050063e-09,7.686028131175904e-09,1.5917697841915415e-13,1.417300224618841e-13,8.406095648415122e-14,7.484726352383492e-14,8.008169872378704e-14,6.91281215881923e-14,1.0226796563399177e-05,6.202284795171965e-06,1.565688467941322e-08,9.495491299243041e-09,2.0247786826161416e-05,9.161874704503787e-06,3.810801185217587e-15,2.4134105510100514e-15,1.1305991039769498e-17,7.160173606235206e-18,1.2536742593325525e-25,7.939618305829139e-26,3.672831775415544e-14,1.6882754745342563e-14,1.5103190545257056e-21,6.942421473112599e-22,3.350075340975772e-17,1.5399153519280033e-17,8.70775967018993e-22,8.863870003170683e-22,-5.902782438367644e-19,0.0,-9.133228980859572e-20,0.0,1.3441079131935476e-18,1.2744733617073486e-18
0.0063125,0.63125,503.3627523560633,99997.6425,0.02245537497808695,790895.9536756527,0.016729257087737738,0.026489287664879808,-3.9825248533868626e-12,0.0,0.0001125144973872571,0.00010696169350388498,4.481363470869582e-08,2.9044044185667888e-08,0.7622908490884492,0.7761997041211716,0.22077449621566173,0.1968130806250549,2.4048581173574815e-05,0.0003402724764983646,2.4645067828913966e-05,1.5281038629180843e-05,5.546306587902257e-20,3.9601804909228746e-20,-1.9404104109345e-20,0.0,7.020027146719313e-10,1.986580418244979e-08,1.2925051199529683e-06,2.3044501855242284e-06,8.230757822174375e-06,1.3805114166451443e-05,2.05333647220217e-06,1.774578096939866e-06,3.0977328869219145e-06,2.597850470458311e-06,4.637496506307208e-22,7.778283616073861e-22,6.554306347248728e-14,1.1668386188782488e-13,5.044620222126366e-16,9.583651900838018e-16,2.2023695213885954e-17,4.485108467224855e-17,-2.461728028083997e-14,0.0,-1.688629574049526e-14,0.0,1.8803199452426337e-15,1.7860939995412007e-15,-8.127587870040244e-15,0.0,3.063908452340056e-16,3.0114547217362196e-16,2.830092450398547e-08,1.301993469981395e-08,1.202386826340012e-08,1.1058960774929268e-08,8.193408223079837e-09,7.535892623494189e-09,1.468207867973924e-13,1.307877247835021e-13,7.990166810881171e-14,7.117627964205674e-14,7.739753535831563e-14,6.684154017360801e-14,9.924017062380155e-06,6.021399300828018e-06,1.490748414544411e-08,9.04511893180413e-09,1.9482078736106963e-05,8.819417879299794e-06,3.1258031660003654e-15,1.980497872962235e-15,8.431330178122853e-18,5.34206109509477e-18,7.311082736706847e-26,4.632276263135992e-26,3.5817893170700936e-14,1.6471765447610478e-14,1.2248716244757797e-21,5.632882427127926e-22,3.304742915018406e-17,1.5197697391471235e-17,9.522292594621182e-22,9.697422200707159e-22,-5.599687782088598e-19,0.0,-8.81810580171509e-20,0.0,1.2630606059735904e-18,1.1981705829466335e-18
0.0063203125,0.63203125,495.2784247709791,99997.6425,0.021463578299447745,695412.5929245909,0.0160686278521984,0.025454581496410597,-4.432636912696574e-12,0.0,0.00010769708314772708,0.0001024276646873347,4.250432500773762e-08,2.755964295538329e-08,0.7624181447589351,0.7766753720198788,0.22131637498581347,0.1973840923840043,2.371254405553273e-05,0.00033566731751654783,2.3451170001486666e-05,1.4547250416356908e-05,5.3097622386975364e-20,3.792972778739019e-20,-1.887442124721992e-20,0.0,5.706738551503818e-10,1.6156559303510135e-08,1.1757000538090898e-06,2.0971289454005175e-06,7.6066218251942035e-06,1.2763963346583406e-05,1.8185431030377815e-06,1.5723605490915964e-06,2.962679586167428e-06,2.4856982846354715e-06,3.1411580677854946e-22,5.270884679746148e-22,5.352220774630261e-14,9.532605526662364e-14,3.6825983550522076e-16,6.999233033476669e-16,1.7181021388447706e-17,3.500461333530646e-17,-2.690705388325416e-14,0.0,-1.8227895612744107e-14,0.0,1.434316455082502e-15,1.3630477919347087e-15,-8.76167744254289e-15,0.0,2.2184972934190915e-16,2.1814888640217534e-16,2.612736025854004e-08,1.2025337137812568e-08,1.1375689216949032e-08,1.0467461471518213e-08,8.036058759296984e-09,7.394464971886593e-09,1.3604617263374083e-13,1.2124373595656353e-13,7.61088448956996e-14,6.782785958511179e-14,7.492471942162784e-14,6.473482622329582e-14,9.61657351783569e-06,5.837458763576994e-06,1.4175416389587758e-08,8.604770553386815e-09,1.8708610199373626e-05,8.473048590863904e-06,2.566752759664707e-15,1.627010423585246e-15,6.292345291556337e-18,3.9885849307500304e-18,4.2484805398286117e-26,2.693022184031147e-26,3.492310852410505e-14,1.6067434947021234e-14,9.978080208760228e-22,4.590718335962433e-22,3.25862739650553e-17,1.4992303355182355e-17,1.0316109684259382e-21,1.0510521795715482e-21,-5.307135508856318e-19,0.0,-8.510129361698361e-20,0.0,1.1851092262193307e-18,1.1247250968443164e-18
0.006328125,0.6328125,487.36985895172944,99997.6425,0.020499538576469262,612013.7809340928,0.015422621408448476,0.02444187714042629,-4.87558166055204e-12,0.0,0.00010302905548034352,9.803073051692516e-05,4.027864646699036e-08,2.6127900988680505e-08,0.762545821438688,0.7771439076441332,0.22184299971076735,0.19793997926573464,2.337632575722643e-05,0.0003310521009378967,2.228189950913474e-05,1.3827950036326277e-05,5.077245459215154e-20,3.628457175009937e-20,-1.8327660142617638e-20,0.0,4.6450686911414617e-10,1.3156556468057022e-08,1.0694099830936717e-06,1.9083675406130653e-06,7.027766141202446e-06,1.1797777872580736e-05,1.610269590528473e-06,1.3928884000760988e-06,2.829746404296962e-06,2.3752013686042704e-06,2.1274013259527325e-22,3.5713493854435107e-22,4.325043321931753e-14,7.706501277178324e-14,2.671337741949184e-16,5.079419583491298e-16,1.3410429680473436e-17,2.733431469182328e-17,-2.934646948532787e-14,0.0,-1.9623217340992653e-14,0.0,1.0136218562476614e-15,9.63676480519159e-16,-9.411026409447145e-15,0.0,1.6059050844836231e-16,1.5798038243574066e-16,2.406180616716819e-08,1.1079473978422153e-08,1.076012162733378e-08,9.905354507535217e-09,7.886841014540643e-09,7.2603227825177856e-09,1.26737762943302e-13,1.1299733719595733e-13,7.264781638229763e-14,6.477161671200477e-14,7.266016954183981e-14,6.280561297976365e-14,9.305270304335868e-06,5.650952455920039e-06,1.3461829842553852e-08,8.175169331138173e-09,1.7930701431485174e-05,8.124275462162948e-06,2.1103207067330657e-15,1.338270634862836e-15,4.701388639604465e-18,2.9814095740928697e-18,2.4605866658207495e-26,1.5603935785194786e-26,3.404724690756322e-14,1.5671293611044528e-14,8.164453954960509e-22,3.7579412940321393e-22,3.212226722730749e-17,1.4785262448334543e-17,1.1089177502061795e-21,1.1303081311750716e-21,-5.025033857928819e-19,0.0,-8.209352372880336e-20,0.0,1.1102137439848404e-18,1.0541048141363728e-18
0.0063359375,0.6335937500000001,479.6400258627435,99997.6425,0.01956332398844958,539047.6797474818,0.014791446167265377,0.023451562117045174,-5.31105899142139e-12,0.0,9.850808315690764e-05,9.376897508823794e-05,3.813573452354499e-08,2.4748367107973168e-08,0.7626737082706679,0.7776050217233562,0.22235433463070972,0.19848064919418285,2.3039977960090047e-05,0.0003264276490766549,2.1140271643860296e-05,1.3125049022791566e-05,4.845851782526361e-20,3.464565277887109e-20,-1.7813127352268865e-20,0.0,3.7854306237122024e-10,1.0726305566624947e-08,9.727144325402616e-07,1.7365525378382057e-06,6.4911491316967736e-06,1.0901575854419902e-05,1.4256911973025865e-06,1.2337523091277962e-06,2.699143430226664e-06,2.266541428149525e-06,1.4406904478870354e-22,2.419571000716361e-22,3.455054292415481e-14,6.158946750636285e-14,1.9239295424226014e-16,3.6598158408279403e-16,1.0473162689864481e-17,2.1356403957940204e-17,-3.1938924813006845e-14,0.0,-2.106858689037195e-14,0.0,6.178710500568088e-16,5.876759534913874e-16,-1.0071358794126706e-14,0.0,1.162171121375536e-16,1.143768541586957e-16,2.210735982996843e-08,1.0183863702068069e-08,1.017552689700187e-08,9.371185393498595e-09,7.744149763288162e-09,7.132000522565007e-09,1.1879033118704817e-13,1.0595660774243723e-13,6.948692306605441e-14,6.197978048352804e-14,7.059996771372358e-14,6.105079651755249e-14,8.990931617184469e-06,5.462382837759878e-06,1.2767747172434073e-08,7.75696290451835e-09,1.7151580262020832e-05,7.774568266816411e-06,1.7374719326865659e-15,1.102295580410032e-15,3.518176132664482e-18,2.2320187907402063e-18,1.4207193899456782e-26,9.01339857685326e-27,3.3193167832652416e-14,1.5284679245894904e-14,6.711488443776796e-22,3.090483820129603e-22,3.1659733955321294e-17,1.457856872706883e-17,1.184147577641986e-21,1.2075027480497944e-21,-4.7532825405103375e-19,0.0,-7.915823518613465e-20,0.0,1.0383317048628435e-18,9.862751543309175e-19
0.00634375,0.634375,472.0917201301597,99997.6425,0.018654978970501182,475108.7748992012,0.014175299933198228,0.022484007032054033,-5.738771941146829e-12,0.0,9.413191080686971e-05,8.964054571328163e-05,3.6074654934624915e-08,2.3420541706104308e-08,0.7628016319570603,0.7780584277828076,0.22285035695944314,0.1990060236245917,2.270356071548599e-05,0.0003217949093352356,2.002884943757201e-05,1.2440180703801448e-05,4.639269071063911e-20,3.318245393291486e-20,-1.7335497911632892e-20,0.0,3.0883233337663883e-10,8.754633157691222e-09,8.847744382555084e-07,1.5802123466551576e-06,5.993933444902907e-06,1.0070706212431077e-05,1.2622455214490247e-06,1.0927647196577102e-06,2.571071991530277e-06,2.159893074866376e-06,9.755947982498993e-23,1.6391454269325564e-22,2.7255382437226283e-14,4.860536061823707e-14,1.374449269364443e-16,2.61564680598529e-16,8.183877250775667e-18,1.669512596759741e-17,-3.468726319218151e-14,0.0,-2.2559627328094626e-14,0.0,2.4667697786025665e-16,2.347194122154248e-16,-1.0737935292813568e-14,0.0,8.408663249933496e-17,8.27895161630782e-17,2.026576574896408e-08,9.339401215034402e-09,9.620354421521282e-09,8.863576790494958e-09,7.606379102963942e-09,7.008029259911183e-09,1.121081784541292e-13,1.0003789968214907e-13,6.659726887241922e-14,5.942698377969049e-14,6.873943593072319e-14,5.946660054389818e-14,8.674397135109508e-06,5.272262899560098e-06,1.2094066414238629e-08,7.350723821777292e-09,1.6374361536554518e-05,7.425348351260196e-06,1.4326949798586502e-15,9.093149344716548e-16,2.6380411198137695e-18,1.674334189566055e-18,8.18030929330735e-27,5.1919477024589854e-27,3.2363305101742375e-14,1.490873555145747e-14,5.54603456422169e-22,2.554880053730121e-22,3.1202366909542937e-17,1.437392860128115e-17,1.2572998428425075e-21,1.2826302389543591e-21,-4.491772443699831e-19,0.0,-7.629586893355759e-20,0.0,9.694181837776238e-19,9.21198995388764e-19
0.0063515625000000004,0.63515625,464.72754100500754,99997.6425,0.017774522342469692,418998.847328368,0.013574368354676975,0.021539563005022633,-6.1584273612092535e-12,0.0,8.989834334086022e-05,8.564363819689708e-05,3.409440189955858e-08,2.214387539179293e-08,0.7629294173136203,0.7785038435737914,0.22333105792501515,0.1995160387523172,2.2367142254336502e-05,0.00031715495184509416,1.8949777651063784e-05,1.1774720527148269e-05,4.408115081192412e-20,3.15418865120451e-20,-1.684896990897366e-20,0.0,2.5222066206544986e-10,7.152727069207655e-09,8.048245521554264e-07,1.438003366200617e-06,5.533469401435922e-06,9.300821842597605e-06,1.1176191594397698e-06,9.67948982130256e-07,2.445723627571578e-06,2.0554229260192465e-06,6.606463545965776e-23,1.1104342681410392e-22,2.1206968781421715e-14,3.783435102253362e-14,9.729297788490759e-17,1.8522844642838165e-16,6.398604122523372e-18,1.305845020482112e-17,-3.759371763029913e-14,0.0,-2.4091258318724862e-14,0.0,-1.0037302748269904e-16,0.0,-1.1405615145357668e-14,0.0,6.082939515149871e-17,5.991529264017821e-17,1.8537538510605637e-08,8.546413140839318e-09,9.093140139844626e-09,8.381227441034872e-09,7.471959462817644e-09,6.886970917082717e-09,1.0660444230450967e-13,9.51652458322493e-14,6.395248407576074e-14,5.709005869819481e-14,6.70732280389918e-14,5.804865466229936e-14,8.356517209771054e-06,5.081113206932268e-06,1.144156240645511e-08,6.956950173381091e-09,1.5602027650017645e-05,7.077979547661897e-06,1.1833622661746791e-15,7.51370437870341e-16,1.9830253361669514e-18,1.2591128327593656e-18,4.6985581468676066e-27,2.983327923395224e-27,3.155967250951572e-14,1.4544414206693763e-14,4.612380681560521e-22,2.1256359707579903e-22,3.0753257991143394e-17,1.4172774520826868e-17,1.3283754613216456e-21,1.3556864648157005e-21,-4.240385368083965e-19,0.0,-7.350681488759334e-20,0.0,9.034257508902273e-19,8.588366351711671e-19
0.0063593750000000004,0.6359375,457.5498731380964,99997.6425,0.0169219454613175,369693.2707348197,0.012988823329814861,0.02061855902002732,-6.5697371919995025e-12,0.0,8.580523088570522e-05,8.177648255173187e-05,3.2193896491174074e-08,2.0917767839997873e-08,0.7630568878802954,0.7789409925827587,0.22379644379739155,0.20001064671648883,2.203079878403258e-05,0.00031250896687649556,1.790481587421219e-05,1.1129805920002295e-05,4.2142131990067895e-20,3.016633060498558e-20,-1.6459613001993907e-20,0.0,2.061810291019178e-10,5.8493948427210795e-09,7.321658015564051e-07,1.308697787937771e-06,5.1072800608464335e-06,8.587855505183006e-06,9.897321223908012e-07,8.575264755581812e-07,2.323279035219099e-06,1.953288679588872e-06,4.473967142565956e-23,7.522944286890205e-23,1.625588194907049e-14,2.9012788433636256e-14,6.814480617280224e-17,1.2978670030073763e-16,5.005441245350331e-18,1.0219273120772913e-17,-4.065985753817191e-14,0.0,-2.5657707002490608e-14,0.0,-4.23720116723544e-16,0.0,-1.2068931900175833e-14,0.0,4.399984043322349e-17,4.3355732766244766e-17,1.6922093677892168e-08,7.80471689586252e-09,8.592503870631067e-09,7.922909968955442e-09,7.3393920815923425e-09,6.767450275823955e-09,1.0220040182404534e-13,9.126976181262719e-14,6.152850239564196e-14,5.494784421695554e-14,6.559541941900029e-14,5.6792071066321533e-14,8.038147632518171e-06,4.889458677063988e-06,1.081088859851884e-08,6.5760664622478955e-09,1.4837410468104038e-05,6.733759697945241e-06,9.79201595423624e-16,6.219847578588005e-16,1.4951435413605096e-18,9.49708923967742e-19,2.693030341688436e-27,1.7106016093211457e-27,3.078387711256739e-14,1.4192480476610287e-14,3.8677765529642646e-22,1.7831848475456128e-22,3.031493744226164e-17,1.3976282332004085e-17,1.3973769740009475e-21,1.4266690534246285e-21,-3.998179990353722e-19,0.0,-7.093421365294758e-20,0.0,8.462630721073836e-19,8.048125298361866e-19
0.0063671875000000005,0.63671875,450.5608674196113,99997.6425,0.016097210422797624,326311.4862854431,0.012418821384532203,0.019721299226089346,-6.972420317738088e-12,0.0,8.185045443834908e-05,7.803732935478716e-05,3.0371985446174645e-08,1.9741566881012067e-08,0.7631838665852664,0.7793696056078219,0.22424653688814225,0.2004898167823424,2.1694614266640997e-05,0.00030785826192802207,1.6895370307902946e-05,1.050635541147098e-05,4.071994999842746e-20,2.915948575060467e-20,-1.6128326426148396e-20,0.0,1.686777104923432e-10,4.787255135300551e-09,6.661594755934933e-07,1.1911728320351426e-06,4.7130478413396075e-06,7.92799823393414e-06,8.767214182792718e-07,7.599029480535242e-07,2.203907012651085e-06,1.8536381861855415e-06,3.0299944758262235e-23,5.0968697246138474e-23,1.2260923122322256e-14,2.1891158471889795e-14,4.7134245577466534e-17,8.98050237195571e-17,3.917358398809986e-18,8.000876863305456e-18,-4.388654097811287e-14,0.0,-2.7252532032084686e-14,0.0,-7.238360715263459e-16,0.0,-1.2722182111612629e-14,0.0,3.1822705938840335e-17,3.136889179303575e-17,1.5417884141066517e-08,7.113682511532327e-09,8.117145889561485e-09,7.487467964968515e-09,7.207288455850076e-09,6.648191638006913e-09,9.882478181879982e-14,8.828904500642425e-14,5.930335443357916e-14,5.298100772150823e-14,6.429960175421891e-14,5.569152593333598e-14,7.720144042054184e-06,4.697825125688587e-06,1.0202579279597586e-08,6.208424742522038e-09,1.4083174880926425e-05,6.3939129039888676e-06,8.118613822676999e-16,5.158888658201692e-16,1.1312906721945832e-18,7.188668836066891e-19,1.5407460137952452e-27,9.790510189726996e-28,3.0037139511358383e-14,1.3853522094496683e-14,3.279030383548747e-22,1.5123317534894046e-22,2.988941929454819e-17,1.3785391596031276e-17,1.4643086483143946e-21,1.4955775134199579e-21,-3.7658663246512625e-19,0.0,-6.843174384642412e-20,0.0,7.916530282536307e-19,7.531662618041866e-19
0.0063750000000000005,0.6375000000000001,443.76242215122676,99997.6425,0.015300248340636789,288089.75523645035,0.011864502042035784,0.01884806021843984,-7.36620495741436e-12,0.0,7.803191238563692e-05,7.442443689160496e-05,2.862744036400904e-08,1.8614567862146684e-08,0.763310176458437,0.7797894223887747,0.22468137650568587,0.20095353648437897,2.1358680172797186e-05,0.00030320425841177804,1.5922523930600488e-05,9.90508682832749e-06,3.888704237262792e-20,2.7857333364578354e-20,-1.577747628929958e-20,0.0,1.3805371370842195e-10,3.919574950072592e-09,6.062216263088148e-07,1.0844012226975572e-06,4.3486025591080905e-06,7.317680051989114e-06,7.769252838343604e-07,6.736553628627578e-07,2.0877634272467654e-06,1.7566085400052693e-06,2.0517589087038857e-23,3.4526299043508846e-23,9.089023325567346e-15,1.6233972164761213e-14,3.2088712772949644e-17,6.116153422066751e-17,3.0666292844797215e-18,6.265670633450944e-18,-4.727387175149601e-14,0.0,-2.886866005677271e-14,0.0,-1.0012247347955115e-15,0.0,-1.3359523333133912e-14,0.0,2.3008089546144244e-17,2.2688439841134608e-17,1.4022539973719567e-08,6.472296298073669e-09,7.66584316457687e-09,7.073812740987043e-09,7.074431383646008e-09,6.528075487914831e-09,9.641309038128038e-14,8.616660110478489e-14,5.725697853120008e-14,5.11718814328253e-14,6.31789788430765e-14,5.474134201241635e-14,7.403356048973152e-06,4.5067356310428935e-06,9.617052265232713e-09,5.854306050205099e-09,1.3341804213474044e-05,6.059582610399391e-06,6.745543929151886e-16,4.287984919738129e-16,8.592092199086928e-19,5.461792579759625e-19,8.799548337824973e-28,5.593667607742385e-28,2.932032030661766e-14,1.3527961041074944e-14,2.8199815420678766e-22,1.301097670104049e-22,2.947825147260151e-17,1.3600828139328261e-17,1.5291765747264765e-21,1.5624133436981776e-21,-3.543297251307954e-19,0.0,-6.5999598756718e-20,0.0,7.395457897569844e-19,7.038547609277334e-19
0.0063906250000000005,0.6390625000000001,430.73771474003047,99997.6425,0.013778105122663156,224529.30111033932,0.010795660762244277,0.017162423176798718,-8.13166905265635e-12,0.0,7.074338081217843e-05,6.752138618011087e-05,2.534074863553503e-08,1.648929595183087e-08,0.7635618412570728,0.780607529248427,0.22551159682405048,0.2018411397003839,2.0683164454682682e-05,0.0002938259175279143,1.4074761717025078e-05,8.761927588298684e-06,3.491267347606402e-20,2.5028220165543763e-20,-1.4883348106132935e-20,0.0,9.302375404531069e-11,2.6429988451855372e-09,5.021061991477085e-07,8.988068810108574e-07,3.6977353912802484e-06,6.226898145139e-06,6.107637012627389e-07,5.299610679807909e-07,1.8639574572014162e-06,1.5694299354458386e-06,9.448534176082117e-24,1.5911106044545286e-23,4.794169083648183e-15,8.569059490178821e-15,1.4716653801551524e-17,2.807032110367773e-17,1.9057202077817944e-18,3.896526679191397e-18,-5.4565269964365494e-14,0.0,-3.216259895901988e-14,0.0,-1.4936706018860627e-15,0.0,-1.4578004749025227e-14,0.0,1.207929748115549e-17,1.1920047412072287e-17,1.1525003886933536e-08,5.323349944452507e-09,6.8253576832099894e-09,6.302767350858013e-09,6.801977846853738e-09,6.281177615038442e-09,9.42494176287157e-14,8.429345711171038e-14,5.3614115296628736e-14,4.7950631866416263e-14,6.14225159656133e-14,5.325773248351746e-14,6.771834160591302e-06,4.1252663306788035e-06,8.50662254315122e-09,5.182064819199715e-09,1.1894341174329341e-05,5.406058872139001e-06,4.706285136550596e-16,2.9938272866052483e-16,5.055446237455853e-19,3.215940482253535e-19,2.8718240831703324e-28,1.826864512681659e-28,2.796738947664403e-14,1.2913019175225163e-14,2.21681151403518e-22,1.0235395624787208e-22,2.869636437935925e-17,1.3249599280596836e-17,1.6536582257683246e-21,1.690815772263877e-21,-3.123643307562496e-19,0.0,-6.13128255812049e-20,0.0,6.418978099794113e-19,6.113587178408812e-19
0.0064062500000000005,0.640625,418.47488356691855,99997.6425,0.012364800504602473,174910.87198580144,0.009790621280912891,0.015575179649344777,-8.858601589488127e-12,0.0,6.397258295952445e-05,6.110023220813561e-05,2.2344052479330805e-08,1.4549164372030126e-08,0.7638085331443595,0.7813875030384924,0.2262820606175241,0.202667621383414,2.0010160311495395e-05,0.0002844573237447735,1.2378152561097602e-05,7.710949796285196e-06,3.198725919220334e-20,2.294654611356892e-20,-1.41697880370931e-20,0.0,6.286801727709949e-11,1.7874187578107872e-09,4.1627638221030666e-07,7.456688699972195e-07,3.1423373561612416e-06,5.295197660027487e-06,4.807970185855448e-07,4.174706519603327e-07,1.654478675917531e-06,1.3939928499571236e-06,4.3613477170927075e-24,7.349369468823672e-24,2.4125485176328e-15,4.315084481548204e-15,6.416353874892691e-18,1.2246727404558991e-17,1.1919591155121128e-18,2.4387838485118073e-18,-6.246187111200433e-14,0.0,-3.544153654810876e-14,0.0,-1.9027976489054363e-15,0.0,-1.5665070200281524e-14,0.0,6.353746382127747e-18,6.2742181853633606e-18,9.410026207840165e-09,4.34938853078641e-09,6.067385893075829e-09,5.606617321780096e-09,6.514228095019092e-09,6.019525495690133e-09,9.525785619705354e-14,8.525295273605911e-14,5.0479852996439736e-14,4.5177969497090194e-14,6.027137376917755e-14,5.2294931241911725e-14,6.155307850705022e-06,3.7522251731804443e-06,7.48863377089679e-09,4.56500971672273e-09,1.0522962298265005e-05,4.785990471122207e-06,3.312374930128713e-16,2.108537995195966e-16,3.0402885300322427e-19,1.9353376405618345e-19,9.368331821723472e-29,5.963540968153565e-29,2.673571383041595e-14,1.2352676994126075e-14,1.9166574453772875e-22,8.855514568007377e-23,2.798062516061486e-17,1.2927862218123355e-17,1.7700281443177834e-21,1.8110237369500928e-21,-2.740608603106438e-19,0.0,-5.690708087397158e-20,0.0,5.534997532945333e-19,5.275226154954174e-19
0.0064218750000000005,0.6421875,406.97837503458504,99997.6425,0.011058477637331761,136139.99428160358,0.00884966036584346,0.014087178228673775,-9.545587386131045e-12,0.0,5.770194814463806e-05,5.5146003411656784e-05,1.962505131940804e-08,1.2786789078437274e-08,0.7640489657791321,0.7821278311125448,0.22699379975204795,0.20343366947951264,1.934063124263736e-05,0.0002751134283524576,1.0832424662415307e-05,6.752309094447099e-06,2.953754027359513e-20,2.1202604642472995e-20,-1.3282105051463675e-20,0.0,4.2661103943929616e-11,1.213677301022216e-09,3.455891278452237e-07,6.194395132076201e-07,2.6693802344357352e-06,4.5010558400426175e-06,3.791961235669708e-07,3.294599785454026e-07,1.4600132382491462e-06,1.2309226366078165e-06,2.023357400938545e-24,3.4117449917782194e-24,1.2396491871518884e-15,2.2186389822671684e-15,2.679108432658161e-18,5.116778614646892e-18,7.513197308797984e-19,1.5381947961564196e-18,-7.093462382679478e-14,0.0,-3.863452620664406e-14,0.0,-2.233796565898652e-15,0.0,-1.6581071646634162e-14,0.0,3.3575649750388986e-18,3.3176361927891605e-18,7.639634770002995e-09,3.533332931845602e-09,5.384457420678224e-09,4.978698609080587e-09,6.205875564586432e-09,5.738216802101087e-09,9.910772190921522e-14,8.875456760011791e-14,4.7748257619045636e-14,4.276030037820277e-14,5.966600680122142e-14,5.180242274773177e-14,5.559638020722133e-06,3.3912532508819786e-06,6.562648847217925e-09,4.003067133970335e-09,9.239811004014392e-06,4.205053211738902e-06,2.352948642403518e-16,1.4987492640909656e-16,1.8778557238821587e-19,1.1961310304514213e-19,3.071358945141312e-29,1.9563524999371075e-29,2.5622679411722952e-14,1.1845910217263311e-14,1.832570891061658e-22,8.472365396865758e-23,2.7331863764097594e-17,1.2636102533126964e-17,1.878413487703071e-21,1.9231349532223893e-21,-2.3926923263297756e-19,0.0,-5.278090800481526e-20,0.0,4.738864035771544e-19,4.5193137447574345e-19
0.0064375000000000005,0.64375,396.2474856960244,99997.6425,0.00985669925525812,105834.44391914773,0.007972657393069878,0.012698614093129222,-1.0191667357399997e-11,0.0,5.1913289445450425e-05,4.964299028219083e-05,1.7170411102458974e-08,1.1194049207537879e-08,0.7642819350512295,0.7828272957502209,0.22764816503980367,0.20414032886214245,1.867562069927966e-05,0.00026581042338340126,9.434593166366172e-06,5.8844466877275424e-06,2.792308035748617e-20,2.0055524883218762e-20,-1.245015185694745e-20,0.0,2.9092528747932925e-11,8.281489015334412e-10,2.8741498078363456e-07,5.154707808588634e-07,2.267410495106082e-06,3.8255151913488876e-06,2.9978950693328326e-07,2.6062196963680123e-07,1.2809846694139675e-06,1.0806217760976926e-06,9.458924058402812e-25,1.5958847221240584e-24,7.465894363514791e-16,1.3369818085359534e-15,1.0975837071739179e-18,2.0974895471731025e-18,4.779156276658373e-19,9.790245752108202e-19,-7.994013421029002e-14,0.0,-4.1668297770837905e-14,0.0,-2.492329432855805e-15,0.0,-1.729407549397036e-14,0.0,1.7870670369224546e-18,1.766855352611798e-18,6.173057070090386e-09,2.8567226262559075e-09,4.769905164352505e-09,4.41305613710046e-09,5.874423940839697e-09,5.4349429875031046e-09,1.0552375643685077e-13,9.455604088463325e-14,4.533110231875471e-14,4.0619569554110387e-14,5.95480952175166e-14,5.1730513633879645e-14,4.990046676851129e-06,3.045608899205277e-06,5.726833905093806e-09,3.4952972256825548e-09,8.05361513415967e-06,3.667373119944028e-06,1.6875988522869226e-16,1.075577167048316e-16,1.1953973379155801e-19,7.618766038327091e-20,1.0172056693274507e-29,6.483076180326127e-30,2.462338450546278e-14,1.1390622492886356e-14,1.901972885574349e-22,8.798406704194857e-23,2.674837402825818e-17,1.2373629254208351e-17,1.978976148709627e-21,2.0272856266381234e-21,-2.0782580210661602e-19,0.0,-4.893143395161308e-20,0.0,4.025649742838576e-19,3.841404562150463e-19
0.0064531250000000005,0.6453125000000001,386.2761479608489,99997.6425,0.008756445054285144,82153.33039419999,0.007159068494575521,0.011408984125334557,-1.0796388000914862e-11,0.0,4.658764931850321e-05,4.457459619320173e-05,1.496587273261543e-08,9.762157286368855e-09,0.7645063438135252,0.7834850139219808,0.2282468276476584,0.20478900728464802,1.801623501452593e-05,0.0002565654872245538,8.179527747285298e-06,5.104437842332487e-06,2.6810530361349247e-20,1.926696667917254e-20,-1.1978732834561775e-20,0.0,1.9953611433661088e-11,5.683105305008582e-10,2.395582554771751e-07,4.2987583075410236e-07,1.926375968737836e-06,3.2519066106323937e-06,2.377198707700362e-07,2.0677465977013668e-07,1.1175504769561704e-06,9.432659674711028e-07,4.467306516398366e-25,7.5412400425215525e-25,5.7709515169258305e-16,1.0340185210107807e-15,4.621238069434333e-19,8.836041167094574e-19,3.0729736589121555e-19,6.298518853159255e-19,-8.942131579535648e-14,0.0,-4.447075989619956e-14,0.0,-2.6844477268827247e-15,0.0,-1.7782034727149542e-14,0.0,9.603957997118692e-19,9.500525740817808e-19,4.9693466132291866e-09,2.300934771210194e-09,4.217742313075386e-09,3.904334198276484e-09,5.51994481824263e-09,5.10977383792545e-09,1.142728390379041e-13,1.0245172824304555e-13,4.315525707882407e-14,3.869100223397709e-14,5.986174049566758e-14,5.203139753486885e-14,4.450973039800548e-06,2.718076796483918e-06,4.978146471495915e-09,3.0400059251488235e-09,6.969779282583032e-06,3.175561189944808e-06,1.2225502881365242e-16,7.796080589141014e-17,7.857018979151053e-20,5.0103422121995976e-20,3.4204302985962484e-30,2.181174101070449e-30,2.373154557257507e-14,1.0984061860502959e-14,2.079171384356742e-22,9.62337115149974e-23,2.6227001382649205e-17,1.213907474848283e-17,2.071913271867228e-21,2.1236512042789096e-21,-1.795546671906592e-19,0.0,-4.535430179488945e-20,0.0,3.390196232252865e-19,3.236801998131773e-19
0.0064687500000000005,0.6468750000000001,377.052872834653,99997.6425,0.0077541279446283395,63666.20099575602,0.0064079132382101524,0.010217062495249134,-1.1359793278060469e-11,0.0,4.170521586569235e-05,3.9923256770461776e-05,1.2996396093489782e-08,8.481753771828254e-09,0.764721224233932,0.7841004678758947,0.22879177003951545,0.20538146983741534,1.7363624044235056e-05,0.00024739649340153007,7.060444227238154e-06,4.408295362018643e-06,2.5199221298812368e-20,1.8118157486901343e-20,-1.1515279007925025e-20,0.0,1.37746112294318e-11,3.9252065207691425e-10,2.0019020299937022e-07,3.594129118539537e-07,1.637479563102553e-06,2.765615943115239e-06,1.8917348043997188e-07,1.6463078622806521e-07,9.696093111290925e-07,8.188092938304538e-07,2.1369746377375364e-25,3.6092365738977505e-25,5.207498392199156e-16,9.335315611400897e-16,2.1057529309896066e-19,4.028336772322476e-19,2.0020957180632405e-19,4.105663971438275e-19,-9.930865921623953e-14,0.0,-4.697460569453669e-14,0.0,-2.816490991374849e-15,0.0,-1.8033952861057526e-14,0.0,5.223246410982104e-19,5.169599161239856e-19,3.989329848741782e-09,1.8480934691880028e-09,3.722556331532374e-09,3.4476819037292967e-09,5.1448889698070475e-09,4.764989168236032e-09,1.2515169787311357e-13,1.1226179605185326e-13,4.116062876132667e-14,3.69213218030403e-14,6.055402686740441e-14,5.2659671911211587e-14,3.945966202559196e-06,2.4108994023520915e-06,4.312537894383926e-09,2.6348667217290956e-09,5.9906045207486e-06,2.7308074501847894e-06,8.949187302741425e-17,5.709685063716785e-17,5.330294839150811e-20,3.4007897922734326e-20,1.1733751955232109e-30,7.486269536410681e-31,2.2940142942832084e-14,1.0623118718583411e-14,2.3300924911156294e-22,1.079018959039896e-22,2.5763871783327347e-17,1.1930730740723923e-17,2.1574567989697064e-21,2.2124460675680123e-21,-1.5426944444434454e-19,0.0,-4.2043648066894656e-20,0.0,2.82716972764659e-19,2.7006117151039317e-19
0.0064843750000000006,0.6484375,368.5608627539323,99997.6425,0.006845629994140791,49255.39783229868,0.005717775600336557,0.009120899691019469,-1.1882365118699497e-11,0.0,3.724530768563506e-05,3.5670426356725304e-05,1.1246335745126692e-08,7.343023393436116e-09,0.7649257564848538,0.7846735242558299,0.22928526604332003,0.20591982124406424,1.671896002277438e-05,0.0002383216903065705,6.0693324947105675e-06,3.7912352516907603e-06,2.3033329813103118e-20,1.6568560637831945e-20,-1.1060450304434171e-20,0.0,9.577835501047736e-12,2.7305597273737544e-10,1.6779240407102698e-07,3.0138684834541117e-07,1.3930519078589723e-06,2.353880583827279e-06,1.5116383354613497e-07,1.316133188638981e-07,8.36818409702217e-07,7.069982804211062e-07,1.0379926444451753e-25,1.7539265537278043e-25,4.664191396317041e-16,8.365220050424439e-16,1.0403587037509533e-19,1.9911437149211137e-19,1.3270870508683529e-19,2.7226958024906445e-19,-1.0952209825550408e-13,0.0,-4.912071422150271e-14,0.0,-2.894972282852996e-15,0.0,-1.8049990648283845e-14,0.0,2.880198118217078e-19,2.8519365786776656e-19,3.1969190606512713e-09,1.481688029696508e-09,3.2794186626692813e-09,3.0386726728807817e-09,4.753771286593197e-09,4.404791332723111e-09,1.379758136634364e-13,1.2382243765240592e-13,3.929850389064872e-14,3.5267315470973615e-14,6.157512417792037e-14,5.3572456586712e-14,3.4776215574556234e-06,2.125735341262259e-06,3.7251628118953995e-09,2.2770477207978925e-09,5.115613053443501e-06,2.333024295611122e-06,6.623207023729002e-17,4.2276403257233555e-17,3.7230433764805077e-20,2.3764451656781322e-20,4.125032850107651e-31,2.6330379164609066e-31,2.2241826529649575e-14,1.030451391277832e-14,2.6286707777149657e-22,1.2178484786296207e-22,2.535481672476386e-17,1.1746744870435331e-17,2.2358719711933396e-21,2.2939220804855232e-21,-1.317754611159152e-19,0.0,-3.8992129548653963e-20,0.0,2.3311245236391437e-19,2.2278035108951496e-19
0.006500000000000001,0.65,360.77829562387365,99997.6425,0.006026357451021022,38043.67028804299,0.0050868200091947376,0.008117846375048622,-1.2364930802027031e-11,0.0,3.3186423310635395e-05,3.1796628111422634e-05,9.69964174745721e-09,6.335828980844977e-09,0.7651192826678229,0.7852044401982167,0.2297298504060936,0.2064064761937934,1.6083415365661406e-05,0.00022935936318598885,5.1973302560696005e-06,3.24791012471992e-06,2.1576570470582302e-20,1.552724323341537e-20,-1.0614878859206065e-20,0.0,6.712393859742983e-12,1.9144570305771997e-10,1.411084206319741e-07,2.5356471361846836e-07,1.1864370779888795e-06,2.0056064735632553e-06,1.2135825738973653e-07,1.0570734383251392e-07,7.186201169271878e-07,6.073938455232011e-07,5.131801521480178e-26,8.675027562328827e-26,3.4508161017336183e-16,6.191654395250928e-16,4.887980572668997e-20,9.359073510503045e-20,9.016364487743684e-20,1.8506106408758522e-19,-1.19973399144475e-13,0.0,-5.086105713296285e-14,0.0,-2.9264567844567648e-15,0.0,-1.784061796661372e-14,0.0,1.611627322564597e-19,1.5964892833330468e-19,2.5598745912562125e-09,1.1869371031523222e-09,2.8838096202610174e-09,2.6732373943019247e-09,4.352694656481115e-09,4.034866254669862e-09,1.5257013922682597e-13,1.3697768218889673e-13,3.753017300170651e-14,3.369464127105008e-14,6.287816029123905e-14,5.472931048395098e-14,3.0475642270211244e-06,1.8636468757846519e-06,3.210588166781322e-09,1.96333929680679e-09,4.341949803684952e-06,1.981026375851141e-06,4.960176449899396e-17,3.167456889427035e-17,2.6664176691070396e-20,1.702714228296126e-20,1.4921564278307762e-31,9.528574648854047e-32,2.1629155601944446e-14,1.0024910652225977e-14,2.9546307702754153e-22,1.3694436355927756e-22,2.4995596864193003e-17,1.1585224586394293e-17,2.3074547806886396e-21,2.3683659789500032e-21,-1.118722848325764e-19,0.0,-3.6191000476696753e-20,0.0,1.8965720544795488e-19,1.813279045414793e-19
0.006515625000000001,0.6515625,353.6787685723946,99997.6425,0.005291312758974729,29340.24458956385,0.0045128221092084475,0.007204601588773244,-1.2808548271848108e-11,0.0,2.9506348855932953e-05,2.8281561832406627e-05,8.34007686263927e-09,5.449856949994491e-09,0.7653013151973727,0.7856938557957779,0.23012827900862115,0.20684411881890777,1.5458140312065047e-05,0.00022052749222298992,4.435049375220763e-06,2.7726142162724903e-06,1.9566186609427504e-20,1.408592686377365e-20,-1.017915861122557e-20,0.0,4.744311506043157e-12,1.3536571639678766e-10,1.1910229539091618e-07,2.141032770554931e-07,1.0118874972590609e-06,1.7111990864757317e-06,9.793913848128644e-08,8.53413297729747e-08,6.142754957866353e-07,5.193994737961493e-07,2.588102084088825e-26,4.376729561334717e-26,6.549956396698986e-17,1.1756839726117948e-16,8.950651559871569e-21,1.7144520208163074e-20,6.362431165889583e-20,1.306393436335277e-19,-1.3056895422790845e-13,0.0,-5.2160872255036026e-14,0.0,-2.9174398977373816e-15,0.0,-1.74250233318962e-14,0.0,9.129820430369853e-20,9.047548492731607e-20,2.050122497081894e-09,9.509465898779857e-10,2.531557791458066e-09,2.347610726065056e-09,3.948751249324667e-09,3.661828625345421e-09,1.68762352975879e-13,1.5157345156813588e-13,3.582574007988569e-14,3.2176791702278024e-14,6.441906862869559e-14,5.609212450816613e-14,2.656478456197324e-06,1.6251159560398823e-06,2.762994504969343e-09,1.6902777607704654e-09,3.664830306522044e-06,1.6727330100208368e-06,3.7638923053021006e-17,2.404462858466611e-17,1.9491086524204267e-20,1.2451364124470259e-20,5.573538763834547e-32,3.560507544008607e-32,2.1094758087922306e-14,9.780989499440054e-15,3.2922637752265065e-22,1.5265212940893685e-22,2.4682030355372525e-17,1.1444297143610291e-17,2.3725284370576936e-21,2.436095667014381e-21,-9.435647980900877e-20,0.0,-3.3630237357611155e-20,0.0,1.5180524745808064e-19,1.4519423657242774e-19
0.006531250000000001,0.6531250000000001,347.2318783118929,99997.6425,0.004635180140619783,22600.211471402854,0.0039932127656892615,0.006377282961931905,-1.3214371062517207e-11,0.0,2.618231505066589e-05,2.510426104813968e-05,7.151439940296611e-09,4.674767614312653e-09,0.7654715392730111,0.7861427733417752,0.23048348164268742,0.2072356532698468,1.4844241371422743e-05,0.00021184342169434933,3.7728590485044513e-06,2.3594623318514713e-06,1.7734773259255036e-20,1.2771924998308751e-20,-9.75383592991196e-21,0.0,3.38362041682242e-12,9.657586519637961e-11,1.0092286909250478e-07,1.814864697217318e-07,8.64465722038086e-07,1.462404680400366e-06,7.94932214735094e-08,6.929225655301682e-08,5.229025528776704e-07,4.4229350061373203e-07,1.3340389573496515e-26,2.256775214250315e-26,-5.602212795474392e-16,0.0,-3.1958992501834426e-20,0.0,4.7627768858164255e-20,9.782787308800055e-20,-1.4121282471757475e-13,0.0,-5.299994589422587e-14,0.0,-2.874230748899585e-15,0.0,-1.6829049863905663e-14,0.0,5.1690078060858095e-20,5.124215113950744e-20,1.6437408048017657e-09,7.627129698937172e-10,2.2187928526007634e-09,2.0582895944141455e-09,3.54937425871254e-09,3.2926192703505955e-09,1.8637922346384302e-13,1.6745439387810868e-13,3.416304449678658e-14,3.069415036140046e-14,6.615655781845753e-14,5.762511824586636e-14,2.304177957375426e-06,1.4100858521235732e-06,2.3763630561413656e-09,1.4542609064756837e-09,3.078004557666916e-06,1.405379120690674e-06,2.8993906537476916e-17,1.852845044005143e-17,1.4481001057242557e-20,9.254031017332505e-21,2.156012811170255e-32,1.3777921394707067e-32,2.0631478057360924e-14,9.569518072197153e-15,3.629768607279607e-22,1.6835990222650697e-22,2.4410108696810244e-17,1.1322163912298127e-17,2.4314389846910017e-21,2.497455563689005e-21,-7.902445938465557e-20,0.0,-3.1298705021947743e-20,0.0,1.190205350975619e-19,1.1387698838532533e-19
0.006546875000000001,0.6546875000000001,341.4039058200526,99997.6425,0.004052420311527553,17393.456162044895,0.003525132844117837,0.005631514945966199,-1.3583587397351461e-11,0.0,2.319119265065826e-05,2.2243288678193804e-05,6.117784802209103e-09,4.000343124712682e-09,0.7656298095031816,0.7865525247472395,0.23079850980582997,0.2075841479983182,1.4242761510239834e-05,0.00020332355478501862,3.201128169812006e-06,2.002543910124516e-06,1.5787889503539846e-20,1.1373426205092681e-20,-9.339401665303075e-21,0.0,2.4359255551974217e-12,6.954845697842059e-11,8.587313649322034e-08,1.5447155087686922e-07,7.399520264310958e-07,1.2521601312069748e-06,6.492364628455517e-08,5.6610113705777446e-08,4.435164109284239e-07,3.7526322481954597e-07,7.038916975987122e-27,1.1911381940147685e-26,-1.847053601591956e-15,0.0,-8.098210816053336e-20,0.0,3.8871691925896466e-20,7.986791278503295e-20,-1.5180642479990539e-13,0.0,-5.3372940837314993e-14,0.0,-2.8028463880566617e-15,0.0,-1.6082931807471814e-14,0.0,2.7940205557430554e-20,2.77067941890905e-20,1.3207215194009003e-09,6.130213019305478e-10,1.941910266488547e-09,1.8020025233229545e-09,3.1617223290342786e-09,2.9339314556839237e-09,2.0524640128349946e-13,1.8446378577158992e-13,3.2526645346233884e-14,2.923309788378994e-14,6.805228693052839e-14,5.929501323471432e-14,1.9897090726581498e-06,1.2180234074750713e-06,2.0446437193608587e-09,1.251652286432678e-09,2.5742092706654064e-06,1.1757218930733636e-06,2.2730813886103448e-17,1.4530610732248635e-17,1.0900350792727574e-20,6.968019491414412e-21,8.656670079023436e-33,5.533752719373311e-33,2.023255200992693e-14,9.387434219882444e-15,3.958826029562618e-22,1.8368033316925936e-22,2.4176150328567164e-17,1.1217172247379445e-17,2.4845502667701624e-21,2.552811210942757e-21,-6.56752974132805e-20,0.0,-2.918435466672164e-20,0.0,9.078361244200729e-20,8.688765005879453e-20
0.006562500000000001,0.65625,336.1585673578528,99997.6425,0.0035373693210187544,13379.824080059363,0.003105495582680124,0.004962529893259698,-1.3918035858724627e-11,0.0,2.0509713690078694e-05,1.9676958938908795e-05,5.223624476744342e-09,3.4166261686067447e-09,0.7657761411529656,0.7869247293297512,0.2310764822740404,0.20789277675136908,1.3654662893710759e-05,0.0001949830868015917,2.710428148944906e-06,1.6960527307778255e-06,1.4419883965848183e-20,1.0390859404677776e-20,-8.93628490950339e-21,0.0,1.7692664180896762e-12,5.052882378112968e-11,7.338402224844182e-08,1.3204293231641176e-07,6.347575530879293e-07,1.074451093269018e-06,5.338049852675075e-08,4.655820375082365e-08,3.750688843471093e-07,3.1743865896316335e-07,3.803313496884982e-27,6.437850679985221e-27,-3.840074560739363e-15,0.0,-1.2860211127636301e-19,0.0,3.5407433376632745e-20,7.277057465963079e-20,-1.6224959156668425e-13,0.0,-5.328883567786066e-14,0.0,-2.708921335867748e-15,0.0,-1.521907213728732e-14,0.0,1.2759085206926446e-20,1.265606470312025e-20,1.0646005820831253e-09,4.942805010023062e-10,1.6975459988645686e-09,1.5756881004992728e-09,2.7921774532487264e-09,2.5917417204064734e-09,2.2519085864344939e-13,2.024458088510354e-13,3.090683852997495e-14,2.7785141736751993e-14,7.007118206608592e-14,6.107132699338853e-14,1.711476679406856e-06,1.0479957151495362e-06,1.7619025591178014e-09,1.0788732062106658e-09,2.1455857603100613e-06,9.80232506245527e-07,1.8195091649049265e-17,1.1634443013176434e-17,8.297412641407963e-21,5.305594299565669e-21,3.6105772631990014e-33,2.308702600877214e-33,1.9891786441434198e-14,9.231929860635615e-15,4.274127697312619e-22,1.9836552756668921e-22,2.3976964028988142e-17,1.112789194868523e-17,2.0583441840880048e-21,2.1154919366425647e-21,-5.395382946820375e-20,0.0,-2.7116472554109956e-20,0.0,7.0782651424645e-20,6.776413283431339e-20
0.006593750000000001,0.659375,327.22802631738296,99997.6425,0.0026787929072349457,7907.560073771473,0.0023916076488305214,0.003823585433348246,-1.4504707562963969e-11,0.0,1.5941826534232816e-05,1.5301891048965865e-05,3.77846669210417e-09,2.4725766152926855e-09,0.7660358762181521,0.787569912648717,0.23153857907127937,0.20840861182388415,1.2514483450553398e-05,0.00017878765646064682,1.9264466313480324e-06,1.2060549023220124e-06,1.1028509311082853e-20,7.950879319986924e-21,-8.160175952846979e-21,0.0,9.651280319646344e-13,2.7576524384920226e-11,5.438378257418217e-08,9.790203151007546e-08,4.703083772263453e-07,7.964713053722869e-07,3.685052582902925e-08,3.215628914470477e-08,2.6511904970954973e-07,2.2449070208630416e-07,1.2038495946802033e-27,2.0387297028421485e-27,-4.433630353928645e-15,0.0,-1.158837844679246e-19,0.0,4.0640599986171796e-20,8.356609598787437e-20,-1.8251255504266836e-13,0.0,-5.1885153208982685e-14,0.0,-2.4710453672207805e-15,0.0,-1.3239935128672523e-14,0.0,1.7878617506488185e-21,1.77427824115511e-21,6.984571220015164e-10,3.2444058340788767e-10,1.2903686146217904e-09,1.1983153978716428e-09,2.116743931518723e-09,1.9657381757023786e-09,2.678603761512198e-13,2.409212747088012e-13,2.7685031600869115e-14,2.490070834466891e-14,7.438907729814568e-14,6.486579263126182e-14,1.24800512523657e-06,7.645634535397508e-07,1.3149405723291136e-09,8.055700131751542e-10,1.470451221553267e-06,6.721132997775445e-07,1.2646086646306116e-17,8.090142046619573e-18,5.0102658428119615e-21,3.205241549686416e-21,7.060098384105873e-34,4.51659081485177e-34,1.9354418325416048e-14,8.986849661944456e-15,4.859613910749199e-22,2.256467691082533e-22,2.366642952755253e-17,1.0989048630814162e-17,1.5983037004187292e-21,1.6434682835865392e-21,-3.5272459082984745e-20,0.0,-2.3552688937940318e-20,0.0,4.0938016817975535e-20,3.9211052805665344e-20
0.006625000000000001,0.6625000000000001,320.0733772618429,99997.6425,0.0020159562389729926,4649.360116848702,0.001826176461946129,0.002920716166751441,-1.4965633203576316e-11,0.0,1.2307277665911232e-05,1.181774934214411e-05,2.7065915450984953e-09,1.7718323604348905e-09,0.7662524678999487,0.7880933125153753,0.23189376170701528,0.20880798951354176,1.1437415406781924e-05,0.00016346254167808874,1.3542528251719369e-06,8.481557203485839e-07,8.369122662487515e-21,6.035927710635576e-21,-7.433149824760429e-21,0.0,5.4289390312285e-13,1.5517984458862665e-11,4.0884340384916567e-08,7.362834476890948e-08,3.505386851229751e-07,5.938669026185809e-07,2.5886276330217892e-08,2.259735289093855e-08,1.847579882582159e-07,1.5650434442414615e-07,4.158311571767095e-28,7.044824774138664e-28,-1.7146693034795472e-14,0.0,-2.7931697771320177e-19,0.0,5.90603342375133e-20,1.2148751592297537e-19,-2.0131992162325664e-13,0.0,-4.910655156485892e-14,0.0,-2.200416975182234e-15,0.0,-1.1163105879153586e-14,0.0,-1.3525699405322459e-20,0.0,4.612859705683663e-10,2.1435391452014025e-10,9.746723115891122e-10,9.054859721294394e-10,1.5541797355271776e-09,1.4438575221176125e-09,3.124486760455478e-13,2.811325396320225e-13,2.4515531582427993e-14,2.2058386489025566e-14,7.88153675854214e-14,6.875166370042969e-14,8.952542344881043e-07,5.486675796519349e-07,9.93476819606465e-10,6.088645002226168e-10,9.90986774427212e-07,4.5313277363922494e-07,9.749952656487767e-18,6.2397652322535094e-18,3.1274985149112412e-21,2.0015334622452927e-21,1.5798055863681731e-34,1.0110424449067032e-34,1.8968966109606736e-14,8.811234562539057e-15,5.35643809042686e-22,2.4881077946872e-22,2.3447540216602897e-17,1.0891567604120687e-17,1.2321235427208433e-21,1.2674242938233674e-21,-2.0761943774677557e-20,0.0,-2.0678076227267743e-20,0.0,2.0014484130844164e-20,1.917749388428751e-20
0.006656250000000001,0.665625,314.4190190236213,99997.6425,0.0015115812048565652,2725.184218576716,0.0013848855966512713,0.0022155953372036677,-1.5401342129731665e-11,0.0,9.449438476921649e-06,9.076297180689444e-06,1.9241259014988653e-09,1.2599790514092289e-09,0.7664300382594277,0.7885118122543227,0.23216251865738105,0.20911254280241368,1.042676621741569e-05,0.00014906302107731942,9.438802042312826e-07,5.913201158048199e-07,6.311565478843265e-21,4.553350887891192e-21,-6.755907402678141e-21,0.0,3.14262999995978e-13,8.98552652191962e-12,3.113773833982499e-08,5.609253103397102e-08,2.627457751068705e-07,4.452652884749521e-07,1.8462529385673553e-08,1.6121636127786537e-08,1.2732194863512614e-07,1.0788383593447561e-07,1.5592698342650514e-28,2.642435381813164e-28,1.1521540673175809e-14,2.0724188561305267e-14,1.9238621861854659e-19,3.6928309969854534e-19,9.131318920344494e-20,1.878880646824506e-19,-2.18101410524406e-13,0.0,-4.5314301194555023e-14,0.0,-1.92210099591052e-15,0.0,-9.162686913401385e-15,0.0,9.88591314967384e-21,9.81748538603953e-21,3.0711101265185185e-10,1.4275341057192362e-10,7.324939859220078e-10,6.807021012760291e-10,1.1093082530006161e-09,1.0308732539692967e-09,3.578821123453355e-13,3.2210862158648844e-13,2.143479510172156e-14,1.9292197251652707e-14,8.320085358096254e-14,7.25988963606635e-14,6.33749449461322e-07,3.885173700294716e-07,7.670444443077234e-10,4.70233292433561e-10,6.591583615028013e-07,3.0149305445656537e-07,8.387458095815257e-18,5.369403439390055e-18,2.0406611503106457e-21,1.3063711167242045e-21,4.014888415579279e-35,2.5702132184880126e-35,1.8710719319701596e-14,8.693877493939576e-15,5.775279628998292e-22,2.683465703795118e-22,2.331242463471302e-17,1.0832045545543803e-17,9.443227587829672e-22,9.716685770858083e-22,-1.0994363558460185e-20,0.0,-1.8386859858025802e-20,0.0,4.703266162287737e-21,4.507927668127441e-21
0.006687500000000001,0.6687500000000001,310.00602589796864,99997.6425,0.0011327145040090872,1597.0049902034425,0.0010451233856540263,0.001672417766564307,-1.5806799953715596e-11,0.0,7.227160347324116e-06,6.943381994047556e-06,1.3612891185097084e-09,8.916222028008412e-10,0.7665733574158633,0.7888420810888943,0.232362948450981,0.20934158975827494,9.48422406391727e-06,0.00013561969120989395,6.54281046459897e-07,4.0998765305978765e-07,4.7393773463507714e-21,3.4199202446734876e-21,-6.128260255288366e-21,0.0,1.8654071978675697e-13,5.334879194134571e-12,2.3988317088388832e-08,4.322334923347983e-08,1.9800666253260931e-07,3.356321580193863e-07,1.3335755656173917e-08,1.1647593559186856e-08,8.70951054998497e-08,7.38154914535427e-08,6.287677814563496e-29,1.0657958913301801e-28,7.492185733719483e-14,1.347957426652536e-13,1.0591200580971353e-18,2.033439847714746e-18,1.3864865981084447e-19,2.85352722703716e-19,-2.3296896342786377e-13,0.0,-4.090289831674967e-14,0.0,-1.6537580312707396e-15,0.0,-7.354182807135852e-15,0.0,4.394241436587015e-20,4.3648372067230675e-20,2.0634161210389232e-10,9.593533249072595e-11,5.486251620409952e-10,5.099521333411702e-10,7.731659631014114e-10,7.18664872831486e-10,4.021811072816851e-13,3.6206345025301043e-13,1.8494546445041453e-14,1.664971122590868e-14,8.731738314351283e-14,7.620853470658771e-14,4.4442097953372087e-07,2.725135242940871e-07,6.101471394999285e-10,3.741347843153866e-10,4.3475054397079066e-07,1.9889705060371223e-07,7.892006864843553e-18,5.053401331824906e-18,1.4126931483809854e-21,9.045741545525009e-22,1.1447846864498864e-35,7.330272968881019e-36,1.8519522966305514e-14,8.607033452489187e-15,6.098178205092327e-22,2.834156360612829e-22,2.3206291161590178e-17,1.07852305212944e-17,7.207701578397846e-22,7.418142329503676e-22,-2.8544780111371495e-21,0.0,-1.6580585968370637e-20,0.0,-3.918716076238822e-21,0.0
0.006718750000000001,0.6718750000000001,306.60121224367316,99997.6425,0.0008513186159289428,940.4814595900477,0.000786759593563902,0.0012592050593201326,-1.6346115326248176e-11,0.0,5.516902116647435e-06,5.301220305027133e-06,9.619041129950569e-10,6.301435409327369e-10,0.766687385714975,0.7890996898352703,0.23251043812133776,0.20951170905369584,8.610028885626242e-06,0.00012314102373940102,4.529290630799295e-07,2.83866297340959e-07,3.551825940376698e-21,2.563442440216624e-21,-5.549269577777492e-21,0.0,1.131200548318251e-13,3.2356963124020824e-12,1.8667761104453438e-08,3.3642485600230096e-08,1.5003880733722478e-07,2.543692272696689e-07,9.735778524045744e-09,8.504846301270691e-09,5.9432863390783964e-08,5.037993770891149e-08,2.6180799510515117e-29,4.4385781645303744e-29,2.771921879646158e-13,4.987992972381734e-13,3.632457619066787e-18,6.975316184274367e-18,2.0217400058757152e-19,4.161681648319635e-19,-2.458257873415226e-13,0.0,-3.623497912367083e-14,0.0,-1.406531669937931e-15,0.0,-5.7980795639437206e-15,0.0,1.240399439502411e-19,1.2323183137131149e-19,1.401568208258123e-10,6.517532558296798e-11,4.1040255502369444e-10,3.8154077053298765e-10,5.289896353084276e-10,4.917881494375417e-10,4.4353189830970823e-13,3.993604795639884e-13,1.5746871275510786e-14,1.4178637631670725e-14,9.096911983934553e-14,7.94097992633196e-14,3.102190524430629e-07,1.90256358779917e-07,5.033965346625223e-10,3.0873149457800644e-10,2.860863432068791e-07,1.309069008601557e-07,7.869448971207404e-18,5.0398529546042106e-18,1.05289692812725e-21,6.743096897293502e-22,3.613786119789249e-36,2.3143870326581622e-36,1.834703214750304e-14,8.528383530833103e-15,6.324669932605084e-22,2.9399420275461517e-22,2.3083961838278813e-17,1.0730284788580914e-17,5.490007836980066e-22,5.651302240822878e-22,1.1762985321179126e-21,7.706633993993609e-22,-1.517090504416344e-20,0.0,-5.260487117820003e-21,0.0
0.006750000000000001,0.675,304.0017529998156,99997.6425,0.0006443076126724621,564.3526337233591,0.0005925092675662193,0.0009484365467283664,-1.7428344423520182e-11,0.0,4.213304922723089e-06,4.049134334808273e-06,6.820335403526842e-10,4.468606985328094e-10,0.7667769276484784,0.7892985619681618,0.23261764665904283,0.20963665581705537,7.803209083798097e-06,0.00011161694086778929,3.14837530591832e-07,1.973462424852502e-07,2.664296605886813e-21,1.9231501241800944e-21,-5.0174006724519706e-21,0.0,6.975485315537992e-14,1.995543945131797e-12,1.4659651427238735e-08,2.6422761512625618e-08,1.1438409855325464e-07,1.9394801612846424e-07,7.177556099220017e-09,6.270917679399755e-09,4.0722992476129545e-08,3.452465727953656e-08,-2.4622894771576965e-26,0.0,8.955592880928307e-13,1.6117508545927567e-12,1.1373870122415435e-17,2.1843907441102443e-17,2.81637467463988e-19,5.798193452361942e-19,-2.5670944030563034e-13,0.0,-3.1606744585790927e-14,0.0,-1.1863613191225701e-15,0.0,-4.511489450161091e-15,0.0,3.081264984212197e-19,3.061604659975205e-19,9.657109254206998e-11,4.4913286617732465e-11,3.0746657853517516e-10,2.8588247410113386e-10,3.575746257319144e-10,3.3247294443201367e-10,4.795695195979939e-13,4.31867496096497e-13,1.3234204430445214e-14,1.1917818995245107e-14,9.388159010270634e-14,8.19632673280956e-14,2.168730291841288e-07,1.3302552439547726e-07,4.3264130579013087e-10,2.6537341593090994e-10,1.8939571778665238e-07,8.667508785037383e-08,8.058617876924293e-18,5.161700778309418e-18,8.48965464215079e-22,5.437788172020007e-22,1.2460782503191666e-36,7.98137245460473e-37,1.8127737648752113e-14,8.427586688562059e-15,6.446835417659091e-22,2.9971343033505483e-22,2.2874738308395036e-17,1.0634467676414173e-17,4.1833772086917956e-22,4.306865572383341e-22,2.438472040155472e-21,1.5978046448438473e-21,-1.4080901467473288e-20,0.0,-3.663435017059142e-21,0.0
0.006812500000000001,0.68125,300.5002734337568,99997.6425,0.0003772491183709581,263.66318915925103,0.0003359256030037799,0.0005378182753504417,-2.415043804294468e-11,0.0,2.456486196608441e-06,2.3612008990515122e-06,3.45563384470893e-10,2.2645059377666798e-10,0.7669019017128077,0.7895713968633976,0.2327528959239311,0.20979685613014953,6.375802196165153e-06,9.12160000593325e-05,1.534193863437747e-07,9.618379821574525e-08,1.500263059524287e-21,1.0831219297528346e-21,-4.081712560948016e-21,0.0,2.7100550160647767e-14,7.754330228589664e-13,9.272984237283103e-09,1.6716809749703325e-08,6.76128843417502e-08,1.1466436444361345e-07,3.9410445457107e-09,3.4438574383623965e-09,1.9255778092863715e-08,1.6327890596453133e-08,-2.375052673815764e-25,0.0,5.498474213498011e-12,9.897490115651847e-12,6.591227817406624e-17,1.2660991083505994e-16,4.7741428471721515e-19,9.830531462363593e-19,-2.7370734250052423e-13,0.0,-2.301319126066815e-14,0.0,-8.238010051345192e-16,0.0,-2.6242797208429817e-15,0.0,1.1160306227486406e-18,1.1091122200783153e-18,4.707778202625977e-11,2.189893542204545e-11,1.7303167459947327e-10,1.609142647064493e-10,1.6053393186760595e-10,1.492917390223864e-10,5.275045414275344e-13,4.751212627258496e-13,8.904752593230704e-15,8.020475586632015e-15,9.638351811009376e-14,8.416294379771438e-14,1.0579784481714819e-07,6.490610862857119e-08,3.6176079669521053e-10,2.2193727677949796e-10,8.410219735803549e-08,3.84955736071694e-08,8.457896092415561e-18,5.418435711046896e-18,6.655680514659649e-22,4.263870895066907e-22,1.7708725070582279e-37,1.1344853054602885e-37,1.7286307351611957e-14,8.037873537931983e-15,6.350978580341086e-22,2.95310974359924e-22,2.1897940387175068e-17,1.0182213702041645e-17,2.4274794840530793e-22,2.499592287895159e-22,1.2399037338539863e-21,8.12593200935248e-22,-1.258171243782001e-20,0.0,-1.79532209975843e-21,0.0
0.006875000000000001,0.6875000000000001,298.4268075187686,99997.6425,0.00022602023595124686,409.8825349184891,0.00018831508498852448,0.0003015262506873144,-5.0120817736425746e-11,0.0,1.4181114279800557e-06,1.3632532298644007e-06,1.7287433393130363e-10,1.1329841424637887e-10,0.7669784579580695,0.7897367082919646,0.23282641080050429,0.20988610714122694,5.179751096496378e-06,7.411270192873108e-05,7.351685826701975e-08,4.609525136718336e-08,8.357241278707981e-22,6.034210280836207e-22,-3.30257047328923e-21,0.0,8.462667855345558e-15,2.4217039336477616e-13,5.923195385790582e-09,1.0679170091452275e-08,4.0020221257330923e-08,6.787753417134228e-08,2.138658486925975e-09,1.8690582113192164e-09,8.93305049380413e-09,7.575588303830828e-09,-4.1212164719644316e-26,0.0,2.4528692810158534e-11,4.415753837103416e-11,2.7556496939120254e-16,5.2938661309386e-16,6.767871071279135e-19,1.3937382899138993e-18,-2.8533053013058276e-13,0.0,-1.6122517572726882e-14,0.0,-5.610548879602493e-16,0.0,-1.4653485698561515e-15,0.0,2.8949828099592504e-18,2.8773516056914593e-18,2.269815881976194e-11,1.0559545023552436e-11,9.644133383943414e-11,8.969736995349086e-11,6.898274226280336e-11,6.415890683816871e-11,5.037813532954905e-13,4.538035813160985e-13,5.606806420241349e-15,5.0505815997505155e-15,8.764816267552474e-14,7.654353694185638e-14,5.047540190420286e-08,3.096963619846506e-08,3.656605013775205e-10,2.2435428491094816e-10,3.658511984882937e-08,1.6747712661159812e-08,7.803973230851918e-18,5.000056561178945e-18,5.388878727638864e-22,3.4526897571875623e-22,2.2731510363401412e-38,1.4564226987439947e-38,1.4858677562625137e-14,6.909818877937663e-15,5.501609741196358e-22,2.5584461799202043e-22,1.886970740342335e-17,8.775091853753029e-18,1.3942590774450352e-22,1.435835395891814e-22,6.223843173139427e-22,4.07935427761591e-22,-7.443777782648135e-21,0.0,-8.67899836786164e-22,0.0
0.006937500000000001,0.6937500000000001,297.2286317334911,99997.6425,0.0001408209889227354,507.6438176163936,0.00010550222373443009,0.00016893904617146417,-7.022517019216772e-11,0.0,8.181517991246334e-07,7.865538759175287e-07,8.660182644891311e-11,5.6760834300956505e-11,0.767024076335392,0.789835341853375,0.2328653061165134,0.2099349015423372,4.188571137283431e-06,5.9934661747540925e-05,3.5265433306812e-08,2.2112959984705647e-08,4.654729466720019e-22,3.3610916259865818e-22,-2.6603114771832874e-21,0.0,5.045336508765062e-15,1.4438839744833538e-13,3.812240313489286e-09,6.873692850300882e-09,2.3802268902313272e-08,4.037321515712537e-08,1.211361964858551e-09,1.0587263658623736e-09,4.143497854089108e-09,3.514083700440187e-09,-6.817981523245815e-31,0.0,4.226758183601063e-11,7.609677649179138e-11,1.5339716223731706e-15,2.947098691542807e-15,7.939450647638268e-19,1.635113918813508e-18,-2.9290520522614636e-13,0.0,-1.105266669929321e-14,0.0,-3.791759956775194e-16,0.0,-7.997147024913849e-16,0.0,2.8951880102298514e-18,2.8777437837691246e-18,1.09368649837641e-11,5.0883366129530035e-12,5.373676489425331e-11,4.9982321679424565e-11,2.9410181718554705e-11,2.7355371433317077e-11,3.5396869502379373e-13,3.1887398719820213e-13,3.2938130310406598e-15,2.96724345700325e-15,5.416045122502798e-14,4.730166095825746e-14,2.4013805245806066e-08,1.4734849673225026e-08,2.7446294636550437e-10,1.6841022129437118e-10,1.592548933409511e-08,7.29075009003115e-09,5.148033526781839e-18,3.298594420292133e-18,3.395928618088061e-22,2.1759359439017027e-22,6.070982363957392e-39,3.8899724423435054e-39,9.470530788718439e-15,4.40442513880512e-15,3.510451412820113e-22,1.6325928077438968e-22,1.2036347657656168e-17,5.597700211896227e-18,8.00278583393999e-23,8.241965201473019e-23,3.1288372597770857e-22,2.0508984888152458e-22,-4.398419803957559e-21,0.0,-4.2042732583021154e-22,0.0
0.007,0.7,296.55128612439444,99997.6425,9.244588679573933e-05,81.83768552083114,6.007903914121844e-05,9.620739892029454e-05,-3.502181042721743e-11,0.0,4.786535926863611e-07,4.6018555197177734e-07,4.454242095602304e-11,2.919527749592676e-11,0.7670506169767739,0.789893719278839,0.2328853939961739,0.20996126406677806,3.375079649841743e-06,4.829623320863942e-05,1.756113483599119e-08,1.101202791796697e-08,2.637073497664392e-22,1.9042554702041024e-22,-2.135707559267246e-21,0.0,2.7723671762291453e-15,7.934324850047214e-14,2.4792759212195642e-09,4.4704555958381625e-09,1.43579389360615e-08,2.4354776674181174e-08,7.070069527836295e-10,6.179460360647026e-10,1.989373181717982e-09,1.6872456338652296e-09,2.3685076654332746e-32,4.017601377160958e-32,2.2469506914580077e-11,4.0454745252958655e-11,8.637348621826991e-16,1.6594908944623032e-15,5.550295932380301e-19,1.1431172337506478e-18,-2.977133303506427e-13,0.0,-7.548593507210877e-15,0.0,-2.566024976897481e-16,0.0,-4.368493022239615e-16,0.0,9.078590663261565e-19,9.024244606714514e-19,5.444308193663005e-12,2.5330441280902476e-12,3.038957879686099e-11,2.8267451749295844e-11,1.2477372039748916e-11,1.1606067805324341e-11,1.5566993158397947e-13,1.4024133674452508e-13,1.8421791016279475e-15,1.6595989803962844e-15,6.313987638891122e-15,5.5146114087239114e-15,1.178151538196995e-08,7.229411583166317e-09,7.2233400169543e-11,4.43240926949302e-11,7.226015523590127e-09,3.3082276506415294e-09,1.926508440423295e-18,1.2344557875933853e-18,1.3009395166416386e-22,8.336077236569751e-23,1.6078805525150818e-39,1.0302874423820211e-39,3.508062264978884e-15,1.6315458248315532e-15,1.350945803572715e-22,6.283041231612912e-23,4.437187594291147e-18,2.063667730681987e-18,4.65982950707339e-23,4.7992865342105146e-23,1.6159163185984187e-22,1.0592467196777225e-22,-2.6298237444166485e-21,0.0,-2.1003734369324625e-22,0.0
0.007124999999999999,0.7124999999999999,295.93766192381105,99997.6425,4.522284635062417e-05,1.8584749893839791,2.0438700983699485e-05,3.2730791272029846e-05,1.9418583974260298e-10,3.2893863775891175e-10,1.704044103808043e-07,1.638363284791662e-07,1.2801104568994356e-11,8.390811300656178e-12,0.7670755346999486,0.7899516092798674,0.23290167522683275,0.20998451006949023,2.1640287552724873e-06,3.096777340591558e-05,5.456137452875241e-09,3.421509488031524e-09,8.897468451572603e-23,6.425207448240179e-23,-1.3594836726388844e-21,0.0,7.567609333411918e-16,2.1658862941687975e-14,1.0723736744315419e-09,1.9337075220056897e-09,5.423929266755782e-09,9.200761784189092e-09,2.3456806200231464e-10,2.0502813697081747e-10,5.127014080241217e-10,4.3485481554498644e-10,-1.1528453725768092e-26,0.0,-1.4545603472202864e-10,0.0,-9.658300748895643e-16,0.0,6.089693404471783e-20,1.2542606007543161e-19,-3.0316935046269187e-13,0.0,-3.3388071332968517e-15,0.0,-1.1418047661840783e-16,0.0,-1.3507482107385423e-16,0.0,-2.0779540898811877e-18,0.0,1.4359638346224863e-12,6.681304660323302e-13,1.0098488143150063e-11,9.393686417565944e-12,2.725296637080802e-12,2.5350905641206582e-12,-8.919804768209043e-14,0.0,5.219482394903446e-16,4.702366392794198e-16,-5.901648828218521e-14,0.0,3.1250048733847017e-09,1.917653840878141e-09,-6.78111568748059e-10,0.0,1.7171313911659671e-09,7.861723118804628e-10,-1.6736817075953597e-18,0.0,-9.173433711016988e-23,0.0,1.163381210448584e-40,7.454944061703307e-41,-2.9147852234681412e-15,0.0,-9.361331360820659e-23,0.0,-3.764714267671709e-18,0.0,1.645398892051924e-23,1.694710704785491e-23,4.697543542585205e-23,3.0794048894945793e-23,-9.708714059627968e-22,0.0,-5.797484023570178e-23,0.0
0.0072499999999999995,0.725,295.7139082404073,99997.6425,2.3931428644074623e-05,0.23442737437089417,6.603463741114755e-06,1.0575073638378969e-05,9.24307888789085e-12,1.5657498540279842e-11,5.7687494912001934e-08,5.54650545292533e-08,3.5010905398612633e-12,2.294923638273903e-12,0.7670850661747083,0.7899766827982345,0.23290691251879644,0.2099932878787525,1.355160106002655e-06,1.9393042514544567e-05,1.2261154661698345e-09,7.68904149706365e-10,2.850887936752083e-23,2.0587766398007762e-23,-8.448929677160861e-22,0.0,8.668058457309387e-17,2.4808880579728226e-15,4.4573326710901266e-10,8.037631280660751e-10,1.9576733014872597e-09,3.320919707589981e-09,6.585080439562925e-11,5.7559108429537704e-11,1.2437345407306204e-10,1.0549110886338487e-10,-8.714270058407213e-31,0.0,-1.9998936392150397e-11,0.0,-1.8551868764410393e-16,0.0,1.207399637247019e-20,2.4868625457686958e-20,-3.058678682969211e-13,0.0,-1.3500581206630069e-15,0.0,-4.75320359343543e-17,0.0,-3.923860583774551e-17,0.0,-9.634466558221129e-20,0.0,3.367005169824501e-13,1.5666426473386294e-13,3.2326480899344508e-12,3.0070906200302947e-12,5.711436565422607e-13,5.312922051818087e-13,-3.471268825347495e-14,0.0,1.5753582811668832e-16,1.4193083448431792e-16,-2.297825403714385e-14,0.0,7.791530551861234e-10,4.781351608344182e-10,1.518094674227194e-11,9.315941667585477e-12,3.845525512857873e-10,1.7606713680642137e-10,-5.402682174742649e-19,0.0,-2.858356516758676e-23,0.0,3.257704520217847e-42,2.087576610677097e-42,-9.130877110451672e-16,0.0,-2.916994293690836e-23,0.0,-1.1784931863949995e-18,0.0,5.523347279760205e-24,5.688989217357042e-24,1.2932052816179777e-23,8.477578861865568e-24,-3.4111469737516487e-22,0.0,-1.514219697576984e-23,0.0
0.007375,0.7374999999999999,295.6358985179936,99997.6425,1.3302738752826368e-05,0.038273403315718095,1.9898422322132417e-06,3.1866511616809744e-06,1.4883200233669198e-11,2.521194334728056e-11,1.8250765898713475e-08,1.7547818606127044e-08,8.887447280068528e-13,5.825674461147753e-13,0.7670886291138443,0.7899881332373214,0.23290853381946947,0.20999681808711357,8.275382006962126e-07,1.1842616612078106e-05,3.3030217132069025e-10,2.071364555473834e-10,8.51738276036441e-24,6.1509121961084185e-24,-5.117460135465061e-22,0.0,1.901517282450907e-17,5.442392904245728e-16,1.7533808005642487e-10,3.1617938851388613e-10,6.631558154911549e-10,1.1249624272613602e-09,1.6844229544080745e-11,1.472340988743401e-11,2.786265678714689e-11,2.363278831084687e-11,-2.1132545190106113e-25,0.0,-1.727369969907376e-11,0.0,-2.6764889693851776e-17,0.0,3.725403221468455e-21,7.673231553136194e-21,-3.0700652125272716e-13,0.0,-4.829217289019633e-16,0.0,-1.822441922246213e-17,0.0,-1.065846120149466e-17,0.0,-2.6412937007400235e-20,0.0,7.150153438918848e-14,3.326946375973757e-14,9.65697929112155e-13,8.98325368848481e-13,1.1592672030598153e-13,1.078390153264695e-13,-1.1595259744452341e-14,0.0,4.722674452323522e-17,4.254903384860576e-17,-7.868868045117463e-15,0.0,1.793618689145826e-10,1.1006831094872896e-10,-3.627985837985554e-11,0.0,7.957808154027792e-11,3.64351320237647e-11,-1.5063811192175476e-19,0.0,-7.745851744297773e-24,0.0,-3.298092042811202e-44,0.0,-2.463039863599366e-16,0.0,-7.819629069315895e-24,0.0,-3.177881640014813e-19,0.0,1.7320524889541683e-24,1.7840132968356507e-24,3.3038126969037254e-24,2.1658285005729256e-24,-1.1218860609777102e-22,0.0,-3.665808647347825e-24,0.0
0.0075,0.75,295.60978269016863,99997.6425,7.504255749939686e-06,0.0048764612722284805,5.13690003143488e-07,8.226580091022743e-07,5.343911497970422e-13,9.052563725353097e-13,4.997289807565554e-09,4.804839817596647e-09,1.8669659591882377e-13,1.2237928463713358e-13,0.7670899647105516,0.7899937574602882,0.23290902542535533,0.20999839074892168,4.908070180213247e-07,7.023809415400713e-06,5.4528838945412406e-11,3.419587320869002e-11,2.1762212213510968e-24,1.571588129855946e-24,-3.007682581324829e-22,0.0,2.708794659907827e-18,7.752968779195867e-17,6.244684542715248e-11,1.1260823425025652e-10,1.9732879010468968e-10,3.3474586726324794e-10,3.464819914708041e-12,3.0285883971345115e-12,5.028467202614743e-12,4.265111578120567e-12,-4.267926558861204e-26,0.0,-3.303737646489226e-12,0.0,-2.4913913229370213e-18,0.0,1.1652115001136814e-21,2.4000048327006467e-21,-3.074336519195202e-13,0.0,-1.415965312333797e-16,0.0,-6.055099917343932e-18,0.0,-2.521726681581585e-18,0.0,-1.3806992381779544e-21,0.0,1.1859804696396428e-14,5.51836359883359e-15,2.475243896156796e-13,2.302569238159417e-13,2.1582028938333584e-14,2.0076452267039687e-14,-3.095549162921935e-15,0.0,1.2526182271839141e-17,1.1285550705184026e-17,-2.1234534235775027e-15,0.0,3.3430629893592504e-11,2.0515356907655753e-11,3.084388269169719e-12,1.8927949124862716e-12,1.308387112691893e-11,5.9905331536030785e-12,-3.18276992958989e-20,0.0,-1.5895530120106356e-24,0.0,-4.230100974258672e-44,0.0,-4.9608180080385877e-17,0.0,-1.5614306911055815e-24,0.0,-6.400374175185594e-20,0.0,4.692112699329716e-25,4.832899995460716e-25,6.9896613708759e-25,4.582126958533915e-25,-3.219208711437434e-23,0.0,-7.27041142602971e-25,0.0
0.0075625,0.75625,295.6047113985519,99997.6425,5.647123065638882e-06,0.001685948185026539,2.387364391759007e-07,3.823293789836941e-07,2.169013861423151e-13,3.67430669745248e-13,2.4142889177435473e-09,2.3213165183379834e-09,7.541875678499019e-14,4.9436944765526996e-14,0.767090268197978,0.7899954220979079,0.2329091158402019,0.20999883168595831,3.74634461265658e-07,5.361303859508812e-06,2.1342682007258902e-11,1.3384346908685424e-11,1.004484479383908e-24,7.254035439040041e-25,-2.2846010981621462e-22,0.0,1.0001825847749941e-18,2.862674583567054e-17,3.562127761819837e-11,6.423472654556919e-11,1.0060671921500593e-10,1.7066815794195004e-10,1.3921628651156085e-12,1.2168873477561576e-12,1.823468790757196e-12,1.546656436127716e-12,-2.6758630118814248e-25,0.0,-1.6782781675659985e-12,0.0,-6.361684513445234e-19,0.0,6.138306714321846e-22,1.2643190520820353e-21,-3.0751733525933767e-13,0.0,-7.178876040280042e-17,0.0,-3.3311432125472046e-18,0.0,-1.1045623132610438e-18,0.0,-3.3889207505576276e-22,0.0,4.0377890572619725e-15,1.8787852633142894e-15,1.1452631992598546e-13,1.0653707013113479e-13,8.025829570229577e-15,7.465955147573702e-15,-1.4554197787333185e-15,0.0,5.9428670515951965e-18,5.354276409076611e-18,-1.0093563999350069e-15,0.0,1.2407777255110466e-11,7.61428711622363e-12,5.719209378811287e-13,3.50971019165676e-13,4.434169905646558e-12,2.030216213070444e-12,-1.2822624472315775e-20,0.0,-6.275794337402308e-25,0.0,-1.8197783994806525e-44,0.0,-1.930994620627632e-17,0.0,-6.038501262260272e-25,0.0,-2.4913400084756407e-20,0.0,2.25103461697762e-25,2.318581097033093e-25,2.837449130757109e-25,1.8601150639526963e-25,-1.6033218024178987e-23,0.0,-2.8207575100150736e-25,0.0
0.007625,0.7625,295.60226979965853,99997.6425,4.273047482105118e-06,0.0006022975043268975,1.1096223843508354e-07,1.7770298184001004e-07,-1.9456611121326262e-15,0.0,1.1668126752002803e-09,1.121881033533602e-09,3.042541153756012e-14,1.99438620735176e-14,0.7670904427902824,0.7899965963576139,0.23290915922862349,0.20999913515505614,2.8576565169715444e-07,4.089528803025168e-06,8.427080357960114e-12,5.284767344718282e-12,4.63659419251414e-25,3.3483903054830884e-25,-1.7342268808234956e-22,0.0,3.7631038239968883e-19,1.07705886873476e-17,2.0335720783490744e-11,3.667081012555503e-11,5.132791027076465e-11,8.707222531949471e-11,5.72522161750089e-13,5.004413416042467e-13,6.592218254922199e-13,5.591491161630344e-13,9.141131016689189e-26,1.5506935999565394e-25,-6.53249845675806e-13,0.0,-2.562001486640049e-19,0.0,3.2147269002208156e-22,6.621444272349052e-22,-3.0755787937439804e-13,0.0,-3.6687598761061653e-17,0.0,-1.848740421730131e-18,0.0,-4.821468127452104e-19,0.0,-6.375720979829735e-23,0.0,1.3668494209515205e-15,6.359965182626101e-16,5.300994488688383e-14,4.9312082400530314e-14,2.9647192342784817e-15,2.7579066435013557e-15,-6.755104960091595e-16,0.0,2.8237066432465113e-18,2.5440456208513913e-18,-4.773996244349883e-16,0.0,4.5931870542294295e-12,2.818707034769995e-12,-1.4503411043837328e-13,0.0,1.4968987138243177e-12,6.853665800713634e-13,-5.158094224161231e-21,0.0,-2.474911251473663e-25,0.0,-9.825894149989353e-45,0.0,-7.501009240559504e-18,0.0,-2.329804829282494e-25,0.0,-9.677691467970398e-21,0.0,1.0802721431095493e-25,1.1126891184672267e-25,1.1503768604740593e-25,7.541407519303615e-26,-7.989559600246898e-24,0.0,-1.092338383236229e-25,0.0
0.0076875,0.7687499999999999,295.6011090317012,99997.6425,3.247948470142274e-06,0.0002291922489499477,5.2352626412179095e-08,8.384137379421099e-08,-7.720468664565924e-14,0.0,5.718709613846476e-10,5.49849858559885e-10,1.2494868166216697e-14,8.190395708263776e-15,0.7670905477263302,0.7899974422732583,0.23290918113272865,0.20999935104090398,2.1817273199013028e-07,3.1222244504688e-06,3.6540843976084405e-12,2.291541449142684e-12,2.1728659334326815e-25,1.5691711889905582e-25,-1.317746136298399e-22,0.0,1.50593587129985e-19,4.310226814616899e-18,1.1716331593948699e-11,2.112773759577248e-11,2.6517727634360536e-11,4.498448699537011e-11,2.535215781206879e-13,2.21603294429442e-13,2.4287429008183704e-13,2.0600512031693192e-13,-2.841082560211101e-31,0.0,-6.447076680078026e-14,0.0,-5.861077316412296e-19,0.0,1.67777650785542e-22,3.455756700015574e-22,-3.0757732934267934e-13,0.0,-1.9219287464036694e-17,0.0,-1.047206482110418e-18,0.0,-2.1228098903581184e-19,0.0,-3.084035136645504e-24,0.0,4.70373558509717e-16,2.188655314308662e-16,2.4920608841002712e-14,2.3182221128977117e-14,1.0936321640037746e-15,1.017343629983206e-15,-3.090501487740247e-16,0.0,1.3619497411484541e-18,1.227062846350995e-18,-2.277939837754128e-16,0.0,1.7327537095851427e-12,1.063342201128077e-12,-5.099791583265771e-13,0.0,5.153561610021225e-13,2.3595999930661483e-13,-2.1074610877772104e-21,0.0,-9.906955046666462e-26,0.0,-6.094644249743918e-45,0.0,-2.9590982034451345e-18,0.0,-9.121909590035537e-26,0.0,-3.817818962573196e-21,0.0,5.258323786939353e-26,5.41612144779046e-26,4.747338912882262e-26,3.1121671551841943e-26,-4.034195859880622e-24,0.0,-4.3086327308434224e-26,0.0
0.00775,0.775,295.60056384902884,99997.6425,2.481043832516525e-06,0.0009806708069048245,2.5803235961860497e-08,4.1323242111595555e-08,-1.0330139748679303e-13,0.0,2.915477683352661e-10,2.803212989132164e-10,5.447991581371747e-15,3.571165162804004e-15,0.7670906138335479,0.7899980599438701,0.23290919300122256,0.2099995078353417,1.6704713154429472e-07,2.3905783118318882e-06,1.9113043837904975e-12,1.1986138763609838e-12,1.06456528290085e-25,7.687940186073936e-26,-1.004361154702799e-22,0.0,9.121146223749104e-19,2.610618229713224e-17,6.904711974622578e-12,1.2451085315536862e-11,1.4169032580460222e-11,2.4036264119668827e-11,1.3105609867743778e-13,1.1455625845215543e-13,9.6207570680636e-14,8.160298051613215e-14,8.158562048948391e-34,1.3840137012294206e-33,2.7606149852872326e-13,4.970687823313979e-13,-2.758373015604835e-18,0.0,8.816268392869085e-23,1.8159093073774325e-22,-3.075866250596586e-13,0.0,-1.0578286466579276e-17,0.0,-6.153976967922284e-19,0.0,-9.688856572718657e-20,0.0,6.748627497841793e-24,6.708765315460417e-24,1.7423969482836438e-16,8.107405113453009e-17,1.225284106677882e-14,1.1398127168099652e-14,4.099042308105274e-16,3.813107934769559e-16,-1.3888379393967915e-16,0.0,6.846709736468552e-19,6.168618949898189e-19,-1.1244876345055647e-16,0.0,7.010399057503932e-13,4.302087659259602e-13,-6.746040791585329e-13,0.0,1.923664129871344e-13,8.807658409375296e-14,-9.092127223018415e-22,0.0,-4.1826488296771976e-26,0.0,5.416325457244929e-44,3.470915937148048e-44,-1.2354919548471396e-18,0.0,-3.7759445338266146e-26,0.0,-1.5940777599897473e-21,0.0,2.6644528649456083e-26,2.7444126555558816e-26,2.0787598084502874e-26,1.3627534538386478e-26,-2.111945605587034e-24,0.0,-1.8130070779691447e-26,0.0
0.007875,0.7875,295.6001645665702,99997.6425,1.4615242810241317e-06,5.3929424445709895,7.181683455883504e-09,1.1501298443307593e-08,-6.702348039142358e-12,0.0,8.548814248504534e-11,8.219637336148596e-11,1.2638466298797903e-15,8.284537789895134e-16,0.7670906892699522,0.7899988653771609,0.23290920485731542,0.20999971197622005,9.859871854621934e-08,1.4110279720788907e-06,-1.9558456690130736e-11,0.0,2.935988958866212e-26,2.1202765728210465e-26,-5.877339031793561e-23,0.0,-1.1378624383717815e-19,0.0,2.5568533636026026e-12,4.610710600733145e-12,4.473213967438475e-12,7.588341040301786e-12,2.388396424958187e-14,2.0877014724969946e-14,1.9437343930936694e-14,1.648671355084429e-14,2.089227015562124e-39,3.544155772583292e-39,5.69253436123644e-12,1.0249831088370717e-11,-1.399794707581007e-19,0.0,2.8578899760936304e-23,5.88647436363863e-23,-3.0929336830147864e-13,0.0,-3.389709501549542e-18,0.0,-2.216120278796509e-19,0.0,-2.413485471166757e-20,0.0,4.056469025303147e-23,4.032512355773989e-23,2.99644173486344e-17,1.3942511461759716e-17,3.4127065697345318e-15,3.1746514208748134e-15,7.771909906898192e-17,7.229776227366848e-17,-1.2791077215536127e-17,0.0,1.9653882249861947e-19,1.770739915017651e-19,-2.986324132610536e-17,0.0,1.4600412592901906e-13,8.959876917600958e-14,2.0460007403040406e-11,1.2555751208946546e-11,3.580742612163132e-14,1.639474705733466e-14,-1.8466373802892295e-22,0.0,-8.001115242988275e-27,0.0,-1.8008991780189284e-46,0.0,-2.2908166278326315e-19,0.0,-6.802008632597696e-27,0.0,-2.9573978170627166e-22,0.0,7.7390365063358e-27,7.971291057400987e-27,4.849385612907706e-27,3.1790700656561394e-27,-6.454988430337498e-25,0.0,-3.993119636393659e-27,0.0
0.008,0.8,295.6000472829132,99997.6425,8.589657493589886e-07,7.6125546531534285,1.9673100204407566e-09,3.15060279388908e-09,-7.963947874148477e-12,0.0,2.469873423243025e-11,2.37477084399987e-11,2.878426073360162e-16,1.8868145836715895e-16,0.7670907293546907,0.7899993355962762,0.2329092106550882,0.2099998312250216,5.799619906012875e-08,8.299732976997359e-07,-2.205632311086209e-11,0.0,7.967970154415072e-27,5.754214290637566e-27,-3.4272643268780553e-23,0.0,1.6098548404367415e-21,4.607669303810402e-20,9.375157146147304e-13,1.690599880409649e-12,1.3936889643420128e-12,2.36424928133068e-12,5.196235353936312e-15,4.542040834016479e-15,3.836351737924294e-15,3.253987105939875e-15,1.466717623636794e-41,2.4881348538448776e-41,7.259873402242144e-12,1.3071948586837275e-11,-1.323135501321326e-19,0.0,9.21700803616937e-24,1.8984534543612042e-23,-2.4950205232808784e-13,0.0,-1.0086497066972349e-18,0.0,-7.506422100780906e-20,0.0,-5.909894077240224e-21,0.0,1.4934723325641543e-23,1.4846529990610952e-23,4.65302356195809e-18,2.1650636090807742e-18,9.373261920727925e-16,8.719429820167549e-16,1.450345519327491e-17,1.3491766343160522e-17,4.3638694527924624e-18,3.931682260708526e-18,5.55714036212093e-20,5.006774473520739e-20,-7.672490598016353e-18,0.0,2.975829643247666e-14,1.826186872360838e-14,2.2645589491465523e-11,1.3896991160103538e-11,6.509292242209361e-15,2.9803386988619566e-15,-2.6075114645414332e-23,0.0,-8.807020588562547e-28,0.0,-2.679859233727584e-47,0.0,-2.2293649145949648e-20,0.0,-5.504941628269242e-28,0.0,-2.890631689636884e-23,0.0,2.214369066616193e-27,2.280825256223339e-27,1.109474456484747e-27,7.273290329609917e-28,-1.9456530500546148e-25,0.0,-8.615938103917834e-28,0.0
0.008125,0.8125,295.60001376568925,99997.6425,5.074612681987287e-07,1.5640089375030053,5.456880069803142e-10,8.739073584078687e-10,-3.6099405601540457e-12,0.0,7.228565064930839e-12,6.950231063578693e-12,6.620569499461475e-17,4.339799152809421e-17,0.767090751432976,0.7899996081882913,0.23290921373861337,0.20999990042223352,3.427438914496852e-08,4.904948469592819e-07,-8.370686771837497e-12,0.0,2.1894171528222075e-27,1.5811278417583427e-27,-2.008426492098257e-23,0.0,4.5173439211027075e-22,1.2929385296245226e-20,3.4830715222717413e-13,6.280942356032855e-13,4.4003838334301755e-13,7.464798726481258e-13,1.1388601531343973e-15,9.954804975963961e-16,7.611049496470292e-16,6.455681451787014e-16,1.5280319847841908e-42,2.5921491501226898e-42,4.010926691579386e-12,7.221977736419744e-12,-8.823009459640816e-20,0.0,2.979924868986889e-24,6.1378382532510006e-24,-1.4441964465607466e-13,0.0,-2.846264570732527e-19,0.0,-2.4349670997219998e-20,0.0,-1.4453797885510307e-21,0.0,2.4145878399991628e-24,2.4003298445943304e-24,7.496773489612027e-19,3.48826873218156e-19,2.600417908452938e-16,2.419026462592993e-16,2.665405643521545e-18,2.4794809958293334e-18,2.2946364003379926e-18,2.067381753948951e-18,1.5915245587469938e-20,1.4339042269313524e-20,-2.0580466341336707e-18,0.0,6.1162108588439944e-15,3.753355820250715e-15,8.421229770555912e-12,5.1678845779621695e-12,1.1910447175192828e-15,5.453308369463586e-16,-3.002480217041551e-24,0.0,-3.082661613634615e-29,0.0,-9.5042476740494e-49,0.0,2.6068316453345962e-22,1.2124964054990754e-22,5.249406100140894e-29,2.4416176007441382e-29,2.8544276731468588e-25,1.327658922524483e-25,6.417873049311392e-28,6.61048412949155e-28,2.5645732760074123e-28,1.6812367151235693e-28,-5.942262479203981e-26,0.0,-1.8765333901992618e-28,0.0
0.00825,0.8250000000000001,295.60000441817465,99997.6425,3.050884685028821e-07,0.020716051748028295,1.6747133431536243e-10,2.6820171258352833e-10,-6.663319135769968e-13,0.0,2.3267822573251084e-12,2.2371905239931326e-12,1.712997030380145e-17,1.1228738576601933e-17,0.7670907637779898,0.7899997646350976,0.23290921544291798,0.2099999401664371,2.060851198215016e-08,2.949248993793162e-07,-4.471384749447835e-13,0.0,6.663235378275464e-28,4.811978784410028e-28,-1.1983895132001272e-23,0.0,4.6774614561721445e-23,1.3387670594626515e-21,1.3846398416734422e-13,2.4968894712948917e-13,1.5149669286417907e-13,2.5699860933096795e-13,2.753057241641436e-16,2.406454632649382e-16,1.720035168136846e-16,1.4589316699072564e-16,6.228752525354444e-44,1.0566440142148781e-43,1.3407156882712075e-12,2.4140607290464875e-12,-3.00258838686574e-20,0.0,1.0136083968313187e-24,2.0877591876745694e-24,-7.088046224131884e-14,0.0,-8.685245672532345e-20,0.0,-8.40810480380865e-21,0.0,-3.76331602253324e-22,0.0,2.5991218002624106e-25,2.58377461305797e-25,1.5498478520476597e-19,7.211484771484026e-20,7.967639803269316e-17,7.411860598474969e-17,4.808261488756656e-19,4.472863326609826e-19,7.540129695767801e-19,6.793376671482473e-19,5.025273242147651e-21,4.527584456563471e-21,-6.258382947298079e-19,0.0,1.4349656653598092e-15,8.806003972331098e-16,3.3369349011256884e-13,2.0477885083999528e-13,2.5159439966276616e-16,1.1519484321927506e-16,-1.8299816933902813e-24,0.0,-6.991422898036943e-29,0.0,-2.127465633673651e-48,0.0,-1.7681382258381943e-21,0.0,-4.766642470022822e-29,0.0,-2.286882659591246e-24,0.0,2.048015305838478e-28,2.109480046638684e-28,6.688005650687107e-29,4.384402973331212e-29,-1.9864263319919918e-26,0.0,-4.638890963119799e-29,0.0
0.0085,0.8500000000000001,295.6000006651643,99997.6425,1.1580818858476805e-07,5.808774067280299e-09,2.3815725508534086e-11,3.8140374771124715e-11,-8.920039257446134e-14,0.0,3.520664159581842e-13,3.3851031014331555e-13,1.9671149960263533e-18,1.2894490419783741e-18,0.7670907751442452,0.7899999107074365,0.23290921700804512,0.20999997729532882,7.823314066038443e-09,1.119581320656072e-07,-8.610371139004964e-15,0.0,9.373660827903997e-29,6.769363852130003e-29,-4.490809262616491e-24,0.0,-5.257341253172502e-23,0.0,2.7883838118782898e-14,5.028229837420964e-14,2.50568343171181e-14,4.2506358041622087e-14,2.010242058931699e-17,1.7571582112732928e-17,1.6550877161985365e-17,1.4038435614941854e-17,-1.5906467813966522e-44,0.0,2.949387543850438e-13,5.310597852800642e-13,-6.362555716135447e-21,0.0,1.6665566811307932e-25,3.4326566605748485e-25,-1.634287566672742e-14,0.0,-1.1160945349229661e-20,0.0,-1.2867591113415832e-21,0.0,-4.408452374241212e-23,0.0,8.653043932162255e-27,8.601951258307063e-27,1.3905773543592014e-20,6.470395856542129e-21,1.1268814304196414e-17,1.0482764909185725e-17,3.674829853573846e-20,3.4184942973038975e-20,1.119211546165409e-19,1.008368185713244e-19,7.414991559561018e-22,6.6806329970514145e-22,-9.082883911307937e-20,0.0,1.4585744405099341e-16,8.950886290683854e-17,-5.9498166213047956e-15,0.0,2.2547752180594036e-17,1.0323700458542451e-17,-2.3812941834043043e-25,0.0,-9.479859645050134e-30,0.0,-2.884065897737906e-49,0.0,-2.417254573417451e-22,0.0,-6.710251600195131e-30,0.0,-3.1229878554863474e-25,0.0,3.063928908087173e-29,3.155883638569359e-29,7.739476463822781e-30,5.073708241857763e-30,-3.1591410115874546e-27,0.0,-5.025547148961864e-30,0.0
0.00875,0.8750000000000001,295.6000000967285,99997.6425,4.296812016861643e-08,2.856180023067048e-10,3.2707290247961957e-12,5.238002885912553e-12,-1.301818555236034e-14,0.0,5.1469774988226614e-14,4.9487965465254043e-14,2.1793386436731546e-19,1.4285622934093526e-19,0.7670907794875603,0.7899999668770963,0.23290921760632438,0.20999999157690322,2.9027366726024087e-09,4.154057912877424e-08,-9.493744108691581e-17,0.0,1.2733757905514588e-29,9.195921176446719e-30,-1.6444334671457879e-24,0.0,-8.041868944569436e-23,0.0,5.439193777079472e-15,9.808376492015811e-15,4.007017795049868e-15,6.797496525926185e-15,-2.8916466491902747e-18,0.0,1.5068314215518833e-18,1.278092820776688e-18,-4.0874647345737285e-45,0.0,6.511264913732635e-14,1.1724031250071206e-13,-1.356618855652044e-21,0.0,2.670091147704414e-26,5.499666987665889e-26,-3.483138421522467e-15,0.0,-1.3480355887996035e-21,0.0,-1.859641746202308e-22,0.0,-5.048356879833162e-24,0.0,2.7911779457887094e-28,2.7746973668830025e-28,1.2030735174859395e-21,5.597935553641238e-22,1.5375785923652458e-18,1.430325811820905e-18,2.759222236475813e-21,2.5667545093162066e-21,1.595186726426313e-20,1.4372043033080268e-20,1.056899019639767e-22,9.522269675546194e-23,-1.2833465785340432e-20,0.0,1.4288051960207075e-17,8.768200869850527e-18,-1.3893548434015559e-15,0.0,1.9462482240404985e-18,8.91108117423997e-19,-2.6928358563864396e-26,0.0,-1.0617532423083833e-30,0.0,-3.2304502376979804e-50,0.0,-2.6462383750651637e-23,0.0,-7.272898153627917e-31,0.0,-3.4182116810645644e-26,0.0,4.4283726423719686e-30,4.561277399484382e-30,8.637678991437987e-31,5.662536240286291e-31,-4.856195864442999e-28,0.0,-5.248778621593051e-31,0.0
0.009000000000000001,0.9000000000000001,295.6000000136842,99997.6425,1.5658379443452392e-08,3.284055327367886e-08,4.3698644884372233e-13,6.998245097496145e-13,-1.8829030146597297e-15,0.0,7.322860429118222e-15,7.040898721559505e-15,2.3465054559868383e-20,1.5381406224637923e-20,0.7670907811115554,0.7899999879304068,0.23290921783016882,0.20999999693059224,1.0578186224708584e-09,1.5138265790148443e-08,5.908729375340604e-18,3.705480310131745e-18,1.6827507176441442e-30,1.2152298994150605e-30,-5.913006873636921e-25,0.0,3.1605203049039364e-23,9.045935738783016e-22,1.0346428332606588e-15,1.8657483274657574e-15,6.239684584671463e-16,1.0584988012808748e-15,1.37660281312763e-18,1.2032924809400212e-18,1.2849214525389399e-19,1.0898690461003172e-19,2.39037944744999e-46,4.055034746384503e-46,1.4057561061204243e-14,2.5311716142436216e-14,-2.8303703449725774e-22,0.0,4.1905984625178635e-27,8.631501815243035e-27,-7.124741799248602e-16,0.0,-1.5712162277430084e-22,0.0,-2.598977265038486e-23,0.0,-5.701053323250376e-25,0.0,8.65645349810639e-30,8.605341466398403e-30,1.0104985248160977e-22,4.7018787094283324e-23,2.0402955051684366e-19,1.897976084519238e-19,2.0423988240419578e-22,1.899932687820058e-22,2.2116682947189917e-21,1.9926314681423806e-21,1.4658456129068962e-23,1.3206727711796658e-23,-1.767713995131158e-21,0.0,1.3594244307030227e-18,8.342429605803217e-19,-1.4793646124907766e-16,0.0,1.6308819676096598e-19,7.467147189136217e-20,-2.9030244132737565e-27,0.0,-1.1273508011383742e-31,0.0,-3.430093214141268e-51,0.0,-2.722196590852952e-24,0.0,-7.362752332804608e-32,0.0,-3.5161964712611994e-27,0.0,6.228451406160269e-31,6.415380462303272e-31,9.36838567757247e-32,6.141560107321304e-32,-7.267072321120292e-29,0.0,-5.32581817373188e-32,0.0
0.009250000000000001,0.9250000000000002,295.60000000189297,99997.6425,5.630584307740756e-09,7.112201991784872e-13,5.718546243769702e-14,9.158130345151317e-14,-2.6751092625266666e-16,0.0,1.0207638228136412e-15,9.814600222645528e-16,2.4726019816339758e-21,1.6207972479632401e-21,0.7670907817072478,0.7899999956600421,0.23290921791231023,0.20999999889628956,3.803810569602442e-10,5.443569881782863e-09,8.554716681796174e-19,5.364830997504417e-19,2.1779935282949775e-31,1.5728787706972502e-31,-2.097672642957723e-25,0.0,-9.126849971108733e-24,0.0,1.9312432565615114e-16,3.4825678895978853e-16,9.523767529466116e-17,1.615609966758435e-16,-5.652920898582802e-19,0.0,9.912071545668511e-21,8.407408901392223e-21,-1.1879029041369234e-47,0.0,2.9773945147811704e-15,5.361027076668819e-15,-5.800946398225013e-23,0.0,6.476987012335628e-28,1.3340845265399306e-27,-1.4224966286147032e-16,0.0,-1.789096408412753e-23,0.0,-3.552483108323743e-24,0.0,-6.41910708389014e-26,0.0,2.3019920421633574e-31,2.2883999502244125e-31,8.299886069911635e-24,3.861960903053272e-24,2.6514968765235192e-20,2.4665435435222082e-20,1.4954187935939164e-23,1.391106888663207e-23,3.003511829322445e-22,2.7060532785350856e-22,1.9916179342352123e-24,1.794374234824392e-24,-2.3863328633924184e-22,0.0,1.2652866130214282e-19,7.764730688207469e-20,-1.405797986303715e-17,0.0,1.3364061605748278e-20,6.118861937014855e-21,-3.0506712604764735e-28,0.0,-1.1682133524211635e-32,0.0,-3.554721034915532e-52,0.0,-2.7209111288450612e-25,0.0,-7.234844271674948e-33,0.0,-3.5145053411162804e-28,0.0,8.582401219061062e-32,8.839977388587894e-32,9.94425353716228e-33,6.519077402766002e-33,-1.0657204848423664e-29,0.0,-5.287555235653244e-33,0.0
0.009500000000000001,0.9500000000000002,295.6000000002546,99997.6425,2.0067247128587477e-09,3.673753971110258e-14,7.377022192372351e-15,1.1814144388592889e-14,-3.748809659659307e-17,0.0,1.4029343133925856e-16,1.3489153084841892e-16,2.5668232984361796e-22,1.6825595799719688e-22,0.767090781922436,0.7899999984532695,0.2329092179419892,0.20999999960664253,1.3556687024374768e-10,1.9400748820827756e-09,8.688121570049405e-20,5.448491843101867e-20,2.7787911517701365e-32,2.0067560202851964e-32,-7.374727885227239e-26,0.0,-1.9441761901921767e-27,0.0,3.5583549485147655e-17,6.416702133056101e-17,1.433710024335974e-17,2.4321427472186652e-17,-4.854508458689454e-20,0.0,6.172957868817762e-22,5.235896539289755e-22,-6.736079557566964e-52,0.0,6.218811751082639e-16,1.1197447340375923e-15,-1.1749601571209865e-23,0.0,9.930427772544549e-29,2.0454001299011167e-28,-2.774065810983569e-17,0.0,-2.006241322243593e-24,0.0,-4.7854413098982715e-25,0.0,-7.317652633428203e-27,0.0,7.269355295404715e-33,7.22643347397732e-33,6.712250128674957e-25,3.123229335257112e-25,3.396610970547004e-21,3.1596827289179174e-21,1.0879093498078167e-24,1.012022987920368e-24,4.0222654850869733e-23,3.623912725173017e-23,2.667795954524221e-25,2.4035856766815015e-25,-3.176274715924001e-23,0.0,1.1598436115385165e-20,7.117654783247085e-21,-1.2937803883646282e-18,0.0,1.0782329826909347e-21,4.936791652965866e-22,-3.1553246285485904e-29,0.0,-1.1940690149581427e-33,0.0,-3.633615375558778e-53,0.0,-2.67462057680867e-26,0.0,-6.992031163741869e-34,0.0,-3.4547058386211536e-29,0.0,1.1659722396153909e-32,1.2009655578186574e-32,1.0399088048229953e-33,6.817249768614986e-34,-1.541246599872578e-30,0.0,-5.170895853528877e-34,0.0
0.009750000000000002,0.9750000000000002,295.60000000003043,99997.6425,7.117580575668295e-10,3.946078811539201e-15,9.43862813025888e-16,1.5115762537100817e-15,-5.21164081981208e-18,0.0,1.9126725817043735e-17,1.8390264632854474e-17,2.6417510771717216e-23,1.7316749425934376e-23,0.767090781999321,0.7899999994513981,0.23290921795259426,0.20999999986048162,4.808374745687749e-11,6.881184954575179e-10,8.329926175011742e-21,5.223860474909044e-21,3.516232064139844e-33,2.539312775321568e-33,-2.5800943930459775e-26,0.0,1.8834849839606727e-30,5.390847934812818e-29,6.50843595316494e-18,1.1736517440325442e-17,2.141385859086538e-18,3.632642587293312e-18,-4.66972747330082e-21,0.0,1.8271565718545792e-23,1.549792333877452e-23,1.1868520046583896e-55,2.0133733108593734e-55,1.285110092741392e-16,2.3139392512228634e-16,-2.368666429541016e-24,0.0,1.5465842782948847e-29,3.185546242180189e-29,-5.0111494972557185e-18,0.0,-2.230368253745444e-25,0.0,-6.393602189776687e-26,0.0,-8.669477986594486e-28,0.0,2.049519182075489e-34,2.037417822939489e-34,5.379633881579006e-26,2.5031591566674429e-26,4.315420614271702e-22,4.0144014480986443e-22,8.137186100868389e-26,7.569582338913476e-26,5.3439874899609825e-24,4.814735467453471e-24,3.5445834578168124e-26,3.1935388553508905e-26,-4.193504746227786e-24,0.0,1.0538447081702876e-21,6.46716743706789e-22,-1.176433620936599e-19,0.0,8.621329437725594e-23,3.9473571981558784e-23,-3.234659023142282e-30,0.0,-1.2128085068048118e-34,0.0,-3.6908153513480397e-54,0.0,-2.6051781225646255e-27,0.0,-6.706068633699753e-35,0.0,-3.365008126947456e-30,0.0,1.571259270400083e-33,1.618416120242509e-33,1.0781456630063676e-34,7.067916192385881e-35,-2.211275772091099e-31,0.0,-5.012877258506865e-35,0.0
0.01,1.0,295.6,99997.6425,2.5208982307774114e-10,9.998134143434304e-16,1.2044858109607255e-16,1.9289584518049956e-16,-7.226823880382647e-19,0.0,2.6009544944118173e-18,2.500806563942718e-18,2.7113585286669958e-24,1.7773028151634237e-24,0.7670907820266111,0.7899999998056969,0.23290921795635863,0.20999999995058544,1.703026514472876e-11,2.4371728605350097e-10,7.88078500015315e-22,4.942195215853341e-22,4.437726106103417e-34,3.204786940595736e-34,-9.013516653537793e-27,0.0,8.151459457817639e-31,2.333083553956727e-29,1.1877034352188689e-18,2.1417591242267385e-18,3.190424825321716e-19,5.412230144151028e-19,-4.479368670383979e-22,0.0,1.601877367219439e-24,1.358710743674096e-24,2.3131010398406186e-56,3.9239398699921067e-56,2.609834893861664e-17,4.6992078240773216e-17,-4.891909279862568e-25,0.0,2.8044808056296966e-30,5.7764736268873114e-30,-5.079895383978415e-19,0.0,-2.472677727000792e-26,0.0,-8.518683493595138e-27,0.0,-1.1551004419509926e-28,0.0,2.750796116646082e-35,2.7345540781745936e-35,4.299070431668899e-27,2.0003698685671566e-27,5.468436056748757e-23,5.0869891017138204e-23,1.0855474909839621e-26,1.0098258805116918e-26,7.081995348291419e-25,6.380616395882936e-25,4.697374612073694e-27,4.232161134450992e-27,-5.522236121827398e-25,0.0,9.548174435181625e-23,5.859463195802221e-23,-1.0658869640755091e-20,0.0,6.87341685048623e-24,3.1470588947884168e-24,-3.3065918378974676e-31,0.0,-1.2397790713508133e-35,0.0,-3.7728920963874566e-55,0.0,-2.5301572382627785e-28,0.0,-6.512953814097811e-36,0.0,-3.268106572076438e-31,0.0,2.1119813430645048e-34,2.1753664191957465e-34,1.1147068197836862e-35,7.307597345052508e-36,-3.1645997056685746e-32,0.0,-4.8460875901087544e-36,0.0
